biomarkerid	biomarkername	synonym	gene_id	biomarker_type	molecular_type	use_development	use_refid	confidence	with_condition	identity_method	source	development_stage	disease_subtype	population	sample_size	refid	displayorder	title	url
LCBD-1283	Tumor infiltrating lymphocytes (TIL)	TIL	7096	Predictive	Cell				the abundance of tumor infiltrating lymphocytes	assessing lymphocytic infiltration of CD8 + T cells in the tumor tissue		Research	Non–Small-Cell Lung Cancer (NSCLC)			1	1	Effect and biomarker of Nivolumab for non-small-cell lung cancer	https://pubmed.ncbi.nlm.nih.gov/31387181
LCBD-0039	Histologic subtype			Predictive	Tumor Histology							Research	Non–Small-Cell Lung Cancer (NSCLC)			2	1	A systematic review and Canadian consensus recommendations on the use of biomarkers in the treatment of non-small cell lung cancer	https://pubmed.ncbi.nlm.nih.gov/21709590
LCBD-0671	TGF-a (transforming growth factor)	TGF-a		Predictive	Small Molecular Compound			Potential				Research	Non–Small-Cell Lung Cancer (NSCLC)			7	1	Which biomarker predicts benefit from EGFR-TKI treatment for patients with lung cancer?	https://pubmed.ncbi.nlm.nih.gov/17325698
LCBD-0270	miR-25		407014	Prognostic	RNA				Patients exhibiting large amounts of two or more high-risk miRNAs in the serum had a significantly increased probability of shorter survival times	Solexa SEQ (sequencing-based approaches) uencing, Quantitative RT-PCR (reverse transcriptase)		Research	Non–Small-Cell Lung Cancer (NSCLC)		152	15	1	"Serum microRNAs as non-invasive biomarkers
for cancer"	https://pubmed.ncbi.nlm.nih.gov/21110877
LCBD-0310	miR-1		79187	Prognostic	RNA				Downregulated	Solexa SEQ (sequencing-based approaches) uencing, Quantitative RT-PCR (reverse transcriptase)		Approved	Non–Small-Cell Lung Cancer (NSCLC)		243	15	1	"Serum microRNAs as non-invasive biomarkers
for cancer"	https://pubmed.ncbi.nlm.nih.gov/21110877
LCBD-0548	miR-486		619554	Prognostic	RNA				Patients exhibiting large amounts of two or more high-risk miRNAs in the serum had a significantly increased probability of shorter survival times	Solexa SEQ (sequencing-based approaches) uencing, Quantitative RT-PCR (reverse transcriptase)		Approved	Non–Small-Cell Lung Cancer (NSCLC)		243	15	1	"Serum microRNAs as non-invasive biomarkers
for cancer"	https://pubmed.ncbi.nlm.nih.gov/21110877
LCBD-0738	miR-223		407008	Prognostic	RNA				Patients exhibiting large amounts of two or more high-risk miRNAs in the serum had a significantly increased probability of shorter survival times	Solexa SEQ (sequencing-based approaches) uencing, Quantitative RT-PCR (reverse transcriptase)		Research	Non–Small-Cell Lung Cancer (NSCLC)		152	15	1	"Serum microRNAs as non-invasive biomarkers
for cancer"	https://pubmed.ncbi.nlm.nih.gov/21110877
LCBD-0803	miR-30d		407033	Prognostic	RNA				Patients exhibiting large amounts of two or more high-risk miRNAs in the serum had a significantly increased probability of shorter survival times	Solexa SEQ (sequencing-based approaches) uencing, Quantitative RT-PCR (reverse transcriptase)		Approved	Non–Small-Cell Lung Cancer (NSCLC)		243	15	1	"Serum microRNAs as non-invasive biomarkers
for cancer"	https://pubmed.ncbi.nlm.nih.gov/21110877
LCBD-0810	miR-499		574501	Prognostic	RNA				Patients exhibiting large amounts of two or more high-risk miRNAs in the serum had a significantly increased probability of shorter survival times	Solexa SEQ (sequencing-based approaches) uencing, Quantitative RT-PCR (reverse transcriptase)		Approved	Non–Small-Cell Lung Cancer (NSCLC)		243	15	1	"Serum microRNAs as non-invasive biomarkers
for cancer"	https://pubmed.ncbi.nlm.nih.gov/21110877
LCBD-0209	GPIHBP1		338328	Diagnostic	mRNA				Expression	RT-PCR			Lung Cancer		892	17	1	Clinical verification of plasma messenger RNA as novel noninvasive biomarker identified through bioinformatics analysis for lung cancer	https://pubmed.ncbi.nlm.nih.gov/28410204
LCBD-0213	CDCA5		113130	Diagnostic	mRNA				Overexpression	RT-PCR			Lung Cancer		892	17	1	Clinical verification of plasma messenger RNA as novel noninvasive biomarker identified through bioinformatics analysis for lung cancer	https://pubmed.ncbi.nlm.nih.gov/28410204
LCBD-0224	TK1		7083	Diagnostic	mRNA				Overexpression	RT-PCR			Lung Cancer		892	17	1	Clinical verification of plasma messenger RNA as novel noninvasive biomarker identified through bioinformatics analysis for lung cancer	https://pubmed.ncbi.nlm.nih.gov/28410204
LCBD-0296	CLDN18		51208	Diagnostic	mRNA				Expression	RT-PCR			Lung Cancer		892	17	1	Clinical verification of plasma messenger RNA as novel noninvasive biomarker identified through bioinformatics analysis for lung cancer	https://pubmed.ncbi.nlm.nih.gov/28410204
LCBD-0313	FHL1		2273	Diagnostic	mRNA				Expression	RT-PCR			Lung Cancer		892	17	1	Clinical verification of plasma messenger RNA as novel noninvasive biomarker identified through bioinformatics analysis for lung cancer	https://pubmed.ncbi.nlm.nih.gov/28410204
LCBD-0740	GINS2		51659	Diagnostic	mRNA				Overexpression	RT-PCR			Lung Cancer		892	17	1	Clinical verification of plasma messenger RNA as novel noninvasive biomarker identified through bioinformatics analysis for lung cancer	https://pubmed.ncbi.nlm.nih.gov/28410204
LCBD-0876	AGER		177	Diagnostic	mRNA				Expression	RT-PCR			Lung Cancer		892	17	1	Clinical verification of plasma messenger RNA as novel noninvasive biomarker identified through bioinformatics analysis for lung cancer	https://pubmed.ncbi.nlm.nih.gov/28410204
LCBD-0883	GPT2		84706	Diagnostic	mRNA				Overexpression	RT-PCR			Lung Cancer		892	17	1	Clinical verification of plasma messenger RNA as novel noninvasive biomarker identified through bioinformatics analysis for lung cancer	https://pubmed.ncbi.nlm.nih.gov/28410204
LCBD-0970	TOP2A		7153	Diagnostic	mRNA				Overexpression	RT-PCR			Lung Cancer		892	17	1	Clinical verification of plasma messenger RNA as novel noninvasive biomarker identified through bioinformatics analysis for lung cancer	https://pubmed.ncbi.nlm.nih.gov/28410204
LCBD-1050	ADAMTS8		11095	Diagnostic	mRNA				Expression	RT-PCR			Lung Cancer		892	17	1	Clinical verification of plasma messenger RNA as novel noninvasive biomarker identified through bioinformatics analysis for lung cancer	https://pubmed.ncbi.nlm.nih.gov/28410204
LCBD-1349	HJURP		55355	Diagnostic	mRNA				Overexpression	RT-PCR			Lung Cancer		892	17	1	Clinical verification of plasma messenger RNA as novel noninvasive biomarker identified through bioinformatics analysis for lung cancer	https://pubmed.ncbi.nlm.nih.gov/28410204
LCBD-1409	ADH1B		125	Diagnostic	mRNA				Expression	RT-PCR			Lung Cancer		892	17	1	Clinical verification of plasma messenger RNA as novel noninvasive biomarker identified through bioinformatics analysis for lung cancer	https://pubmed.ncbi.nlm.nih.gov/28410204
LCBD-0127	8-oxodG			Predictive	Micromolecule 				Increased level of 8-oxodG levels	"HPLC-MS or HPLC-ECD "		Approved	Lung Cancer			19	1	A review of the application of inflammatory biomarkers in epidemiologic cancer research	https://pubmed.ncbi.nlm.nih.gov/24962838
LCBD-0127	8-oxodG			Predictive	Micromolecule 				Increased level of 8-oxodG levels	ELISA		Approved	Lung Cancer			19	2	A review of the application of inflammatory biomarkers in epidemiologic cancer research	https://pubmed.ncbi.nlm.nih.gov/24962838
LCBD-0457	Th17 cells			Prognostic	Cell				Expression	multicolor flow cytometry		Approved	Lung Cancer			19	1	A review of the application of inflammatory biomarkers in epidemiologic cancer research	https://pubmed.ncbi.nlm.nih.gov/24962838
LCBD-1004	MDA			Predictive	Micromolecule 					ELISA, HPLC methods		Research	Lung Cancer			19	1	A review of the application of inflammatory biomarkers in epidemiologic cancer research	https://pubmed.ncbi.nlm.nih.gov/24962838
LCBD-1283	Tumor-infiltrating lymphocytes (TIL)	TIL	7096	Prognostic	Cell					immunohistochemistry (IHC (immunohistochemistry))		Approved	Lung Cancer			19	2	A review of the application of inflammatory biomarkers in epidemiologic cancer research	https://pubmed.ncbi.nlm.nih.gov/24962838
LCBD-1296	3-Nitrotyrosine		335	Analysis	Micromolecule 				High expression	HPLC		Research	Lung Cancer			19	1	A review of the application of inflammatory biomarkers in epidemiologic cancer research	https://pubmed.ncbi.nlm.nih.gov/24962838
LCBD-0869	heptane			Predictive	Organic Compound				Higher levels than control subjects			Research	Non–Small-Cell Lung Cancer (NSCLC)			28	1	Exhaled biomarkers in lung cancer.	https://pubmed.ncbi.nlm.nih.gov/19567608
LCBD-1117	volatile organic compound (VOC)	VOC		Predictive	Organic Compound				"Changed apparently in patients with lung cancer "	"proteomics, metabolomics, mass spectromics, gas chromatography/mass spectrometry (GC-MS) and ion mobility
spectrometries"		Research	Lung Cancer			28	1	Exhaled biomarkers in lung cancer.	https://pubmed.ncbi.nlm.nih.gov/19567608
LCBD-1273	isoprene			Predictive	Organic Compound				Higher levels than control subjects			Research	Non–Small-Cell Lung Cancer (NSCLC)			28	1	Exhaled biomarkers in lung cancer.	https://pubmed.ncbi.nlm.nih.gov/19567608
LCBD-0195	GSTZ1		2954	Predictive	mRNA				"Variability in the expression of   Antioxidant and DNA repair pathways genes "			Research	Lung Cancer			33	1	The Airway Transcriptome as a Biomarker for Early Lung Cancer Detection	https://pubmed.ncbi.nlm.nih.gov/29463557
LCBD-0249	CEBPG		1054	Predictive	mRNA				"Variability in the expression of   Antioxidant and DNA repair pathways genes "			Research	Lung Cancer			33	1	The Airway Transcriptome as a Biomarker for Early Lung Cancer Detection	https://pubmed.ncbi.nlm.nih.gov/29463557
LCBD-0272	MGST1		4257	Predictive	mRNA				"Variability in the expression of   Antioxidant and DNA repair pathways genes "			Research	Lung Cancer			33	1	The Airway Transcriptome as a Biomarker for Early Lung Cancer Detection	https://pubmed.ncbi.nlm.nih.gov/29463557
LCBD-0583	XRCC1		7515	Predictive	mRNA				"Variability in the expression of   Antioxidant and DNA repair pathways genes "			Research	Lung Cancer			33	1	The Airway Transcriptome as a Biomarker for Early Lung Cancer Detection	https://pubmed.ncbi.nlm.nih.gov/29463557
LCBD-0657	LAPTM4B		55353	Predictive	mRNA				Tumor-associated gene expression decreases; genes consistently altered			Research	Lung Cancer			33	1	The Airway Transcriptome as a Biomarker for Early Lung Cancer Detection	https://pubmed.ncbi.nlm.nih.gov/29463557
LCBD-0666	ERCC4		2072	Predictive	mRNA				"Variability in the expression of   Antioxidant and DNA repair pathways genes "			Research	Lung Cancer			33	1	The Airway Transcriptome as a Biomarker for Early Lung Cancer Detection	https://pubmed.ncbi.nlm.nih.gov/29463557
LCBD-0670	SOD1		6647	Predictive	mRNA				"Variability in the expression of   Antioxidant and DNA repair pathways genes "			Research	Lung Cancer			33	1	The Airway Transcriptome as a Biomarker for Early Lung Cancer Detection	https://pubmed.ncbi.nlm.nih.gov/29463557
LCBD-0688	IL8	IL-8	3576	Predictive	mRNA				"Variability in the expression of  Inflammation genes "			Research	Lung Cancer			33	1	The Airway Transcriptome as a Biomarker for Early Lung Cancer Detection	https://pubmed.ncbi.nlm.nih.gov/29463557
LCBD-0759	PLA2G4A		5321	Predictive	mRNA				"Variability in the expression of  Inflammation genes "			Research	Lung Cancer			33	1	The Airway Transcriptome as a Biomarker for Early Lung Cancer Detection	https://pubmed.ncbi.nlm.nih.gov/29463557
LCBD-0780	DEFB1		1672	Predictive	mRNA				"Variability in the expression of  Inflammation genes "			Research	Lung Cancer			33	1	The Airway Transcriptome as a Biomarker for Early Lung Cancer Detection	https://pubmed.ncbi.nlm.nih.gov/29463557
LCBD-0834	E2F			Predictive	mRNA				"Variability in the expression of   Antioxidant and DNA repair pathways genes "			Research	Lung Cancer			33	1	The Airway Transcriptome as a Biomarker for Early Lung Cancer Detection	https://pubmed.ncbi.nlm.nih.gov/29463557
LCBD-0847	ERCC5		2073	Predictive	mRNA				"Variability in the expression of   Antioxidant and DNA repair pathways genes "			Research	Lung Cancer			33	1	The Airway Transcriptome as a Biomarker for Early Lung Cancer Detection	https://pubmed.ncbi.nlm.nih.gov/29463557
LCBD-0910	TGFBR2		7048	Predictive	mRNA				Tumor-associated gene expression decreases; genes consistently altered			Research	Lung Cancer			33	1	The Airway Transcriptome as a Biomarker for Early Lung Cancer Detection	https://pubmed.ncbi.nlm.nih.gov/29463557
LCBD-0962	CAT		847	Predictive	mRNA				"Variability in the expression of Antioxidant and DNA repair pathways genes "			Research	Lung Cancer			33	1	The Airway Transcriptome as a Biomarker for Early Lung Cancer Detection	https://pubmed.ncbi.nlm.nih.gov/29463557
LCBD-1026	C6		729	Predictive	mRNA				"Variability in the expression of  Inflammation genes "			Research	Lung Cancer			33	1	The Airway Transcriptome as a Biomarker for Early Lung Cancer Detection	https://pubmed.ncbi.nlm.nih.gov/29463557
LCBD-1030	SERPINA1		5265	Predictive	mRNA				"Variability in the expression of  Inflammation genes "			Research	Lung Cancer			33	1	The Airway Transcriptome as a Biomarker for Early Lung Cancer Detection	https://pubmed.ncbi.nlm.nih.gov/29463557
LCBD-1073	NETO2		81831	Predictive	mRNA				Tumor-associated gene expression decreases; genes consistently altered			Research	Lung Cancer			33	1	The Airway Transcriptome as a Biomarker for Early Lung Cancer Detection	https://pubmed.ncbi.nlm.nih.gov/29463557
LCBD-1090	GSTP1		2950	Predictive	mRNA				"Variability in the expression of   Antioxidant and DNA repair pathways genes "			Research	Lung Cancer			33	1	The Airway Transcriptome as a Biomarker for Early Lung Cancer Detection	https://pubmed.ncbi.nlm.nih.gov/29463557
LCBD-1132	VIPR1		7433	Predictive	mRNA				Tumor-associated gene expression decreases; genes consistently altered			Research	Lung Cancer			33	1	The Airway Transcriptome as a Biomarker for Early Lung Cancer Detection	https://pubmed.ncbi.nlm.nih.gov/29463557
LCBD-1330	FCGR3A		2215	Predictive	mRNA				"Variability in the expression of  Inflammation genes "			Research	Lung Cancer			33	1	The Airway Transcriptome as a Biomarker for Early Lung Cancer Detection	https://pubmed.ncbi.nlm.nih.gov/29463557
LCBD-1416	GSTM3		2947	Predictive	mRNA				"Variability in the expression of   Antioxidant and DNA repair pathways genes "			Research	Lung Cancer			33	1	The Airway Transcriptome as a Biomarker for Early Lung Cancer Detection	https://pubmed.ncbi.nlm.nih.gov/29463557
LCBD-1452	GSTT1		2952	Predictive	mRNA				"Variability in the expression of   Antioxidant and DNA repair pathways genes "			Research	Lung Cancer			33	1	The Airway Transcriptome as a Biomarker for Early Lung Cancer Detection	https://pubmed.ncbi.nlm.nih.gov/29463557
LCBD-1345	circulating tumor cell			Prognostic	Cell				TCT number changes	FISH		Clinical	Small-Cell Lung Cancer		39	34	1	Phase II study of single-agent navitoclax (ABT-263) and biomarker correlates in patients with relapsed small cell lung cancer	https://pubmed.ncbi.nlm.nih.gov/22496272
LCBD-0133	Retinoblastoma			Prognostic	Cell				Retinoblastoma expression levels	IHC (immunohistochemistry)		Research	Non–Small-Cell Lung Cancer (NSCLC)		1232	39	1	Prognostic implications of cell cycle, apoptosis, and angiogenesis biomarkers in non-small cell lung cancer: a review	https://pubmed.ncbi.nlm.nih.gov/15930332
LCBD-0226	" RbAp48"		5928	Prognostic	DNA				Overexpression	gene expression profiles		Research	Lung Cancer			41	1	"Biomarkers in Lung Cancer: 
Integration with Radiogenomics Data"	"http://dx.doi.org/10.5772/53426 "
LCBD-1070	R5PIA			Prognostic	DNA							Research	Lung Cancer			41	1	"Biomarkers in Lung Cancer: 
Integration with Radiogenomics Data"	"http://dx.doi.org/10.5772/53426 "
LCBD-1269	RGS19		10287	Prognostic	DNA							Research	Lung Cancer			41	1	"Biomarkers in Lung Cancer: 
Integration with Radiogenomics Data"	"http://dx.doi.org/10.5772/53426 "
LCBD-0215	Mn			Diagnostic	Inorganics				Decreased			Research	Lung Cancer			49	1	Biomarkers of ambient air pollution and lung cancer: a systematic review	https://pubmed.ncbi.nlm.nih.gov/22773658
LCBD-0231	Oxidised nucleobases			Diagnostic	DNA				High level			Research	Lung Cancer		1066	49	1	Biomarkers of ambient air pollution and lung cancer: a systematic review	https://pubmed.ncbi.nlm.nih.gov/22773658
LCBD-0289	Alu			Diagnostic	DNA				"Methylation "			Research	Lung Cancer			49	1	Biomarkers of ambient air pollution and lung cancer: a systematic review	https://pubmed.ncbi.nlm.nih.gov/22773658
LCBD-0427	LINE-1			Diagnostic	DNA				"Methylation "			Research	Lung Cancer			49	1	Biomarkers of ambient air pollution and lung cancer: a systematic review	https://pubmed.ncbi.nlm.nih.gov/22773658
LCBD-0020	p53		7157	Diagnostic	Autoantibody				p53 expression levels	ELISA		Research	Non–Small-Cell Lung Cancer (NSCLC)			56	13	The state of molecular biomarkers for the early detection of lung cancer	https://pubmed.ncbi.nlm.nih.gov/22689914
LCBD-0022	MTHFR		4524	Diagnostic	DNA				Methylation	Methylation array		Research	Squamous Cell Carcinoma (SCC)			56	1	The state of molecular biomarkers for the early detection of lung cancer	https://pubmed.ncbi.nlm.nih.gov/22689914
LCBD-0028	E2F1		1869	Diagnostic	mRNA				Aberrant expression	RT-PCR		Research	Non–Small-Cell Lung Cancer (NSCLC)			56	1	The state of molecular biomarkers for the early detection of lung cancer	https://pubmed.ncbi.nlm.nih.gov/22689914
LCBD-0030	RUNX			Diagnostic	DNA				Methylation	Methylation array		Research	Non–Small-Cell Lung Cancer (NSCLC)			56	1	The state of molecular biomarkers for the early detection of lung cancer	https://pubmed.ncbi.nlm.nih.gov/22689914
LCBD-0038	S100P		6286	Diagnostic	mRNA				Aberrant expression	qRT-PCR		Research	Non–Small-Cell Lung Cancer (NSCLC)			56	1	The state of molecular biomarkers for the early detection of lung cancer	https://pubmed.ncbi.nlm.nih.gov/22689914
LCBD-0041	LOC147		147004	Diagnostic	mRNA				Aberrant expression	qRT-PCR		Research	Non–Small-Cell Lung Cancer (NSCLC)			56	1	The state of molecular biomarkers for the early detection of lung cancer	https://pubmed.ncbi.nlm.nih.gov/22689914
LCBD-0047	cyto C			Diagnostic	MALDI signature				Aberrant expression	MALDI/MS		Research	Non–Small-Cell Lung Cancer (NSCLC)			56	1	The state of molecular biomarkers for the early detection of lung cancer	https://pubmed.ncbi.nlm.nih.gov/22689914
LCBD-0061	CD30 ligand			Diagnostic	Aptamer				CD30 ligand expression levels	Aptamers		Research	Non–Small-Cell Lung Cancer (NSCLC)			56	1	The state of molecular biomarkers for the early detection of lung cancer	https://pubmed.ncbi.nlm.nih.gov/22689914
LCBD-0076	SHOX2		6474	Diagnostic	DNA				Methylation	qPCR		Research	Non–Small-Cell Lung Cancer (NSCLC)			56	2	The state of molecular biomarkers for the early detection of lung cancer	https://pubmed.ncbi.nlm.nih.gov/22689914
LCBD-0076	SHOX2		6474	Diagnostic	DNA				Methylation	PCR		Research	Non–Small-Cell Lung Cancer (NSCLC)			56	1	The state of molecular biomarkers for the early detection of lung cancer	https://pubmed.ncbi.nlm.nih.gov/22689914
LCBD-0104	GBU4-5			Diagnostic	Autoantibody				GBU4-5 expression levels	ELISA		Research	Non–Small-Cell Lung Cancer (NSCLC)			56	2	The state of molecular biomarkers for the early detection of lung cancer	https://pubmed.ncbi.nlm.nih.gov/22689914
LCBD-0115	CDH13		1012	Diagnostic	DNA				Methylation	Methylation array		Research	Non–Small-Cell Lung Cancer (NSCLC)			56	1	The state of molecular biomarkers for the early detection of lung cancer	https://pubmed.ncbi.nlm.nih.gov/22689914
LCBD-0143	Desubiquitin			Diagnostic	MALDI signature				Aberrant expression	MALDI/MS		Research	Non–Small-Cell Lung Cancer (NSCLC)			56	1	The state of molecular biomarkers for the early detection of lung cancer	https://pubmed.ncbi.nlm.nih.gov/22689914
LCBD-0144	endostatin			Diagnostic	Aptamer				endostatin expression levels	Aptamers		Research	Non–Small-Cell Lung Cancer (NSCLC)			56	1	The state of molecular biomarkers for the early detection of lung cancer	https://pubmed.ncbi.nlm.nih.gov/22689914
LCBD-0172	CBLC		23624	Diagnostic	mRNA				Aberrant expression	qRT-PCR		Research	Non–Small-Cell Lung Cancer (NSCLC)			56	1	The state of molecular biomarkers for the early detection of lung cancer	https://pubmed.ncbi.nlm.nih.gov/22689914
LCBD-0182	MIP-4		6362	Diagnostic	Aptamer				MIP-4 expression levels	Aptamers		Research	Non–Small-Cell Lung Cancer (NSCLC)			56	1	The state of molecular biomarkers for the early detection of lung cancer	https://pubmed.ncbi.nlm.nih.gov/22689914
LCBD-0183	GPX3		2878	Diagnostic	mRNA				Aberrant expression	RT-PCR		Research	Non–Small-Cell Lung Cancer (NSCLC)			56	1	The state of molecular biomarkers for the early detection of lung cancer	https://pubmed.ncbi.nlm.nih.gov/22689914
LCBD-0183	GPX3		2878	Diagnostic	mRNA				Aberrant expression	RT-PCR		Research	Non–Small-Cell Lung Cancer (NSCLC)			56	1	The state of molecular biomarkers for the early detection of lung cancer	https://pubmed.ncbi.nlm.nih.gov/22689914
LCBD-0190	HSP90a		3320	Diagnostic	Aptamer				HSP90a expression levels	Aptamers		Research	Non–Small-Cell Lung Cancer (NSCLC)			56	1	The state of molecular biomarkers for the early detection of lung cancer	https://pubmed.ncbi.nlm.nih.gov/22689914
LCBD-0195	GSTZ1		2954	Diagnostic	mRNA				Aberrant expression	RT-PCR		Research	Non–Small-Cell Lung Cancer (NSCLC)			56	2	The state of molecular biomarkers for the early detection of lung cancer	https://pubmed.ncbi.nlm.nih.gov/22689914
LCBD-0228	CYP24A1		1591	Diagnostic	mRNA				Aberrant expression	qRT-PCR		Research	Non–Small-Cell Lung Cancer (NSCLC)			56	1	The state of molecular biomarkers for the early detection of lung cancer	https://pubmed.ncbi.nlm.nih.gov/22689914
LCBD-0249	CEBPG		1054	Diagnostic	mRNA				Aberrant expression	RT-PCR		Research	Non–Small-Cell Lung Cancer (NSCLC)			56	2	The state of molecular biomarkers for the early detection of lung cancer	https://pubmed.ncbi.nlm.nih.gov/22689914
LCBD-0259	FHIT		2272	Diagnostic	DNA					FISH		Research	Non–Small-Cell Lung Cancer (NSCLC)			56	1	The state of molecular biomarkers for the early detection of lung cancer	https://pubmed.ncbi.nlm.nih.gov/22689914
LCBD-0272	MGST1		4257	Diagnostic	mRNA				Aberrant expression	RT-PCR		Research	Non–Small-Cell Lung Cancer (NSCLC)			56	2	The state of molecular biomarkers for the early detection of lung cancer	https://pubmed.ncbi.nlm.nih.gov/22689914
LCBD-0280	RARb		5915	Diagnostic	DNA				Methylation	Methylation array		Research	Non–Small-Cell Lung Cancer (NSCLC)			56	1	The state of molecular biomarkers for the early detection of lung cancer	https://pubmed.ncbi.nlm.nih.gov/22689914
LCBD-0295	TP63		8626	Diagnostic	DNA					FISH		Research	Non–Small-Cell Lung Cancer (NSCLC)			56	3	The state of molecular biomarkers for the early detection of lung cancer	https://pubmed.ncbi.nlm.nih.gov/22689914
LCBD-0307	cadherin-1			Diagnostic	Aptamer				cadherin-1 expression levels	Aptamers		Research	Non–Small-Cell Lung Cancer (NSCLC)			56	1	The state of molecular biomarkers for the early detection of lung cancer	https://pubmed.ncbi.nlm.nih.gov/22689914
LCBD-0320	MYC		4609	Diagnostic	DNA					FISH		Research	Non–Small-Cell Lung Cancer (NSCLC)			56	1	The state of molecular biomarkers for the early detection of lung cancer	https://pubmed.ncbi.nlm.nih.gov/22689914
LCBD-0321	TCF21		6943	Diagnostic	DNA				Methylation	PCR			Non–Small-Cell Lung Cancer (NSCLC)			56	2	The state of molecular biomarkers for the early detection of lung cancer	https://pubmed.ncbi.nlm.nih.gov/22689914
LCBD-0321	TCF21		6943	Diagnostic	DNA				Methylation	Methylation array		Research	Squamous Cell Carcinoma (SCC)			56	1	The state of molecular biomarkers for the early detection of lung cancer	https://pubmed.ncbi.nlm.nih.gov/22689914
LCBD-0345	CDKN2A		1029	Diagnostic	DNA				Methylation	Methylation array		Research	Non–Small-Cell Lung Cancer (NSCLC)			56	1	The state of molecular biomarkers for the early detection of lung cancer	https://pubmed.ncbi.nlm.nih.gov/22689914
LCBD-0347	RASSF1A		11186	Diagnostic	DNA				Methylation	qPCR		Research	Non–Small-Cell Lung Cancer (NSCLC)			56	1	The state of molecular biomarkers for the early detection of lung cancer	https://pubmed.ncbi.nlm.nih.gov/22689914
LCBD-0349	SCF-sR			Diagnostic	Aptamer				SCF-sR expression levels	Aptamers		Research	Non–Small-Cell Lung Cancer (NSCLC)			56	1	The state of molecular biomarkers for the early detection of lung cancer	https://pubmed.ncbi.nlm.nih.gov/22689914
LCBD-0357	CSTA		1475	Diagnostic	MALDI signature				Aberrant expression	MALDI/MS		Research	Non–Small-Cell Lung Cancer (NSCLC)			56	2	The state of molecular biomarkers for the early detection of lung cancer	https://pubmed.ncbi.nlm.nih.gov/22689914
LCBD-0384	p16		1029	Diagnostic	DNA				Methylation	PCR		Research	Squamous Cell Carcinoma (SCC)			56	4	The state of molecular biomarkers for the early detection of lung cancer	https://pubmed.ncbi.nlm.nih.gov/22689914
LCBD-0428	MGMT		4255	Diagnostic	DNA				Methylation	qPCR		Research	Non–Small-Cell Lung Cancer (NSCLC)			56	1	The state of molecular biomarkers for the early detection of lung cancer	https://pubmed.ncbi.nlm.nih.gov/22689914
LCBD-0428	MGMT		4255	Diagnostic	DNA				Methylation	PCR		Research	Squamous Cell Carcinoma (SCC)			56	2	The state of molecular biomarkers for the early detection of lung cancer	https://pubmed.ncbi.nlm.nih.gov/22689914
LCBD-0442	14-3-3 Theta		10971	Diagnostic	Autoantibody				14-3-3 theta expression levels	Protein array		Research	Non–Small-Cell Lung Cancer (NSCLC)			56	1	The state of molecular biomarkers for the early detection of lung cancer	https://pubmed.ncbi.nlm.nih.gov/22689914
LCBD-0450	LRIG3		121227	Diagnostic	Aptamer				LRIG3 expression levels	Aptamers		Research	Non–Small-Cell Lung Cancer (NSCLC)			56	1	The state of molecular biomarkers for the early detection of lung cancer	https://pubmed.ncbi.nlm.nih.gov/22689914
LCBD-0472	PITX2		5308	Diagnostic	DNA				Methylation	Methylation array		Research	Squamous Cell Carcinoma (SCC)			56	1	The state of molecular biomarkers for the early detection of lung cancer	https://pubmed.ncbi.nlm.nih.gov/22689914
LCBD-0494	NY-ESO-1		246100	Diagnostic	Autoantibody				NY-ESO-1 expression levels	ELISA		Research	Non–Small-Cell Lung Cancer (NSCLC)			56	4	The state of molecular biomarkers for the early detection of lung cancer	https://pubmed.ncbi.nlm.nih.gov/22689914
LCBD-0503	RGM-C			Diagnostic	Aptamer				RGM-C expression levels	Aptamers		Research	Non–Small-Cell Lung Cancer (NSCLC)			56	1	The state of molecular biomarkers for the early detection of lung cancer	https://pubmed.ncbi.nlm.nih.gov/22689914
LCBD-0569	OPCML		4978	Diagnostic	DNA				Methylation	Methylation array		Research	Squamous Cell Carcinoma (SCC)			56	1	The state of molecular biomarkers for the early detection of lung cancer	https://pubmed.ncbi.nlm.nih.gov/22689914
LCBD-0575	ubiquitin			Diagnostic	MALDI signature				Aberrant expression	MALDI/MS		Research	Non–Small-Cell Lung Cancer (NSCLC)			56	4	The state of molecular biomarkers for the early detection of lung cancer	https://pubmed.ncbi.nlm.nih.gov/22689914
LCBD-0575	ubiquilin			Diagnostic	Autoantibody				ubiquitin expression levels	ELISA		Research	Non–Small-Cell Lung Cancer (NSCLC)			56	1	The state of molecular biomarkers for the early detection of lung cancer	https://pubmed.ncbi.nlm.nih.gov/22689914
LCBD-0577	CAGE		168400	Diagnostic	Autoantibody				CAGE expression levels	ELISA		Research	Non–Small-Cell Lung Cancer (NSCLC)			56	2	The state of molecular biomarkers for the early detection of lung cancer	https://pubmed.ncbi.nlm.nih.gov/22689914
LCBD-0580	IMPDH			Diagnostic	Autoantibody				IMPDH expression levels	ELISA		Research	Non–Small-Cell Lung Cancer (NSCLC)			56	1	The state of molecular biomarkers for the early detection of lung cancer	https://pubmed.ncbi.nlm.nih.gov/22689914
LCBD-0580	IMPDH			Diagnostic	Autoantibody				IMPDH expression levels	ELISA		Research	Non–Small-Cell Lung Cancer (NSCLC)			56	1	The state of molecular biomarkers for the early detection of lung cancer	https://pubmed.ncbi.nlm.nih.gov/22689914
LCBD-0583	XRCC1		7515	Diagnostic	mRNA				Aberrant expression	RT-PCR		Research	Non–Small-Cell Lung Cancer (NSCLC)			56	2	The state of molecular biomarkers for the early detection of lung cancer	https://pubmed.ncbi.nlm.nih.gov/22689914
LCBD-0594	c-myc		4609	Diagnostic	DNA					FISH + cytology		Research	Non–Small-Cell Lung Cancer (NSCLC)			56	7	The state of molecular biomarkers for the early detection of lung cancer	https://pubmed.ncbi.nlm.nih.gov/22689914
LCBD-0594	c-myc		4609	Diagnostic	Autoantibody				cmyc expression levels	ELISA		Research	Lung Cancer			56	1	The state of molecular biomarkers for the early detection of lung cancer	https://pubmed.ncbi.nlm.nih.gov/22689914
LCBD-0602	DCC		1630	Diagnostic	DNA				Methylation	qPCR		Research	Non–Small-Cell Lung Cancer (NSCLC)			56	1	The state of molecular biomarkers for the early detection of lung cancer	https://pubmed.ncbi.nlm.nih.gov/22689914
LCBD-0611	LAMR1		3921	Diagnostic	Autoantibody				LAMR1 expression levels	Protein array		Research	Non–Small-Cell Lung Cancer (NSCLC)			56	2	The state of molecular biomarkers for the early detection of lung cancer	https://pubmed.ncbi.nlm.nih.gov/22689914
LCBD-0645	ANXA2		302	Diagnostic	Autoantibody				ANXA2 expression levels	ELISA		Research	Non–Small-Cell Lung Cancer (NSCLC)			56	1	The state of molecular biomarkers for the early detection of lung cancer	https://pubmed.ncbi.nlm.nih.gov/22689914
LCBD-0647	MIF		4282	Diagnostic	MALDI signature				Aberrant expression	MALDI/MS		Research	Non–Small-Cell Lung Cancer (NSCLC)			56	2	The state of molecular biomarkers for the early detection of lung cancer	https://pubmed.ncbi.nlm.nih.gov/22689914
LCBD-0666	ERCC4		2072	Diagnostic	mRNA				Aberrant expression	RT-PCR		Research	Non–Small-Cell Lung Cancer (NSCLC)			56	2	The state of molecular biomarkers for the early detection of lung cancer	https://pubmed.ncbi.nlm.nih.gov/22689914
LCBD-0670	SOD1		6647	Diagnostic	mRNA				Aberrant expression	RT-PCR		Research	Non–Small-Cell Lung Cancer (NSCLC)			56	2	The state of molecular biomarkers for the early detection of lung cancer	https://pubmed.ncbi.nlm.nih.gov/22689914
LCBD-0744	AIM		969	Diagnostic	DNA				Methylation	qPCR		Research	Non–Small-Cell Lung Cancer (NSCLC)			56	1	The state of molecular biomarkers for the early detection of lung cancer	https://pubmed.ncbi.nlm.nih.gov/22689914
LCBD-0755	APC		324	Diagnostic	DNA				Methylation	qPCR		Research	Non–Small-Cell Lung Cancer (NSCLC)			56	1	The state of molecular biomarkers for the early detection of lung cancer	https://pubmed.ncbi.nlm.nih.gov/22689914
LCBD-0775	HYAL2		8692	Diagnostic	DNA					FISH		Research	Non–Small-Cell Lung Cancer (NSCLC)			56	1	The state of molecular biomarkers for the early detection of lung cancer	https://pubmed.ncbi.nlm.nih.gov/22689914
LCBD-0847	ERCC5		2073	Diagnostic	mRNA				Aberrant expression	RT-PCR		Research	Non–Small-Cell Lung Cancer (NSCLC)			56	2	The state of molecular biomarkers for the early detection of lung cancer	https://pubmed.ncbi.nlm.nih.gov/22689914
LCBD-0881	Annexin 1	ANXA1	301	Diagnostic	Autoantibody				Annexin 1 expression levels	ELISA		Research	Non–Small-Cell Lung Cancer (NSCLC)			56	1	The state of molecular biomarkers for the early detection of lung cancer	https://pubmed.ncbi.nlm.nih.gov/22689914
LCBD-0881	Annexin I	ANXA1	301	Diagnostic	Autoantibody				Annexin I expression levels	Protein array		Research	Non–Small-Cell Lung Cancer (NSCLC)			56	4	The state of molecular biomarkers for the early detection of lung cancer	https://pubmed.ncbi.nlm.nih.gov/22689914
LCBD-0904	PRKCI		5584	Diagnostic	Aptamer				PRKCI expression levels	Aptamers		Research	Non–Small-Cell Lung Cancer (NSCLC)			56	1	The state of molecular biomarkers for the early detection of lung cancer	https://pubmed.ncbi.nlm.nih.gov/22689914
LCBD-0915	GDNF		2668	Diagnostic	DNA				Methylation	Methylation array		Research	Squamous Cell Carcinoma (SCC)			56	1	The state of molecular biomarkers for the early detection of lung cancer	https://pubmed.ncbi.nlm.nih.gov/22689914
LCBD-0933	BVES		11149	Diagnostic	DNA				Methylation	Methylation array		Research	Non–Small-Cell Lung Cancer (NSCLC)			56	1	The state of molecular biomarkers for the early detection of lung cancer	https://pubmed.ncbi.nlm.nih.gov/22689914
LCBD-0939	PTPRN2		5799	Diagnostic	DNA				Methylation	Methylation array		Research	Squamous Cell Carcinoma (SCC)			56	1	The state of molecular biomarkers for the early detection of lung cancer	https://pubmed.ncbi.nlm.nih.gov/22689914
LCBD-0961	ACBP		1622	Diagnostic	MALDI signature				Aberrant expression	MALDI/MS		Research	Non–Small-Cell Lung Cancer (NSCLC)			56	1	The state of molecular biomarkers for the early detection of lung cancer	https://pubmed.ncbi.nlm.nih.gov/22689914
LCBD-0962	CAT		847	Diagnostic	mRNA				Aberrant expression	RT-PCR		Research	Non–Small-Cell Lung Cancer (NSCLC)			56	2	The state of molecular biomarkers for the early detection of lung cancer	https://pubmed.ncbi.nlm.nih.gov/22689914
LCBD-0986	pleiotrophin		5764	Diagnostic	Aptamer				pleiotrophin expression levels	Aptamers		Research	Non–Small-Cell Lung Cancer (NSCLC)			56	1	The state of molecular biomarkers for the early detection of lung cancer	https://pubmed.ncbi.nlm.nih.gov/22689914
LCBD-0990	CDH1		999	Diagnostic	DNA				Methylation	qPCR		Research	Non–Small-Cell Lung Cancer (NSCLC)			56	2	The state of molecular biomarkers for the early detection of lung cancer	https://pubmed.ncbi.nlm.nih.gov/22689914
LCBD-0990	CDH1		999	Diagnostic	DNA				Methylation	Methylation array		Research	Non–Small-Cell Lung Cancer (NSCLC)			56	1	The state of molecular biomarkers for the early detection of lung cancer	https://pubmed.ncbi.nlm.nih.gov/22689914
LCBD-1008	CEP3		10602	Diagnostic	DNA					FISH		Research	Non–Small-Cell Lung Cancer (NSCLC)			56	1	The state of molecular biomarkers for the early detection of lung cancer	https://pubmed.ncbi.nlm.nih.gov/22689914
LCBD-1023	S-Adenosylmethionine		100287544	Diagnostic	DNA				Methylation	HPLC		Research	Lung Cancer			56	1	The state of molecular biomarkers for the early detection of lung cancer	https://pubmed.ncbi.nlm.nih.gov/22689914
LCBD-1054	PLUNC		5328	Diagnostic	mRNA				Aberrant expression	qRT-PCR		Research	Non–Small-Cell Lung Cancer (NSCLC)			56	1	The state of molecular biomarkers for the early detection of lung cancer	https://pubmed.ncbi.nlm.nih.gov/22689914
LCBD-1075	ALDH3A1		218	Diagnostic	mRNA				Aberrant expression	qRT-PCR		Research	Non–Small-Cell Lung Cancer (NSCLC)			56	1	The state of molecular biomarkers for the early detection of lung cancer	https://pubmed.ncbi.nlm.nih.gov/22689914
LCBD-1081	GPX1		2876	Diagnostic	mRNA				Aberrant expression	RT-PCR		Research	Non–Small-Cell Lung Cancer (NSCLC)			56	1	The state of molecular biomarkers for the early detection of lung cancer	https://pubmed.ncbi.nlm.nih.gov/22689914
LCBD-1081	GPX1		2876	Diagnostic	mRNA				Aberrant expression	RT-PCR		Research	Non–Small-Cell Lung Cancer (NSCLC)			56	1	The state of molecular biomarkers for the early detection of lung cancer	https://pubmed.ncbi.nlm.nih.gov/22689914
LCBD-1086	SFTPC		6440	Diagnostic	DNA					FISH		Research	Non–Small-Cell Lung Cancer (NSCLC)			56	1	The state of molecular biomarkers for the early detection of lung cancer	https://pubmed.ncbi.nlm.nih.gov/22689914
LCBD-1090	GSTP1		2950	Diagnostic	mRNA				Aberrant expression	RT-PCR		Research	Non–Small-Cell Lung Cancer (NSCLC)			56	2	The state of molecular biomarkers for the early detection of lung cancer	https://pubmed.ncbi.nlm.nih.gov/22689914
LCBD-1099	HER2		2064	Diagnostic	Autoantibody				HER2 expression levels	ELISA		Research	Lung Cancer			56	6	The state of molecular biomarkers for the early detection of lung cancer	https://pubmed.ncbi.nlm.nih.gov/22689914
LCBD-1108	CEP6			Diagnostic	DNA					FISH + cytology		Research	Non–Small-Cell Lung Cancer (NSCLC)			56	1	The state of molecular biomarkers for the early detection of lung cancer	https://pubmed.ncbi.nlm.nih.gov/22689914
LCBD-1143	PAX8		7849	Diagnostic	DNA				Methylation	Methylation array		Research	Squamous Cell Carcinoma (SCC)			56	1	The state of molecular biomarkers for the early detection of lung cancer	https://pubmed.ncbi.nlm.nih.gov/22689914
LCBD-1227	AKR1B10 - Aldo-keto reductase family 1 member B6	AKR1B10	57016	Diagnostic	mRNA				Aberrant expression	qRT-PCR		Research	Non–Small-Cell Lung Cancer (NSCLC)			56	1	The state of molecular biomarkers for the early detection of lung cancer	https://pubmed.ncbi.nlm.nih.gov/22689914
LCBD-1243	RASSF1		5923	Diagnostic	DNA				Methylation	Methylation array		Research	Non–Small-Cell Lung Cancer (NSCLC)			56	2	The state of molecular biomarkers for the early detection of lung cancer	https://pubmed.ncbi.nlm.nih.gov/22689914
LCBD-1270	SOX2		6657	Diagnostic	Autoantibody				SOX2 expression levels	ELISA		Research	Non–Small-Cell Lung Cancer (NSCLC)			56	1	The state of molecular biomarkers for the early detection of lung cancer	https://pubmed.ncbi.nlm.nih.gov/22689914
LCBD-1277	KCNH5		27133	Diagnostic	DNA				Methylation	Methylation array		Research	Non–Small-Cell Lung Cancer (NSCLC)			56	1	The state of molecular biomarkers for the early detection of lung cancer	https://pubmed.ncbi.nlm.nih.gov/22689914
LCBD-1290	TNFRSF25		8718	Diagnostic	DNA				Methylation	Methylation array		Research	Squamous Cell Carcinoma (SCC)			56	1	The state of molecular biomarkers for the early detection of lung cancer	https://pubmed.ncbi.nlm.nih.gov/22689914
LCBD-1336	TMLS4			Diagnostic	MALDI signature				Aberrant expression	MALDI/MS		Research	Non–Small-Cell Lung Cancer (NSCLC)			56	1	The state of molecular biomarkers for the early detection of lung cancer	https://pubmed.ncbi.nlm.nih.gov/22689914
LCBD-1404	PGAM1		5223	Diagnostic	Autoantibody				PGAM1 expression levels	ELISA		Research	Non–Small-Cell Lung Cancer (NSCLC)			56	1	The state of molecular biomarkers for the early detection of lung cancer	https://pubmed.ncbi.nlm.nih.gov/22689914
LCBD-1413	HSP70-9B			Diagnostic	Autoantibody				HSP70-9B expression levels	ELISA		Research	Non–Small-Cell Lung Cancer (NSCLC)			56	1	The state of molecular biomarkers for the early detection of lung cancer	https://pubmed.ncbi.nlm.nih.gov/22689914
LCBD-1416	GSTM3		2947	Diagnostic	mRNA				Aberrant expression	RT-PCR		Research	Non–Small-Cell Lung Cancer (NSCLC)			56	2	The state of molecular biomarkers for the early detection of lung cancer	https://pubmed.ncbi.nlm.nih.gov/22689914
LCBD-1452	GSTT1		2952	Diagnostic	mRNA				Aberrant expression	RT-PCR		Research	Non–Small-Cell Lung Cancer (NSCLC)			56	2	The state of molecular biomarkers for the early detection of lung cancer	https://pubmed.ncbi.nlm.nih.gov/22689914
LCBD-0020	p53		7157	Diagnostic	Autoantibody				p53 expression levels	ELISA		Research	Non–Small-Cell Lung Cancer (NSCLC)			56	13	The state of molecular biomarkers for the early detection of lung cancer	https://pubmed.ncbi.nlm.nih.gov/22689914
LCBD-0022	MTHFR		4524	Diagnostic	DNA				Methylation	Methylation array		Research	Squamous Cell Carcinoma (SCC)			56	1	The state of molecular biomarkers for the early detection of lung cancer	https://pubmed.ncbi.nlm.nih.gov/22689914
LCBD-0028	E2F1		1869	Diagnostic	mRNA				Aberrant expression	RT-PCR		Research	Non–Small-Cell Lung Cancer (NSCLC)			56	1	The state of molecular biomarkers for the early detection of lung cancer	https://pubmed.ncbi.nlm.nih.gov/22689914
LCBD-0030	RUNX			Diagnostic	DNA				Methylation	Methylation array		Research	Non–Small-Cell Lung Cancer (NSCLC)			56	1	The state of molecular biomarkers for the early detection of lung cancer	https://pubmed.ncbi.nlm.nih.gov/22689914
LCBD-0038	S100P		6286	Diagnostic	mRNA				Aberrant expression	qRT-PCR		Research	Non–Small-Cell Lung Cancer (NSCLC)			56	1	The state of molecular biomarkers for the early detection of lung cancer	https://pubmed.ncbi.nlm.nih.gov/22689914
LCBD-0041	LOC147		147004	Diagnostic	mRNA				Aberrant expression	qRT-PCR		Research	Non–Small-Cell Lung Cancer (NSCLC)			56	1	The state of molecular biomarkers for the early detection of lung cancer	https://pubmed.ncbi.nlm.nih.gov/22689914
LCBD-0047	cyto C			Diagnostic	MALDI signature				Aberrant expression	MALDI/MS		Research	Non–Small-Cell Lung Cancer (NSCLC)			56	1	The state of molecular biomarkers for the early detection of lung cancer	https://pubmed.ncbi.nlm.nih.gov/22689914
LCBD-0061	CD30 ligand			Diagnostic	Aptamer				CD30 ligand expression levels	Aptamers		Research	Non–Small-Cell Lung Cancer (NSCLC)			56	1	The state of molecular biomarkers for the early detection of lung cancer	https://pubmed.ncbi.nlm.nih.gov/22689914
LCBD-0076	SHOX2		6474	Diagnostic	DNA				Methylation	qPCR		Research	Non–Small-Cell Lung Cancer (NSCLC)			56	2	The state of molecular biomarkers for the early detection of lung cancer	https://pubmed.ncbi.nlm.nih.gov/22689914
LCBD-0076	SHOX2		6474	Diagnostic	DNA				Methylation	PCR		Research	Non–Small-Cell Lung Cancer (NSCLC)			56	1	The state of molecular biomarkers for the early detection of lung cancer	https://pubmed.ncbi.nlm.nih.gov/22689914
LCBD-0104	GBU4-5			Diagnostic	Autoantibody				GBU4-5 expression levels	ELISA		Research	Non–Small-Cell Lung Cancer (NSCLC)			56	2	The state of molecular biomarkers for the early detection of lung cancer	https://pubmed.ncbi.nlm.nih.gov/22689914
LCBD-0115	CDH13		1012	Diagnostic	DNA				Methylation	Methylation array		Research	Non–Small-Cell Lung Cancer (NSCLC)			56	1	The state of molecular biomarkers for the early detection of lung cancer	https://pubmed.ncbi.nlm.nih.gov/22689914
LCBD-0143	Desubiquitin			Diagnostic	MALDI signature				Aberrant expression	MALDI/MS		Research	Non–Small-Cell Lung Cancer (NSCLC)			56	1	The state of molecular biomarkers for the early detection of lung cancer	https://pubmed.ncbi.nlm.nih.gov/22689914
LCBD-0144	endostatin			Diagnostic	Aptamer				endostatin expression levels	Aptamers		Research	Non–Small-Cell Lung Cancer (NSCLC)			56	1	The state of molecular biomarkers for the early detection of lung cancer	https://pubmed.ncbi.nlm.nih.gov/22689914
LCBD-0172	CBLC		23624	Diagnostic	mRNA				Aberrant expression	qRT-PCR		Research	Non–Small-Cell Lung Cancer (NSCLC)			56	1	The state of molecular biomarkers for the early detection of lung cancer	https://pubmed.ncbi.nlm.nih.gov/22689914
LCBD-0182	MIP-4		6362	Diagnostic	Aptamer				MIP-4 expression levels	Aptamers		Research	Non–Small-Cell Lung Cancer (NSCLC)			56	1	The state of molecular biomarkers for the early detection of lung cancer	https://pubmed.ncbi.nlm.nih.gov/22689914
LCBD-0183	GPX3		2878	Diagnostic	mRNA				Aberrant expression	RT-PCR		Research	Non–Small-Cell Lung Cancer (NSCLC)			56	1	The state of molecular biomarkers for the early detection of lung cancer	https://pubmed.ncbi.nlm.nih.gov/22689914
LCBD-0183	GPX3		2878	Diagnostic	mRNA				Aberrant expression	RT-PCR		Research	Non–Small-Cell Lung Cancer (NSCLC)			56	1	The state of molecular biomarkers for the early detection of lung cancer	https://pubmed.ncbi.nlm.nih.gov/22689914
LCBD-0190	HSP90a		3320	Diagnostic	Aptamer				HSP90a expression levels	Aptamers		Research	Non–Small-Cell Lung Cancer (NSCLC)			56	1	The state of molecular biomarkers for the early detection of lung cancer	https://pubmed.ncbi.nlm.nih.gov/22689914
LCBD-0195	GSTZ1		2954	Diagnostic	mRNA				Aberrant expression	RT-PCR		Research	Non–Small-Cell Lung Cancer (NSCLC)			56	2	The state of molecular biomarkers for the early detection of lung cancer	https://pubmed.ncbi.nlm.nih.gov/22689914
LCBD-0228	CYP24A1		1591	Diagnostic	mRNA				Aberrant expression	qRT-PCR		Research	Non–Small-Cell Lung Cancer (NSCLC)			56	1	The state of molecular biomarkers for the early detection of lung cancer	https://pubmed.ncbi.nlm.nih.gov/22689914
LCBD-0249	CEBPG		1054	Diagnostic	mRNA				Aberrant expression	RT-PCR		Research	Non–Small-Cell Lung Cancer (NSCLC)			56	2	The state of molecular biomarkers for the early detection of lung cancer	https://pubmed.ncbi.nlm.nih.gov/22689914
LCBD-0259	FHIT		2272	Diagnostic	DNA					FISH		Research	Non–Small-Cell Lung Cancer (NSCLC)			56	1	The state of molecular biomarkers for the early detection of lung cancer	https://pubmed.ncbi.nlm.nih.gov/22689914
LCBD-0272	MGST1		4257	Diagnostic	mRNA				Aberrant expression	RT-PCR		Research	Non–Small-Cell Lung Cancer (NSCLC)			56	2	The state of molecular biomarkers for the early detection of lung cancer	https://pubmed.ncbi.nlm.nih.gov/22689914
LCBD-0280	RARb		5915	Diagnostic	DNA				Methylation	Methylation array		Research	Non–Small-Cell Lung Cancer (NSCLC)			56	1	The state of molecular biomarkers for the early detection of lung cancer	https://pubmed.ncbi.nlm.nih.gov/22689914
LCBD-0295	TP63		8626	Diagnostic	DNA					FISH		Research	Non–Small-Cell Lung Cancer (NSCLC)			56	3	The state of molecular biomarkers for the early detection of lung cancer	https://pubmed.ncbi.nlm.nih.gov/22689914
LCBD-0307	cadherin-1			Diagnostic	Aptamer				cadherin-1 expression levels	Aptamers		Research	Non–Small-Cell Lung Cancer (NSCLC)			56	1	The state of molecular biomarkers for the early detection of lung cancer	https://pubmed.ncbi.nlm.nih.gov/22689914
LCBD-0320	MYC		4609	Diagnostic	DNA					FISH		Research	Non–Small-Cell Lung Cancer (NSCLC)			56	1	The state of molecular biomarkers for the early detection of lung cancer	https://pubmed.ncbi.nlm.nih.gov/22689914
LCBD-0321	TCF21		6943	Diagnostic	DNA				Methylation	PCR			Non–Small-Cell Lung Cancer (NSCLC)			56	2	The state of molecular biomarkers for the early detection of lung cancer	https://pubmed.ncbi.nlm.nih.gov/22689914
LCBD-0321	TCF21		6943	Diagnostic	DNA				Methylation	Methylation array		Research	Squamous Cell Carcinoma (SCC)			56	1	The state of molecular biomarkers for the early detection of lung cancer	https://pubmed.ncbi.nlm.nih.gov/22689914
LCBD-0345	CDKN2A		1029	Diagnostic	DNA				Methylation	Methylation array		Research	Non–Small-Cell Lung Cancer (NSCLC)			56	1	The state of molecular biomarkers for the early detection of lung cancer	https://pubmed.ncbi.nlm.nih.gov/22689914
LCBD-0347	RASSF1A		11186	Diagnostic	DNA				Methylation	qPCR		Research	Non–Small-Cell Lung Cancer (NSCLC)			56	1	The state of molecular biomarkers for the early detection of lung cancer	https://pubmed.ncbi.nlm.nih.gov/22689914
LCBD-0349	SCF-sR			Diagnostic	Aptamer				SCF-sR expression levels	Aptamers		Research	Non–Small-Cell Lung Cancer (NSCLC)			56	1	The state of molecular biomarkers for the early detection of lung cancer	https://pubmed.ncbi.nlm.nih.gov/22689914
LCBD-0357	CSTA		1475	Diagnostic	MALDI signature				Aberrant expression	MALDI/MS		Research	Non–Small-Cell Lung Cancer (NSCLC)			56	2	The state of molecular biomarkers for the early detection of lung cancer	https://pubmed.ncbi.nlm.nih.gov/22689914
LCBD-0384	p16		1029	Diagnostic	DNA				Methylation	PCR		Research	Squamous Cell Carcinoma (SCC)			56	4	The state of molecular biomarkers for the early detection of lung cancer	https://pubmed.ncbi.nlm.nih.gov/22689914
LCBD-0428	MGMT		4255	Diagnostic	DNA				Methylation	qPCR		Research	Non–Small-Cell Lung Cancer (NSCLC)			56	1	The state of molecular biomarkers for the early detection of lung cancer	https://pubmed.ncbi.nlm.nih.gov/22689914
LCBD-0428	MGMT		4255	Diagnostic	DNA				Methylation	PCR		Research	Squamous Cell Carcinoma (SCC)			56	2	The state of molecular biomarkers for the early detection of lung cancer	https://pubmed.ncbi.nlm.nih.gov/22689914
LCBD-0442	14-3-3 Theta		10971	Diagnostic	Autoantibody				14-3-3 theta expression levels	Protein array		Research	Non–Small-Cell Lung Cancer (NSCLC)			56	1	The state of molecular biomarkers for the early detection of lung cancer	https://pubmed.ncbi.nlm.nih.gov/22689914
LCBD-0450	LRIG3		121227	Diagnostic	Aptamer				LRIG3 expression levels	Aptamers		Research	Non–Small-Cell Lung Cancer (NSCLC)			56	1	The state of molecular biomarkers for the early detection of lung cancer	https://pubmed.ncbi.nlm.nih.gov/22689914
LCBD-0472	PITX2		5308	Diagnostic	DNA				Methylation	Methylation array		Research	Squamous Cell Carcinoma (SCC)			56	1	The state of molecular biomarkers for the early detection of lung cancer	https://pubmed.ncbi.nlm.nih.gov/22689914
LCBD-0494	NY-ESO-1		246100	Diagnostic	Autoantibody				NY-ESO-1 expression levels	ELISA		Research	Non–Small-Cell Lung Cancer (NSCLC)			56	4	The state of molecular biomarkers for the early detection of lung cancer	https://pubmed.ncbi.nlm.nih.gov/22689914
LCBD-0503	RGM-C			Diagnostic	Aptamer				RGM-C expression levels	Aptamers		Research	Non–Small-Cell Lung Cancer (NSCLC)			56	1	The state of molecular biomarkers for the early detection of lung cancer	https://pubmed.ncbi.nlm.nih.gov/22689914
LCBD-0569	OPCML		4978	Diagnostic	DNA				Methylation	Methylation array		Research	Squamous Cell Carcinoma (SCC)			56	1	The state of molecular biomarkers for the early detection of lung cancer	https://pubmed.ncbi.nlm.nih.gov/22689914
LCBD-0575	ubiquitin			Diagnostic	MALDI signature				Aberrant expression	MALDI/MS		Research	Non–Small-Cell Lung Cancer (NSCLC)			56	4	The state of molecular biomarkers for the early detection of lung cancer	https://pubmed.ncbi.nlm.nih.gov/22689914
LCBD-0575	ubiquilin			Diagnostic	Autoantibody				ubiquitin expression levels	ELISA		Research	Non–Small-Cell Lung Cancer (NSCLC)			56	1	The state of molecular biomarkers for the early detection of lung cancer	https://pubmed.ncbi.nlm.nih.gov/22689914
LCBD-0577	CAGE		168400	Diagnostic	Autoantibody				CAGE expression levels	ELISA		Research	Non–Small-Cell Lung Cancer (NSCLC)			56	2	The state of molecular biomarkers for the early detection of lung cancer	https://pubmed.ncbi.nlm.nih.gov/22689914
LCBD-0580	IMPDH			Diagnostic	Autoantibody				IMPDH expression levels	ELISA		Research	Non–Small-Cell Lung Cancer (NSCLC)			56	1	The state of molecular biomarkers for the early detection of lung cancer	https://pubmed.ncbi.nlm.nih.gov/22689914
LCBD-0580	IMPDH			Diagnostic	Autoantibody				IMPDH expression levels	ELISA		Research	Non–Small-Cell Lung Cancer (NSCLC)			56	1	The state of molecular biomarkers for the early detection of lung cancer	https://pubmed.ncbi.nlm.nih.gov/22689914
LCBD-0583	XRCC1		7515	Diagnostic	mRNA				Aberrant expression	RT-PCR		Research	Non–Small-Cell Lung Cancer (NSCLC)			56	2	The state of molecular biomarkers for the early detection of lung cancer	https://pubmed.ncbi.nlm.nih.gov/22689914
LCBD-0594	c-myc		4609	Diagnostic	DNA					FISH + cytology		Research	Non–Small-Cell Lung Cancer (NSCLC)			56	7	The state of molecular biomarkers for the early detection of lung cancer	https://pubmed.ncbi.nlm.nih.gov/22689914
LCBD-0594	c-myc		4609	Diagnostic	Autoantibody				cmyc expression levels	ELISA		Research	Lung Cancer			56	1	The state of molecular biomarkers for the early detection of lung cancer	https://pubmed.ncbi.nlm.nih.gov/22689914
LCBD-0602	DCC		1630	Diagnostic	DNA				Methylation	qPCR		Research	Non–Small-Cell Lung Cancer (NSCLC)			56	1	The state of molecular biomarkers for the early detection of lung cancer	https://pubmed.ncbi.nlm.nih.gov/22689914
LCBD-0611	LAMR1		3921	Diagnostic	Autoantibody				LAMR1 expression levels	Protein array		Research	Non–Small-Cell Lung Cancer (NSCLC)			56	2	The state of molecular biomarkers for the early detection of lung cancer	https://pubmed.ncbi.nlm.nih.gov/22689914
LCBD-0645	ANXA2		302	Diagnostic	Autoantibody				ANXA2 expression levels	ELISA		Research	Non–Small-Cell Lung Cancer (NSCLC)			56	1	The state of molecular biomarkers for the early detection of lung cancer	https://pubmed.ncbi.nlm.nih.gov/22689914
LCBD-0647	MIF		4282	Diagnostic	MALDI signature				Aberrant expression	MALDI/MS		Research	Non–Small-Cell Lung Cancer (NSCLC)			56	2	The state of molecular biomarkers for the early detection of lung cancer	https://pubmed.ncbi.nlm.nih.gov/22689914
LCBD-0666	ERCC4		2072	Diagnostic	mRNA				Aberrant expression	RT-PCR		Research	Non–Small-Cell Lung Cancer (NSCLC)			56	2	The state of molecular biomarkers for the early detection of lung cancer	https://pubmed.ncbi.nlm.nih.gov/22689914
LCBD-0670	SOD1		6647	Diagnostic	mRNA				Aberrant expression	RT-PCR		Research	Non–Small-Cell Lung Cancer (NSCLC)			56	2	The state of molecular biomarkers for the early detection of lung cancer	https://pubmed.ncbi.nlm.nih.gov/22689914
LCBD-0744	AIM		969	Diagnostic	DNA				Methylation	qPCR		Research	Non–Small-Cell Lung Cancer (NSCLC)			56	1	The state of molecular biomarkers for the early detection of lung cancer	https://pubmed.ncbi.nlm.nih.gov/22689914
LCBD-0755	APC		324	Diagnostic	DNA				Methylation	qPCR		Research	Non–Small-Cell Lung Cancer (NSCLC)			56	1	The state of molecular biomarkers for the early detection of lung cancer	https://pubmed.ncbi.nlm.nih.gov/22689914
LCBD-0775	HYAL2		8692	Diagnostic	DNA					FISH		Research	Non–Small-Cell Lung Cancer (NSCLC)			56	1	The state of molecular biomarkers for the early detection of lung cancer	https://pubmed.ncbi.nlm.nih.gov/22689914
LCBD-0847	ERCC5		2073	Diagnostic	mRNA				Aberrant expression	RT-PCR		Research	Non–Small-Cell Lung Cancer (NSCLC)			56	2	The state of molecular biomarkers for the early detection of lung cancer	https://pubmed.ncbi.nlm.nih.gov/22689914
LCBD-0881	Annexin 1	ANXA1	301	Diagnostic	Autoantibody				Annexin 1 expression levels	ELISA		Research	Non–Small-Cell Lung Cancer (NSCLC)			56	1	The state of molecular biomarkers for the early detection of lung cancer	https://pubmed.ncbi.nlm.nih.gov/22689914
LCBD-0881	Annexin I	ANXA1	301	Diagnostic	Autoantibody				Annexin I expression levels	Protein array		Research	Non–Small-Cell Lung Cancer (NSCLC)			56	4	The state of molecular biomarkers for the early detection of lung cancer	https://pubmed.ncbi.nlm.nih.gov/22689914
LCBD-0904	PRKCI		5584	Diagnostic	Aptamer				PRKCI expression levels	Aptamers		Research	Non–Small-Cell Lung Cancer (NSCLC)			56	1	The state of molecular biomarkers for the early detection of lung cancer	https://pubmed.ncbi.nlm.nih.gov/22689914
LCBD-0915	GDNF		2668	Diagnostic	DNA				Methylation	Methylation array		Research	Squamous Cell Carcinoma (SCC)			56	1	The state of molecular biomarkers for the early detection of lung cancer	https://pubmed.ncbi.nlm.nih.gov/22689914
LCBD-0933	BVES		11149	Diagnostic	DNA				Methylation	Methylation array		Research	Non–Small-Cell Lung Cancer (NSCLC)			56	1	The state of molecular biomarkers for the early detection of lung cancer	https://pubmed.ncbi.nlm.nih.gov/22689914
LCBD-0939	PTPRN2		5799	Diagnostic	DNA				Methylation	Methylation array		Research	Squamous Cell Carcinoma (SCC)			56	1	The state of molecular biomarkers for the early detection of lung cancer	https://pubmed.ncbi.nlm.nih.gov/22689914
LCBD-0961	ACBP		1622	Diagnostic	MALDI signature				Aberrant expression	MALDI/MS		Research	Non–Small-Cell Lung Cancer (NSCLC)			56	1	The state of molecular biomarkers for the early detection of lung cancer	https://pubmed.ncbi.nlm.nih.gov/22689914
LCBD-0962	CAT		847	Diagnostic	mRNA				Aberrant expression	RT-PCR		Research	Non–Small-Cell Lung Cancer (NSCLC)			56	2	The state of molecular biomarkers for the early detection of lung cancer	https://pubmed.ncbi.nlm.nih.gov/22689914
LCBD-0986	pleiotrophin		5764	Diagnostic	Aptamer				pleiotrophin expression levels	Aptamers		Research	Non–Small-Cell Lung Cancer (NSCLC)			56	1	The state of molecular biomarkers for the early detection of lung cancer	https://pubmed.ncbi.nlm.nih.gov/22689914
LCBD-0990	CDH1		999	Diagnostic	DNA				Methylation	qPCR		Research	Non–Small-Cell Lung Cancer (NSCLC)			56	2	The state of molecular biomarkers for the early detection of lung cancer	https://pubmed.ncbi.nlm.nih.gov/22689914
LCBD-0990	CDH1		999	Diagnostic	DNA				Methylation	Methylation array		Research	Non–Small-Cell Lung Cancer (NSCLC)			56	1	The state of molecular biomarkers for the early detection of lung cancer	https://pubmed.ncbi.nlm.nih.gov/22689914
LCBD-1008	CEP3		10602	Diagnostic	DNA					FISH		Research	Non–Small-Cell Lung Cancer (NSCLC)			56	1	The state of molecular biomarkers for the early detection of lung cancer	https://pubmed.ncbi.nlm.nih.gov/22689914
LCBD-1023	S-Adenosylmethionine		100287544	Diagnostic	DNA				Methylation	HPLC		Research	Lung Cancer			56	1	The state of molecular biomarkers for the early detection of lung cancer	https://pubmed.ncbi.nlm.nih.gov/22689914
LCBD-1054	PLUNC		5328	Diagnostic	mRNA				Aberrant expression	qRT-PCR		Research	Non–Small-Cell Lung Cancer (NSCLC)			56	1	The state of molecular biomarkers for the early detection of lung cancer	https://pubmed.ncbi.nlm.nih.gov/22689914
LCBD-1075	ALDH3A1		218	Diagnostic	mRNA				Aberrant expression	qRT-PCR		Research	Non–Small-Cell Lung Cancer (NSCLC)			56	1	The state of molecular biomarkers for the early detection of lung cancer	https://pubmed.ncbi.nlm.nih.gov/22689914
LCBD-1081	GPX1		2876	Diagnostic	mRNA				Aberrant expression	RT-PCR		Research	Non–Small-Cell Lung Cancer (NSCLC)			56	1	The state of molecular biomarkers for the early detection of lung cancer	https://pubmed.ncbi.nlm.nih.gov/22689914
LCBD-1081	GPX1		2876	Diagnostic	mRNA				Aberrant expression	RT-PCR		Research	Non–Small-Cell Lung Cancer (NSCLC)			56	1	The state of molecular biomarkers for the early detection of lung cancer	https://pubmed.ncbi.nlm.nih.gov/22689914
LCBD-1086	SFTPC		6440	Diagnostic	DNA					FISH		Research	Non–Small-Cell Lung Cancer (NSCLC)			56	1	The state of molecular biomarkers for the early detection of lung cancer	https://pubmed.ncbi.nlm.nih.gov/22689914
LCBD-1090	GSTP1		2950	Diagnostic	mRNA				Aberrant expression	RT-PCR		Research	Non–Small-Cell Lung Cancer (NSCLC)			56	2	The state of molecular biomarkers for the early detection of lung cancer	https://pubmed.ncbi.nlm.nih.gov/22689914
LCBD-1099	HER2		2064	Diagnostic	Autoantibody				HER2 expression levels	ELISA		Research	Lung Cancer			56	6	The state of molecular biomarkers for the early detection of lung cancer	https://pubmed.ncbi.nlm.nih.gov/22689914
LCBD-1108	CEP6			Diagnostic	DNA					FISH + cytology		Research	Non–Small-Cell Lung Cancer (NSCLC)			56	1	The state of molecular biomarkers for the early detection of lung cancer	https://pubmed.ncbi.nlm.nih.gov/22689914
LCBD-1143	PAX8		7849	Diagnostic	DNA				Methylation	Methylation array		Research	Squamous Cell Carcinoma (SCC)			56	1	The state of molecular biomarkers for the early detection of lung cancer	https://pubmed.ncbi.nlm.nih.gov/22689914
LCBD-1227	AKR1B10 - Aldo-keto reductase family 1 member B6	AKR1B10	57016	Diagnostic	mRNA				Aberrant expression	qRT-PCR		Research	Non–Small-Cell Lung Cancer (NSCLC)			56	1	The state of molecular biomarkers for the early detection of lung cancer	https://pubmed.ncbi.nlm.nih.gov/22689914
LCBD-1243	RASSF1		5923	Diagnostic	DNA				Methylation	Methylation array		Research	Non–Small-Cell Lung Cancer (NSCLC)			56	2	The state of molecular biomarkers for the early detection of lung cancer	https://pubmed.ncbi.nlm.nih.gov/22689914
LCBD-1270	SOX2		6657	Diagnostic	Autoantibody				SOX2 expression levels	ELISA		Research	Non–Small-Cell Lung Cancer (NSCLC)			56	1	The state of molecular biomarkers for the early detection of lung cancer	https://pubmed.ncbi.nlm.nih.gov/22689914
LCBD-1277	KCNH5		27133	Diagnostic	DNA				Methylation	Methylation array		Research	Non–Small-Cell Lung Cancer (NSCLC)			56	1	The state of molecular biomarkers for the early detection of lung cancer	https://pubmed.ncbi.nlm.nih.gov/22689914
LCBD-1290	TNFRSF25		8718	Diagnostic	DNA				Methylation	Methylation array		Research	Squamous Cell Carcinoma (SCC)			56	1	The state of molecular biomarkers for the early detection of lung cancer	https://pubmed.ncbi.nlm.nih.gov/22689914
LCBD-1336	TMLS4			Diagnostic	MALDI signature				Aberrant expression	MALDI/MS		Research	Non–Small-Cell Lung Cancer (NSCLC)			56	1	The state of molecular biomarkers for the early detection of lung cancer	https://pubmed.ncbi.nlm.nih.gov/22689914
LCBD-1404	PGAM1		5223	Diagnostic	Autoantibody				PGAM1 expression levels	ELISA		Research	Non–Small-Cell Lung Cancer (NSCLC)			56	1	The state of molecular biomarkers for the early detection of lung cancer	https://pubmed.ncbi.nlm.nih.gov/22689914
LCBD-1413	HSP70-9B			Diagnostic	Autoantibody				HSP70-9B expression levels	ELISA		Research	Non–Small-Cell Lung Cancer (NSCLC)			56	1	The state of molecular biomarkers for the early detection of lung cancer	https://pubmed.ncbi.nlm.nih.gov/22689914
LCBD-1416	GSTM3		2947	Diagnostic	mRNA				Aberrant expression	RT-PCR		Research	Non–Small-Cell Lung Cancer (NSCLC)			56	2	The state of molecular biomarkers for the early detection of lung cancer	https://pubmed.ncbi.nlm.nih.gov/22689914
LCBD-1452	GSTT1		2952	Diagnostic	mRNA				Aberrant expression	RT-PCR		Research	Non–Small-Cell Lung Cancer (NSCLC)			56	2	The state of molecular biomarkers for the early detection of lung cancer	https://pubmed.ncbi.nlm.nih.gov/22689914
LCBD-0191	Tissue polypeptide antigen (TPA)	TPA	5327	Prognostic	circulating complex of polypeptide fragments				Upregulation				Lung Cancer			58	3	"Serum-based protein biomarkers for detection 
of lung cancer"	http://dx.doi.org/10.2478/s11535-013-0271-0
LCBD-0020	p53		7157	Unspecified	DNA				Aberrant expression; Over-expression				Lung Cancer			60	14	Biomarkers and Biosensors for the Early Diagnosis of Lung Cancer	http://dx.doi.org/10.1016/j.snb.2013.07.078
LCBD-0384	p16		1029	Unspecified	DNA				Exhibited methylation; Loss of Heterozygosity (LOH)				Non–Small-Cell Lung Cancer (NSCLC)			60	5	Biomarkers and Biosensors for the Early Diagnosis of Lung Cancer	http://dx.doi.org/10.1016/j.snb.2013.07.078
LCBD-0525	Ras genes (Ras genes that are K-ras, H-ras and N-ras code 21 kD proteins)	RAS		Unspecified	DNA				Mutation				"Adenocarcinoma (AC) "			60	2	Biomarkers and Biosensors for the Early Diagnosis of Lung Cancer	http://dx.doi.org/10.1016/j.snb.2013.07.078
LCBD-0807	"Mono-Antennary Glycans "	"Mono-Antennary Glycans "		Unspecified	Glycan				Increased				Lung Cancer		100	63	1	Novel glycan biomarkers for the detection of lung cancer	https://pubmed.ncbi.nlm.nih.gov/21214223
LCBD-0942	Tri-Sialylated Glycans			Unspecified	Glycan				Increased	WAX-HPLC			Lung Cancer		100	63	1	Novel glycan biomarkers for the detection of lung cancer	https://pubmed.ncbi.nlm.nih.gov/21214223
LCBD-1195	N-Glycan		55768	Unspecified	Glycan				Glycosylation				Lung Cancer		100	63	1	Novel glycan biomarkers for the detection of lung cancer	https://pubmed.ncbi.nlm.nih.gov/21214223
LCBD-1255	Repair of the oxidative DNA damage 8-oxoguanine			Predictive	DNA				Variations in DNA repair			Research	Lung Cancer			90	1	Repair of the oxidative DNA damage 8-oxoguanine as a biomarker for lung cancer risk	https://pubmed.ncbi.nlm.nih.gov/17192041
LCBD-1461	E2F3 mRNA		1871	Diagnostic	mRNA				Higher levels	RT-PCR		Research	Lung Cancer			91	1	E2F3 transcription factor: A promising biomarker in lung cancer	https://pubmed.ncbi.nlm.nih.gov/28269748
LCBD-0020	p53		7157	Unspecified	DNA				Mutation			Research	Lung Cancer			94	15	Proteomic approaches in lung cancer biomarker development	https://pubmed.ncbi.nlm.nih.gov/19210125
LCBD-0285	Rb			Unspecified	DNA				Mutation			Research	Lung Cancer			94	1	Proteomic approaches in lung cancer biomarker development	https://pubmed.ncbi.nlm.nih.gov/19210125
LCBD-0320	MYC		4609	Unspecified	DNA				Mutation			Research	Lung Cancer			94	2	Proteomic approaches in lung cancer biomarker development	https://pubmed.ncbi.nlm.nih.gov/19210125
LCBD-0012	miR-205		406988	Diagnostic	RNA				Upregulated				Non–Small-Cell Lung Cancer (NSCLC)		1126	107	5	Role of miRNA in Lung Cancer-Potential Biomarkers and Therapies	https://pubmed.ncbi.nlm.nih.gov/28714414
LCBD-0187	miR-126-3p		406913	Diagnostic	RNA				Downregulated				Lung Cancer			107	19	Role of miRNA in Lung Cancer-Potential Biomarkers and Therapies	https://pubmed.ncbi.nlm.nih.gov/28714414
LCBD-0187	miR-126-5p		406913	Diagnostic	RNA				Downregulated				Lung Cancer			107	23	Role of miRNA in Lung Cancer-Potential Biomarkers and Therapies	https://pubmed.ncbi.nlm.nih.gov/28714414
LCBD-0270	miR-25		407014	Diagnostic	RNA				Dysregulated	quantitative reverse transcription PCR (qRT-PCR)			Lung Cancer			107	3	Role of miRNA in Lung Cancer-Potential Biomarkers and Therapies	https://pubmed.ncbi.nlm.nih.gov/28714414
LCBD-0274	miR-301		407027	Diagnostic	RNA								Lung Cancer		105	107	1	Role of miRNA in Lung Cancer-Potential Biomarkers and Therapies	https://pubmed.ncbi.nlm.nih.gov/28714414
LCBD-0304	" miR-17-92 cluster of miRNAs (miR-17-3p/5p, miR-18a, miR-19a/b1, miR-20a, miR-92a)"			Unspecified	RNA				Excessively expressed				Small-Cell Lung Cancer (SCLC)			107	1	Role of miRNA in Lung Cancer-Potential Biomarkers and Therapies	https://pubmed.ncbi.nlm.nih.gov/28714414
LCBD-0319	miR-210		406992	Diagnostic	RNA				Upregulated				Lung Cancer		1126	107	5	Role of miRNA in Lung Cancer-Potential Biomarkers and Therapies	https://pubmed.ncbi.nlm.nih.gov/28714414
LCBD-0323	miR-19b			Diagnostic	RNA				Dysregulated	quantitative reverse transcription PCR (qRT-PCR)			Lung Cancer			107	2	Role of miRNA in Lung Cancer-Potential Biomarkers and Therapies	https://pubmed.ncbi.nlm.nih.gov/28714414
LCBD-0360	miR-451a		574411	Diagnostic	RNA				Downregulated				Lung Cancer			107	1	Role of miRNA in Lung Cancer-Potential Biomarkers and Therapies	https://pubmed.ncbi.nlm.nih.gov/28714414
LCBD-0365	miR-19b			Unspecified	RNA			Potential					Lung Cancer			107	2	Role of miRNA in Lung Cancer-Potential Biomarkers and Therapies	https://pubmed.ncbi.nlm.nih.gov/28714414
LCBD-0368	miR-21		406991	Diagnostic	RNA				Dysregulated	quantitative reverse transcription PCR (qRT-PCR)			Lung Cancer			107	11	Role of miRNA in Lung Cancer-Potential Biomarkers and Therapies	https://pubmed.ncbi.nlm.nih.gov/28714414
LCBD-0368	miR-21		406991	Diagnostic and Prognostic	RNA				upregulated; excessive expression				Lung Cancer			107	9	Role of miRNA in Lung Cancer-Potential Biomarkers and Therapies	https://pubmed.ncbi.nlm.nih.gov/28714414
LCBD-0368	miR-21		406991	Diagnostic	RNA				Upregulated				Lung Cancer		1126	107	10	Role of miRNA in Lung Cancer-Potential Biomarkers and Therapies	https://pubmed.ncbi.nlm.nih.gov/28714414
LCBD-0448	miR-30a		407029	Diagnostic	RNA				Downregulated				Lung Cancer			107	3	Role of miRNA in Lung Cancer-Potential Biomarkers and Therapies	https://pubmed.ncbi.nlm.nih.gov/28714414
LCBD-0485	miR-34		407040	Diagnostic and Prognostic	RNA				Downregulation				Lung Cancer			107	1	Role of miRNA in Lung Cancer-Potential Biomarkers and Therapies	https://pubmed.ncbi.nlm.nih.gov/28714414
LCBD-0548	miR-486-5p		619554	Diagnostic	RNA				Downregulated				Lung Cancer			107	19	Role of miRNA in Lung Cancer-Potential Biomarkers and Therapies	https://pubmed.ncbi.nlm.nih.gov/28714414
LCBD-0751	miR-200b		406984	Diagnostic	RNA				Upregulated				Lung Cancer		1126	107	5	Role of miRNA in Lung Cancer-Potential Biomarkers and Therapies	https://pubmed.ncbi.nlm.nih.gov/28714414
LCBD-0751	miR-200b		406984	Diagnostic	RNA								Lung Cancer		105	107	6	Role of miRNA in Lung Cancer-Potential Biomarkers and Therapies	https://pubmed.ncbi.nlm.nih.gov/28714414
LCBD-0778	miR-31		407035	Diagnostic	RNA				Upregulated				Lung Cancer		1126	107	2	Role of miRNA in Lung Cancer-Potential Biomarkers and Therapies	https://pubmed.ncbi.nlm.nih.gov/28714414
LCBD-0802	miR-92a-2		407049	Diagnostic	RNA								Small-Cell Lung Cancer (SCLC)			107	2	Role of miRNA in Lung Cancer-Potential Biomarkers and Therapies	https://pubmed.ncbi.nlm.nih.gov/28714414
LCBD-0968	miR-183		406959	Diagnostic	RNA				Dysregulated	quantitative reverse transcription PCR (qRT-PCR)			Lung Cancer			107	4	Role of miRNA in Lung Cancer-Potential Biomarkers and Therapies	https://pubmed.ncbi.nlm.nih.gov/28714414
LCBD-0968	miR-183		406959	Diagnostic	RNA				Upregulated				Lung Cancer		1126	107	3	Role of miRNA in Lung Cancer-Potential Biomarkers and Therapies	https://pubmed.ncbi.nlm.nih.gov/28714414
LCBD-0968	miR-183		406959	Unspecified	RNA			Potential					Lung Cancer			107	8	Role of miRNA in Lung Cancer-Potential Biomarkers and Therapies	https://pubmed.ncbi.nlm.nih.gov/28714414
LCBD-1168	miR-193b		574455	Diagnostic	RNA								Lung Cancer		105	107	1	Role of miRNA in Lung Cancer-Potential Biomarkers and Therapies	https://pubmed.ncbi.nlm.nih.gov/28714414
LCBD-1339	miR-182		406958	Diagnostic	RNA				Upregulated				Lung Cancer		1126	107	3	Role of miRNA in Lung Cancer-Potential Biomarkers and Therapies	https://pubmed.ncbi.nlm.nih.gov/28714414
LCBD-0995	miR-574-5p		693159	Diagnostic	RNA				Highly increased expression level	Quantitative polymerase chain reaction (qPCR)			Lung Cancer		22 individuals (11 controls and 11 patients with early-stage NSCLC)	115	2	miR-1254 and miR-574-5p: serum-based microRNA biomarkers for early-stage non-small cell lung cancer	https://pubmed.ncbi.nlm.nih.gov/21258252
LCBD-1370	miR-1254			Diagnostic	RNA				Highly increased expression level	Quantitative polymerase chain reaction (qPCR)			Lung Cancer		22 individuals (11 controls and 11 patients with early-stage NSCLC)	115	2	miR-1254 and miR-574-5p: serum-based microRNA biomarkers for early-stage non-small cell lung cancer	https://pubmed.ncbi.nlm.nih.gov/21258252
LCBD-0995	miR-574-5p		693159	Diagnostic	RNA				Highly increased expression level	Quantitative polymerase chain reaction (qPCR)			Lung Cancer		22 individuals (11 controls and 11 patients with early-stage NSCLC)	115	2	miR-1254 and miR-574-5p: serum-based microRNA biomarkers for early-stage non-small cell lung cancer	https://pubmed.ncbi.nlm.nih.gov/21258252
LCBD-1370	miR-1254			Diagnostic	RNA				Highly increased expression level	Quantitative polymerase chain reaction (qPCR)			Lung Cancer		22 individuals (11 controls and 11 patients with early-stage NSCLC)	115	2	miR-1254 and miR-574-5p: serum-based microRNA biomarkers for early-stage non-small cell lung cancer	https://pubmed.ncbi.nlm.nih.gov/21258252
LCBD-0625	Carcinoembryonic antigen (CEA)	CEA	634	Prognostic	Glycoprotein			Potential	CEA serum level			Approved	Non–Small-Cell Lung Cancer (NSCLC)			121	16	Carcinoembryonic antigen (CEA) as tumor marker in lung cancer	https://pubmed.ncbi.nlm.nih.gov/22153832
LCBD-0270	miR-25		407014	Unspecified	RNA			Potential	Overexpression	quantitative reverse transcription (rT)­PCr			Non–Small-Cell Lung Cancer (NSCLC)			122	4	Emerging molecular biomarkers--blood-based strategies to detect and monitor cancer	https://pubmed.ncbi.nlm.nih.gov/21364687
LCBD-0347	RASSF1A		11186	"Detective "	DNA			Potential	Hypermethylation			Research	Lung Cancer			122	7	Emerging molecular biomarkers--blood-based strategies to detect and monitor cancer	https://pubmed.ncbi.nlm.nih.gov/21364687
LCBD-0428	MGMT		4255	"Detective "	DNA			Potential	Hypermethylation			Research	Lung Cancer			122	7	Emerging molecular biomarkers--blood-based strategies to detect and monitor cancer	https://pubmed.ncbi.nlm.nih.gov/21364687
LCBD-0738	miR-223		407008	Unspecified	RNA			Potential	Overexpression	quantitative reverse transcription (rT)­PCr			Non–Small-Cell Lung Cancer (NSCLC)			122	2	Emerging molecular biomarkers--blood-based strategies to detect and monitor cancer	https://pubmed.ncbi.nlm.nih.gov/21364687
LCBD-0755	APC		324	"Detective "	DNA			Potential	Hypermethylation			Research	Lung Cancer			122	4	Emerging molecular biomarkers--blood-based strategies to detect and monitor cancer	https://pubmed.ncbi.nlm.nih.gov/21364687
LCBD-0758	p16INK4A		1029	"Detective "	DNA			Potential	Hypermethylation			Research	Lung Cancer			122	3	Emerging molecular biomarkers--blood-based strategies to detect and monitor cancer	https://pubmed.ncbi.nlm.nih.gov/21364687
LCBD-0842	RARβ		5915	"Detective "	DNA			Potential	Hypermethylation			Research	Lung Cancer			122	1	Emerging molecular biomarkers--blood-based strategies to detect and monitor cancer	https://pubmed.ncbi.nlm.nih.gov/21364687
LCBD-1090	GSTP1		2950	"Detective "	DNA			Potential	Hypermethylation			Research	Lung Cancer			122	5	Emerging molecular biomarkers--blood-based strategies to detect and monitor cancer	https://pubmed.ncbi.nlm.nih.gov/21364687
LCBD-1298	DAPK11			"Detective "	DNA			Potential	Hypermethylation			Research	Lung Cancer			122	1	Emerging molecular biomarkers--blood-based strategies to detect and monitor cancer	https://pubmed.ncbi.nlm.nih.gov/21364687
LCBD-1160	circulating tumor cells (CTCs)	CTC		Diagnostic	Cell				"High expression levels "				Lung Cancer		460 lung cancer patients and 239 benign controls	125	1	Circulating tumor cells as a potential biomarker in diagnosis of lung cancer: a systematic review and meta-analysis	https://pubmed.ncbi.nlm.nih.gov/27778482
LCBD-0076	SHOX2		6474	Unspecified	DNA Methylation					Quantitative real-time PCR			Small-Cell Lung Cancer (SCLC), Squamous Cell Lung Cancer (SQLC), Adenocarcinoma (ADC)		411 subjects	127	4	Lung Cancer Biomarkers	http://dx.doi.org/10.1016/bs.acc.2015.07.003
LCBD-0112	Septin 9			Diagnostic	DNA Methylation			Potential					Non–Small-Cell Lung Cancer (NSCLC), Small-Cell Lung Cancer (SCLC)		170 subjects (70 untreated lung cancer patients：53% of NSCLC patients and 26% of the SCLC patients & 100 healthy individuals)	127	1	Lung Cancer Biomarkers	http://dx.doi.org/10.1016/bs.acc.2015.07.003
LCBD-0315	BRMS1		25885	Prognostic	DNA Methylation			Potential					Non–Small-Cell Lung Cancer (NSCLC)		146 subjects (122 NSCLC patients and 24 healthy individuals )	127	2	Lung Cancer Biomarkers	http://dx.doi.org/10.1016/bs.acc.2015.07.003
LCBD-0384	p16		1029	Unspecified	DNA Methylation					nested methylation-specific PCR			Lung Cancer		251 subjects (56 lung cancer survivors, 121 clinically cancer-free smokers, and 74 never smokers in a female population)	127	9	Lung Cancer Biomarkers	http://dx.doi.org/10.1016/bs.acc.2015.07.003
LCBD-0384	p16		1029	Unspecified	DNA Methylation					fluorescent quantitative methylation-specific PCR			Lung Cancer		60 subjects (30 NSCLC patients (cancer tissues, adjacent normal lung tissues, blood plasma, and EBC) and 30 healthy controls)	127	10	Lung Cancer Biomarkers	http://dx.doi.org/10.1016/bs.acc.2015.07.003
LCBD-0400	TMEFF2		23671	Diagnostic and Prognostic	DNA Methylation								Non–Small-Cell Lung Cancer (NSCLC)		139 subjects	127	1	Lung Cancer Biomarkers	http://dx.doi.org/10.1016/bs.acc.2015.07.003
LCBD-0029	aldehydes C9			Diagnostic	Aldehydes				Over 8.433 nmol/L	SPME-OFD (on-fiber-derivatization) & GC-MS (gas chromatography-mass spectrometry)		Research	Non–Small-Cell Lung Cancer (NSCLC)		39 subjects (12 lung cancer patients, 12 smokers and 12 healthy volunteers)	128	1	Breath gas aldehydes as biomarkers of lung cancer	https://pubmed.ncbi.nlm.nih.gov/19839051
LCBD-0255	aldehydes C8			Diagnostic	Aldehydes				Over 1.068 nmol/L	SPME-OFD (on-fiber-derivatization) & GC-MS (gas chromatography-mass spectrometry)		Research	Non–Small-Cell Lung Cancer (NSCLC)		38 subjects (12 lung cancer patients, 12 smokers and 12 healthy volunteers)	128	1	Breath gas aldehydes as biomarkers of lung cancer	https://pubmed.ncbi.nlm.nih.gov/19839051
LCBD-1176	aldehydes C6			Diagnostic	Aldehydes				Over 1.208 nmol/L	SPME-OFD (on-fiber-derivatization) & GC-MS (gas chromatography-mass spectrometry)		Research	Non–Small-Cell Lung Cancer (NSCLC)		37 subjects (12 lung cancer patients, 12 smokers and 12 healthy volunteers)	128	1	Breath gas aldehydes as biomarkers of lung cancer	https://pubmed.ncbi.nlm.nih.gov/19839051
LCBD-1192	aldehydes C5			Diagnostic	Aldehydes				Over 0.275 nmol/L	SPME-OFD (on-fiber-derivatization) & GC-MS (gas chromatography-mass spectrometry)		Research	Non–Small-Cell Lung Cancer (NSCLC)		36 subjects (12 lung cancer patients, 12 smokers and 12 healthy volunteers)	128	1	Breath gas aldehydes as biomarkers of lung cancer	https://pubmed.ncbi.nlm.nih.gov/19839051
LCBD-0169	miR-29c		407026	Diagnostic and Prognostic	RNA				Increased	qRT-PCR			Lung Cancer		220 patients with early stage nonsmall cell lung cancer (NSCLC) and 220 matched controls	129	1	Circulating micro-RNA expression profiles in early stage nonsmall cell lung cancer	https://pubmed.ncbi.nlm.nih.gov/21544802
LCBD-0271	let-7a		406881	Diagnostic and Prognostic	RNA				Reduced	qRT-PCR			Non–Small-Cell Lung Cancer (NSCLC)		220 patients with early stage nonsmall cell lung cancer (NSCLC) and 221 matched controls	129	4	Circulating micro-RNA expression profiles in early stage nonsmall cell lung cancer	https://pubmed.ncbi.nlm.nih.gov/21544802
LCBD-0339	miR-27a		407018	Diagnostic and Prognostic	RNA				Reduced	qRT-PCR			Non–Small-Cell Lung Cancer (NSCLC)		220 patients with early stage nonsmall cell lung cancer (NSCLC) and 221 matched controls	129	2	Circulating micro-RNA expression profiles in early stage nonsmall cell lung cancer	https://pubmed.ncbi.nlm.nih.gov/21544802
LCBD-0923	miR-146b		574447	Diagnostic and Prognostic	RNA				Reduced	qRT-PCR			Non–Small-Cell Lung Cancer (NSCLC)		220 patients with early stage nonsmall cell lung cancer (NSCLC) and 221 matched controls	129	1	Circulating micro-RNA expression profiles in early stage nonsmall cell lung cancer	https://pubmed.ncbi.nlm.nih.gov/21544802
LCBD-1022	miR-221		407006	Diagnostic and Prognostic	RNA				Reduced	qRT-PCR			Non–Small-Cell Lung Cancer (NSCLC)		220 patients with early stage nonsmall cell lung cancer (NSCLC) and 221 matched controls	129	4	Circulating micro-RNA expression profiles in early stage nonsmall cell lung cancer	https://pubmed.ncbi.nlm.nih.gov/21544802
LCBD-1069	miR-17-5p		406952	Diagnostic and Prognostic	RNA				Reduced	qRT-PCR			Non–Small-Cell Lung Cancer (NSCLC)		220 patients with early stage nonsmall cell lung cancer (NSCLC) and 221 matched controls	129	8	Circulating micro-RNA expression profiles in early stage nonsmall cell lung cancer	https://pubmed.ncbi.nlm.nih.gov/21544802
LCBD-1114	miR-155		406947	Diagnostic and Prognostic	RNA				Reduced	qRT-PCR			Non–Small-Cell Lung Cancer (NSCLC)		220 patients with early stage nonsmall cell lung cancer (NSCLC) and 221 matched controls	129	4	Circulating micro-RNA expression profiles in early stage nonsmall cell lung cancer	https://pubmed.ncbi.nlm.nih.gov/21544802
LCBD-1430	miR-106a		406899	Diagnostic and Prognostic	RNA				Reduced	qRT-PCR			Non–Small-Cell Lung Cancer (NSCLC)		220 patients with early stage nonsmall cell lung cancer (NSCLC) and 221 matched controls	129	3	Circulating micro-RNA expression profiles in early stage nonsmall cell lung cancer	https://pubmed.ncbi.nlm.nih.gov/21544802
LCBD-0215	Mn			Unspecified	Metallome				High levels				Lung Cancer			133	2	The Metallome of Lung Cancer and its Potential Use as Biomarker	https://pubmed.ncbi.nlm.nih.gov/30759767
LCBD-0265	Co			Unspecified	Metallome								Lung Cancer			133	1	The Metallome of Lung Cancer and its Potential Use as Biomarker	https://pubmed.ncbi.nlm.nih.gov/30759767
LCBD-0286	Cr			Unspecified	Metallome								Lung Cancer			133	1	The Metallome of Lung Cancer and its Potential Use as Biomarker	https://pubmed.ncbi.nlm.nih.gov/30759767
LCBD-0387	Zn			Unspecified	Metallome				Decreased				Lung Cancer			133	1	The Metallome of Lung Cancer and its Potential Use as Biomarker	https://pubmed.ncbi.nlm.nih.gov/30759767
LCBD-0515	Br			Unspecified	Metallome								Lung Cancer			133	1	The Metallome of Lung Cancer and its Potential Use as Biomarker	https://pubmed.ncbi.nlm.nih.gov/30759767
LCBD-0948	V			Unspecified	Metallome								Lung Cancer			133	1	The Metallome of Lung Cancer and its Potential Use as Biomarker	https://pubmed.ncbi.nlm.nih.gov/30759767
LCBD-1212	Fe			Unspecified	Metallome								Lung Cancer			133	1	The Metallome of Lung Cancer and its Potential Use as Biomarker	https://pubmed.ncbi.nlm.nih.gov/30759767
LCBD-1294	Cu			Unspecified	Metallome				Elevated				Lung Cancer			133	1	The Metallome of Lung Cancer and its Potential Use as Biomarker	https://pubmed.ncbi.nlm.nih.gov/30759767
LCBD-1443	Se			Unspecified	Metallome								Lung Cancer			133	1	The Metallome of Lung Cancer and its Potential Use as Biomarker	https://pubmed.ncbi.nlm.nih.gov/30759767
LCBD-0109	Adenosine 50 monophosphate			Diagnostic	Metabolite								Non–Small-Cell Lung Cancer (NSCLC)		136 subjects (68 lung cancers vs. 68 normal tissue - 33 AC vs. 35 SCC)	139	1	In situ biomarker discovery and label-free molecular histopathological diagnosis of lung cancer by ambient mass spectrometry imaging	https://pubmed.ncbi.nlm.nih.gov/26404114
LCBD-0117	Streptococcus			Diagnostic	Microbiome				Streptococcus was significantly more abundant in cancer samples				Non–Small-Cell Lung Cancer (NSCLC)		42 subjects (19 NSCLC (12 AC, 7 SCC) vs. 5 SCLC; vs. 18 controls)	139	1	In situ biomarker discovery and label-free molecular histopathological diagnosis of lung cancer by ambient mass spectrometry imaging	https://pubmed.ncbi.nlm.nih.gov/26404114
LCBD-0132	[PC(36:3) + Na]+			Diagnostic	Metabolite					air flow-assisted desorption electrospray ionization (AFADESI)			Non–Small-Cell Lung Cancer (NSCLC)		125 subjects (52 NSCLC vs. 21 adjacent normal tissues, 37 AC vs. 15 SCC)	139	1	In situ biomarker discovery and label-free molecular histopathological diagnosis of lung cancer by ambient mass spectrometry imaging	https://pubmed.ncbi.nlm.nih.gov/26404114
LCBD-0140	5 methyluridine			Diagnostic	Metabolite								Non–Small-Cell Lung Cancer (NSCLC)		136 subjects (68 lung cancers vs. 68 normal tissue - 33 AC vs. 35 SCC)	139	1	In situ biomarker discovery and label-free molecular histopathological diagnosis of lung cancer by ambient mass spectrometry imaging	https://pubmed.ncbi.nlm.nih.gov/26404114
LCBD-0149	[PC(18:1/20:3) + Na]+			Diagnostic	Metabolite					air flow-assisted desorption electrospray ionization (AFADESI)			Non–Small-Cell Lung Cancer (NSCLC)		125 subjects (52 NSCLC vs. 21 adjacent normal tissues, 37 AC vs. 15 SCC)	139	1	In situ biomarker discovery and label-free molecular histopathological diagnosis of lung cancer by ambient mass spectrometry imaging	https://pubmed.ncbi.nlm.nih.gov/26404114
LCBD-0196	RUNX3		864	Diagnostic	DNA				Methylation	Meta-analysis			Non–Small-Cell Lung Cancer (NSCLC)		151 studies on 108 genes	139	1	In situ biomarker discovery and label-free molecular histopathological diagnosis of lung cancer by ambient mass spectrometry imaging	https://pubmed.ncbi.nlm.nih.gov/26404114
LCBD-0258	cysteic acid			Diagnostic	Metabolite			Potential		gas chromatography (GC-MS)/MS and flow injection electrospray (FIE)-MS			Non–Small-Cell Lung Cancer (NSCLC)		67 subjects (23 lung cancer (16 NSCLC, 6 SCLC, 1 radiological dg), vs. 11 non neoplastic but suspected lung cancer vs. 33 controls)	139	1	In situ biomarker discovery and label-free molecular histopathological diagnosis of lung cancer by ambient mass spectrometry imaging	https://pubmed.ncbi.nlm.nih.gov/26404114
LCBD-0300	lipids			Diagnostic	Metabolite				Significant increase	comparison with benign pulmonary tissues performed by HR 2H NMR spectroscopy			Non–Small-Cell Lung Cancer (NSCLC)		34 subjects (14 AC; 16 SCC; 4 others)	139	1	In situ biomarker discovery and label-free molecular histopathological diagnosis of lung cancer by ambient mass spectrometry imaging	https://pubmed.ncbi.nlm.nih.gov/26404114
LCBD-0324	valine			Diagnostic	Metabolite				Decrease of inositol and valine in the cancerous tissue areas	comparison with benign pulmonary tissues performed by HR 4H NMR spectroscopy			Non–Small-Cell Lung Cancer (NSCLC)		34 subjects (14 AC; 16 SCC; 4 others)	139	1	In situ biomarker discovery and label-free molecular histopathological diagnosis of lung cancer by ambient mass spectrometry imaging	https://pubmed.ncbi.nlm.nih.gov/26404114
LCBD-0430	Plasma DNA			Diagnostic	DNA					Liquid Biopsy			Non–Small-Cell Lung Cancer (NSCLC)		1035 subjects (956 cancer free 38 with lung cancer, and 41 with other tumors)	139	1	In situ biomarker discovery and label-free molecular histopathological diagnosis of lung cancer by ambient mass spectrometry imaging	https://pubmed.ncbi.nlm.nih.gov/26404114
LCBD-0430	Plasma DNA			Diagnostic	DNA					Liquid Biopsy			Non–Small-Cell Lung Cancer (NSCLC)		210 subjects (150 lung cancer patients and 60 healthy subjects)	139	2	In situ biomarker discovery and label-free molecular histopathological diagnosis of lung cancer by ambient mass spectrometry imaging	https://pubmed.ncbi.nlm.nih.gov/26404114
LCBD-0463	[PC(16:0/20:4)+ Na]+			Diagnostic	Metabolite					air flow-assisted desorption electrospray ionization (AFADESI)			Non–Small-Cell Lung Cancer (NSCLC)		125 subjects (52 NSCLC vs. 21 adjacent normal tissues, 37 AC vs. 15 SCC)	139	1	In situ biomarker discovery and label-free molecular histopathological diagnosis of lung cancer by ambient mass spectrometry imaging	https://pubmed.ncbi.nlm.nih.gov/26404114
LCBD-0466	Lactate			Diagnostic	Metabolite				Significant increase	comparison with benign pulmonary tissues performed by HR 1H NMR spectroscopy			Non–Small-Cell Lung Cancer (NSCLC)		34 subjects (14 AC; 16 SCC; 4 others)	139	1	In situ biomarker discovery and label-free molecular histopathological diagnosis of lung cancer by ambient mass spectrometry imaging	https://pubmed.ncbi.nlm.nih.gov/26404114
LCBD-0480	Proteobacteria			Diagnostic	Microbiome								Non–Small-Cell Lung Cancer (NSCLC)		165 subjects (165 non neoplastic lung tissue from cancer patients (97 AC, 63 SCC, 5 mixed type))	139	1	In situ biomarker discovery and label-free molecular histopathological diagnosis of lung cancer by ambient mass spectrometry imaging	https://pubmed.ncbi.nlm.nih.gov/26404114
LCBD-0488	CTC			Diagnostic	Cell					Liquid Biopsy			Non–Small-Cell Lung Cancer (NSCLC)		247 subjects (208 NSCLC patients and 39 healthy subjects)	139	1	In situ biomarker discovery and label-free molecular histopathological diagnosis of lung cancer by ambient mass spectrometry imaging	https://pubmed.ncbi.nlm.nih.gov/26404114
LCBD-0488	CTC			Diagnostic	Cell					Liquid Biopsy			Non–Small-Cell Lung Cancer (NSCLC)		210 subjects (210 NSCLC patients)	139	2	In situ biomarker discovery and label-free molecular histopathological diagnosis of lung cancer by ambient mass spectrometry imaging	https://pubmed.ncbi.nlm.nih.gov/26404114
LCBD-0488	CTC			Diagnostic	Cell					Liquid Biopsy			Non–Small-Cell Lung Cancer (NSCLC)		72 subjects (72 NSCLC patients)	139	3	In situ biomarker discovery and label-free molecular histopathological diagnosis of lung cancer by ambient mass spectrometry imaging	https://pubmed.ncbi.nlm.nih.gov/26404114
LCBD-0488	CTC			Diagnostic	Cell					Liquid Biopsy			Non–Small-Cell Lung Cancer (NSCLC)		245 subjects (168 COPD patients and 77 healthy subjects)	139	4	In situ biomarker discovery and label-free molecular histopathological diagnosis of lung cancer by ambient mass spectrometry imaging	https://pubmed.ncbi.nlm.nih.gov/26404114
LCBD-0585	Thermus			Diagnostic	Microbiome								Non–Small-Cell Lung Cancer (NSCLC)		165 subjects (165 non neoplastic lung tissue from cancer patients (97 AC, 63 SCC, 5 mixed type))	139	1	In situ biomarker discovery and label-free molecular histopathological diagnosis of lung cancer by ambient mass spectrometry imaging	https://pubmed.ncbi.nlm.nih.gov/26404114
LCBD-0632	Xanthosine			Diagnostic	Metabolite								Non–Small-Cell Lung Cancer (NSCLC)		136 subjects (68 lung cancers vs. 68 normal tissue - 33 AC vs. 35 SCC)	139	1	In situ biomarker discovery and label-free molecular histopathological diagnosis of lung cancer by ambient mass spectrometry imaging	https://pubmed.ncbi.nlm.nih.gov/26404114
LCBD-0651	6 dihydrouracil		1806	Diagnostic	Metabolite								Non–Small-Cell Lung Cancer (NSCLC)		136 subjects (68 lung cancers vs. 68 normal tissue - 33 AC vs. 35 SCC)	139	1	In situ biomarker discovery and label-free molecular histopathological diagnosis of lung cancer by ambient mass spectrometry imaging	https://pubmed.ncbi.nlm.nih.gov/26404114
LCBD-0732	20 O methylguanosine			Diagnostic	Metabolite								Non–Small-Cell Lung Cancer (NSCLC)		136 subjects (68 lung cancers vs. 68 normal tissue - 33 AC vs. 35 SCC)	139	1	In situ biomarker discovery and label-free molecular histopathological diagnosis of lung cancer by ambient mass spectrometry imaging	https://pubmed.ncbi.nlm.nih.gov/26404114
LCBD-0743	20 deoxyuridine			Diagnostic	Metabolite								Non–Small-Cell Lung Cancer (NSCLC)		136 subjects (68 lung cancers vs. 68 normal tissue - 33 AC vs. 35 SCC)	139	2	In situ biomarker discovery and label-free molecular histopathological diagnosis of lung cancer by ambient mass spectrometry imaging	https://pubmed.ncbi.nlm.nih.gov/26404114
LCBD-0757	Megasphaera			Diagnostic	Microbiome				Increased phylum TM7 was observed in lung cancer patients				Non–Small-Cell Lung Cancer (NSCLC)		28 subjects (18 NSCLC (13 AC, 5 SCC) vs. 2 SCLC vs. 8 benign mass-like lesion)	139	1	In situ biomarker discovery and label-free molecular histopathological diagnosis of lung cancer by ambient mass spectrometry imaging	https://pubmed.ncbi.nlm.nih.gov/26404114
LCBD-0767	cholesterol ester with an acyl group CE			Diagnostic	Metabolite			Potential		gas chromatography (GC-MS)/MS and flow injection electrospray (FIE)-MS			Non–Small-Cell Lung Cancer (NSCLC)		67 subjects (23 lung cancer (16 NSCLC, 6 SCLC, 1 radiological dg), vs. 11 non neoplastic but suspected lung cancer vs. 33 controls)	139	1	In situ biomarker discovery and label-free molecular histopathological diagnosis of lung cancer by ambient mass spectrometry imaging	https://pubmed.ncbi.nlm.nih.gov/26404114
LCBD-0906	hydroxypyruvic acid			Diagnostic	Metabolite			Potential		gas chromatography (GC-MS)/MS and flow injection electrospray (FIE)-MS			Non–Small-Cell Lung Cancer (NSCLC)		67 subjects (23 lung cancer (16 NSCLC, 6 SCLC, 1 radiological dg), vs. 11 non neoplastic but suspected lung cancer vs. 33 controls)	139	1	In situ biomarker discovery and label-free molecular histopathological diagnosis of lung cancer by ambient mass spectrometry imaging	https://pubmed.ncbi.nlm.nih.gov/26404114
LCBD-0914	Hexenal			Diagnostic	Metabolite			Potential		gas chromatography (GC-MS)/MS and flow injection electrospray (FIE)-MS			Non–Small-Cell Lung Cancer (NSCLC)		67 subjects (23 lung cancer (16 NSCLC, 6 SCLC, 1 radiological dg), vs. 11 non neoplastic but suspected lung cancer vs. 33 controls)	139	1	In situ biomarker discovery and label-free molecular histopathological diagnosis of lung cancer by ambient mass spectrometry imaging	https://pubmed.ncbi.nlm.nih.gov/26404114
LCBD-0928	Inosine			Diagnostic	Metabolite								Non–Small-Cell Lung Cancer (NSCLC)		136 subjects (68 lung cancers vs. 68 normal tissue - 33 AC vs. 35 SCC)	139	1	In situ biomarker discovery and label-free molecular histopathological diagnosis of lung cancer by ambient mass spectrometry imaging	https://pubmed.ncbi.nlm.nih.gov/26404114
LCBD-0988	5 dihydrothymine		1806	Diagnostic	Metabolite								Non–Small-Cell Lung Cancer (NSCLC)		136 subjects (68 lung cancers vs. 68 normal tissue - 33 AC vs. 35 SCC)	139	1	In situ biomarker discovery and label-free molecular histopathological diagnosis of lung cancer by ambient mass spectrometry imaging	https://pubmed.ncbi.nlm.nih.gov/26404114
LCBD-0996	Capnocytophaga			Diagnostic	Microbiome				The combined high levels of Capnocytophaga and Veillonella in the saliva were strongly associated with lung cancer				Non–Small-Cell Lung Cancer (NSCLC)		147 subjects (61 NSCLC vs. 25 controls, 38 AC vs. 23 SCC)	139	1	In situ biomarker discovery and label-free molecular histopathological diagnosis of lung cancer by ambient mass spectrometry imaging	https://pubmed.ncbi.nlm.nih.gov/26404114
LCBD-1031	Granulicatella adiacens			Diagnostic	Microbiome				Higher levels of Granulicatella adiacens	metagenomic sequencing			Non–Small-Cell Lung Cancer (NSCLC)		10 subjects (10 patient with lung cancer-like symptoms (6 LC-, 4 LC+))	139	1	In situ biomarker discovery and label-free molecular histopathological diagnosis of lung cancer by ambient mass spectrometry imaging	https://pubmed.ncbi.nlm.nih.gov/26404114
LCBD-1040	20 deoxyinosine			Diagnostic	Metabolite								Non–Small-Cell Lung Cancer (NSCLC)		136 subjects (68 lung cancers vs. 68 normal tissue - 33 AC vs. 35 SCC)	139	1	In situ biomarker discovery and label-free molecular histopathological diagnosis of lung cancer by ambient mass spectrometry imaging	https://pubmed.ncbi.nlm.nih.gov/26404114
LCBD-1049	5 dihydrouracil		1806	Diagnostic	Metabolite								Non–Small-Cell Lung Cancer (NSCLC)		136 subjects (68 lung cancers vs. 68 normal tissue - 33 AC vs. 35 SCC)	139	1	In situ biomarker discovery and label-free molecular histopathological diagnosis of lung cancer by ambient mass spectrometry imaging	https://pubmed.ncbi.nlm.nih.gov/26404114
LCBD-1164	Veillonella			Diagnostic	Microbiome								Non–Small-Cell Lung Cancer (NSCLC)		147 subjects (61 NSCLC vs. 25 controls, 38 AC vs. 23 SCC)	139	1	In situ biomarker discovery and label-free molecular histopathological diagnosis of lung cancer by ambient mass spectrometry imaging	https://pubmed.ncbi.nlm.nih.gov/26404114
LCBD-1164	Veillonella			Diagnostic	Microbiome				Increased phylum TM7 was observed in lung cancer patients				Non–Small-Cell Lung Cancer (NSCLC)		28 subjects (18 NSCLC (13 AC, 5 SCC) vs. 2 SCLC vs. 8 benign mass-like lesion)	139	2	In situ biomarker discovery and label-free molecular histopathological diagnosis of lung cancer by ambient mass spectrometry imaging	https://pubmed.ncbi.nlm.nih.gov/26404114
LCBD-1266	[PC(34:1) + K]+			Diagnostic	Metabolite					air flow-assisted desorption electrospray ionization (AFADESI)			Non–Small-Cell Lung Cancer (NSCLC)		125 subjects (52 NSCLC vs. 21 adjacent normal tissues, 37 AC vs. 15 SCC)	139	1	In situ biomarker discovery and label-free molecular histopathological diagnosis of lung cancer by ambient mass spectrometry imaging	https://pubmed.ncbi.nlm.nih.gov/26404114
LCBD-1307	Choline		10390	Diagnostic	Metabolite					air flow-assisted desorption electrospray ionization (AFADESI)			Non–Small-Cell Lung Cancer (NSCLC)		125 subjects (52 NSCLC vs. 21 adjacent normal tissues, 37 AC vs. 15 SCC)	139	1	In situ biomarker discovery and label-free molecular histopathological diagnosis of lung cancer by ambient mass spectrometry imaging	https://pubmed.ncbi.nlm.nih.gov/26404114
LCBD-1334	6 dihydrothymine		1806	Diagnostic	Metabolite								Non–Small-Cell Lung Cancer (NSCLC)		136 subjects (68 lung cancers vs. 68 normal tissue - 33 AC vs. 35 SCC)	139	1	In situ biomarker discovery and label-free molecular histopathological diagnosis of lung cancer by ambient mass spectrometry imaging	https://pubmed.ncbi.nlm.nih.gov/26404114
LCBD-1389	[PC(38:2) + Na]+			Diagnostic	Metabolite					air flow-assisted desorption electrospray ionization (AFADESI)			Non–Small-Cell Lung Cancer (NSCLC)		125 subjects (52 NSCLC vs. 21 adjacent normal tissues, 37 AC vs. 15 SCC)	139	1	In situ biomarker discovery and label-free molecular histopathological diagnosis of lung cancer by ambient mass spectrometry imaging	https://pubmed.ncbi.nlm.nih.gov/26404114
LCBD-1398	myo-inositol			Diagnostic	Metabolite				Decrease of inositol and valine in the cancerous tissue areas	comparison with benign pulmonary tissues performed by HR 3H NMR spectroscopy			Non–Small-Cell Lung Cancer (NSCLC)		34 subjects (14 AC; 16 SCC; 4 others)	139	1	In situ biomarker discovery and label-free molecular histopathological diagnosis of lung cancer by ambient mass spectrometry imaging	https://pubmed.ncbi.nlm.nih.gov/26404114
LCBD-1437	Legionella			Diagnostic	Microbiome								Non–Small-Cell Lung Cancer (NSCLC)		165 subjects (165 non neoplastic lung tissue from cancer patients (97 AC, 63 SCC, 5 mixed type))	139	1	In situ biomarker discovery and label-free molecular histopathological diagnosis of lung cancer by ambient mass spectrometry imaging	https://pubmed.ncbi.nlm.nih.gov/26404114
LCBD-1455	Acidovarax			Diagnostic	Microbiome				Abundance of Acidovarax in squamous cell carcinoma tissue with a TP53 mutation				Non–Small-Cell Lung Cancer (NSCLC)		319 subjects (143 lung cancer vs. 33 controls 67 AC vs. 47 SCC vs. 29 other)	139	1	In situ biomarker discovery and label-free molecular histopathological diagnosis of lung cancer by ambient mass spectrometry imaging	https://pubmed.ncbi.nlm.nih.gov/26404114
LCBD-0419	Diacetylspermine			Prediagnostic	"Serum Metabolite "				Serum DAS was elevated by 1.9-fold	liquid chromatography/mass spectrometry hydrophilic interaction method			Non–Small-Cell Lung Cancer (NSCLC)		299 subjects (100 patients who subsequently developed non–small cell lung cancer (NSCLC) and 199 matched controls)	140	1	Diacetylspermine Is a Novel Prediagnostic Serum Biomarker for Non-Small-Cell Lung Cancer and Has Additive Performance With Pro-Surfactant Protein B	https://pubmed.ncbi.nlm.nih.gov/26282655
LCBD-0989	CYFRA 21-1		3880	Diagnostic	"Cytokeratin "								Lung Cancer	Korean	100 patients  and 101 control subjects	145	21	Development of a Protein Biomarker Panel to Detect Non-Small-Cell Lung Cancer in Korea	https://pubmed.ncbi.nlm.nih.gov/27836219
LCBD-1139	"ROS1 "		6098	Predictive	DNA				Rearrangement				Adenocarcinoma (ADC)			147	18	2nd ESMO Consensus Conference in Lung Cancer: locally advanced stage III non-small-cell lung cancer	https://pubmed.ncbi.nlm.nih.gov/25897013
LCBD-0246	Ras effector homologue (RASSFIA) genes	RASSFIA	11186	Unspecified	DNA				Aberrant methylation	spiral CT			Lung Cancer			149	1	CpG island hypermethylation as a biomarker for the early detection of lung cancer	https://pubmed.ncbi.nlm.nih.gov/25421659
LCBD-0384	p16		1029	Unspecified	DNA				Aberrant methylation	spiral CT			Lung Cancer			149	11	CpG island hypermethylation as a biomarker for the early detection of lung cancer	https://pubmed.ncbi.nlm.nih.gov/25421659
LCBD-0384	p16		1029	Unspecified	DNA				Abnormal hypermethylation				Lung Cancer			149	12	CpG island hypermethylation as a biomarker for the early detection of lung cancer	https://pubmed.ncbi.nlm.nih.gov/25421659
LCBD-0428	MGMT		4255	Unspecified	DNA				Aberrant methylation	spiral CT			Lung Cancer			149	10	CpG island hypermethylation as a biomarker for the early detection of lung cancer	https://pubmed.ncbi.nlm.nih.gov/25421659
LCBD-1025	RARβ2			Unspecified	DNA				Abnormal hypermethylation				Lung Cancer			149	2	CpG island hypermethylation as a biomarker for the early detection of lung cancer	https://pubmed.ncbi.nlm.nih.gov/25421659
LCBD-1243	RASSF1		5923	Unspecified	DNA				Abnormal hypermethylation				Lung Cancer			149	3	CpG island hypermethylation as a biomarker for the early detection of lung cancer	https://pubmed.ncbi.nlm.nih.gov/25421659
LCBD-1395	death- associated protein (DAP) kinase	DAP	1611	Unspecified	DNA				Aberrant methylation	spiral CT			Lung Cancer			149	1	CpG island hypermethylation as a biomarker for the early detection of lung cancer	https://pubmed.ncbi.nlm.nih.gov/25421659
LCBD-1406	TSGs			Unspecified	DNA				Methylation	MSP, qMSP, or pyrosequencing			Squamous Cell and Small-Cell Carcinomas			149	1	CpG island hypermethylation as a biomarker for the early detection of lung cancer	https://pubmed.ncbi.nlm.nih.gov/25421659
LCBD-0314	miR-199a-2		406977	Unspecified	RNA					bisulfite genomic sequencing PCR (BSP), bisulfite pyrosequencing, methylation specific PCR (MSP), combined bisulfite restriction analysis (COBRA), methylation sensitive single nucleotide primer extension (MsSNuPE)			Lung Cancer			151	1	Epigenetic regulation of microRNAs in cancer: an integrated review of literature	https://pubmed.ncbi.nlm.nih.gov/21420983
LCBD-0334	miR-124-2		406908	Unspecified	RNA					bisulfite genomic sequencing PCR (BSP), bisulfite pyrosequencing, methylation specific PCR (MSP), combined bisulfite restriction analysis (COBRA), methylation sensitive single nucleotide primer extension (MsSNuPE)			Lung Cancer			151	1	Epigenetic regulation of microRNAs in cancer: an integrated review of literature	https://pubmed.ncbi.nlm.nih.gov/21420983
LCBD-0382	miR-124-1		406907	Unspecified	RNA					bisulfite genomic sequencing PCR (BSP), bisulfite pyrosequencing, methylation specific PCR (MSP), combined bisulfite restriction analysis (COBRA), methylation sensitive single nucleotide primer extension (MsSNuPE)			Lung Cancer			151	1	Epigenetic regulation of microRNAs in cancer: an integrated review of literature	https://pubmed.ncbi.nlm.nih.gov/21420983
LCBD-0630	miR-199a-1		406976	Unspecified	RNA					bisulfite genomic sequencing PCR (BSP), bisulfite pyrosequencing, methylation specific PCR (MSP), combined bisulfite restriction analysis (COBRA), methylation sensitive single nucleotide primer extension (MsSNuPE)			Lung Cancer			151	1	Epigenetic regulation of microRNAs in cancer: an integrated review of literature	https://pubmed.ncbi.nlm.nih.gov/21420983
LCBD-1358	let-7a-3	let-7a-3	406883	Unspecified	RNA					bisulfite genomic sequencing PCR (BSP), bisulfite pyrosequencing, methylation specific PCR (MSP), combined bisulfite restriction analysis (COBRA), methylation sensitive single nucleotide primer extension (MsSNuPE)			Lung Cancer			151	1	Epigenetic regulation of microRNAs in cancer: an integrated review of literature	https://pubmed.ncbi.nlm.nih.gov/21420983
LCBD-1380	miR-34a		407040	Unspecified	RNA					bisulfite genomic sequencing PCR (BSP), bisulfite pyrosequencing, methylation specific PCR (MSP), combined bisulfite restriction analysis (COBRA), methylation sensitive single nucleotide primer extension (MsSNuPE)			Lung Cancer			151	3	Epigenetic regulation of microRNAs in cancer: an integrated review of literature	https://pubmed.ncbi.nlm.nih.gov/21420983
LCBD-1386	miR-124-3		406909	Unspecified	RNA					bisulfite genomic sequencing PCR (BSP), bisulfite pyrosequencing, methylation specific PCR (MSP), combined bisulfite restriction analysis (COBRA), methylation sensitive single nucleotide primer extension (MsSNuPE)			Lung Cancer			151	1	Epigenetic regulation of microRNAs in cancer: an integrated review of literature	https://pubmed.ncbi.nlm.nih.gov/21420983
LCBD-0077	DLEC1		9940	Prognostic	DNA			Potential	Promoter methylation				Non–Small-Cell Lung Cancer (NSCLC)			155	2	Epigenetics of lung cancer	https://pubmed.ncbi.nlm.nih.gov/24686037
LCBD-0103	MLH1		4292	Prognostic	DNA			Potential	Promoter methylation				Non–Small-Cell Lung Cancer (NSCLC)			155	1	Epigenetics of lung cancer	https://pubmed.ncbi.nlm.nih.gov/24686037
LCBD-0115	CDH13		1012	Prognostic	DNA			Potential	Promoter methylation				Non–Small-Cell Lung Cancer (NSCLC)			155	5	Epigenetics of lung cancer	https://pubmed.ncbi.nlm.nih.gov/24686037
LCBD-0196	RUNX3		864	Prognostic	DNA			Potential	Promoter methylation				Non–Small-Cell Lung Cancer (NSCLC)			155	2	Epigenetics of lung cancer	https://pubmed.ncbi.nlm.nih.gov/24686037
LCBD-0251	DAPK		1612	Prognostic	DNA			Potential	Promoter methylation				Non–Small-Cell Lung Cancer (NSCLC)			155	5	Epigenetics of lung cancer	https://pubmed.ncbi.nlm.nih.gov/24686037
LCBD-0347	RASSF1A		11186	Prognostic	DNA			Potential	Promoter methylation				Non–Small-Cell Lung Cancer (NSCLC)			155	12	Epigenetics of lung cancer	https://pubmed.ncbi.nlm.nih.gov/24686037
LCBD-0418	CpG islands			Prognostic	DNA			Potential	Methylation				Non–Small-Cell Lung Cancer (NSCLC)			155	1	Epigenetics of lung cancer	https://pubmed.ncbi.nlm.nih.gov/24686037
LCBD-0502	DAL1		23136	Prognostic	DNA			Potential	Promoter methylation				Non–Small-Cell Lung Cancer (NSCLC)			155	1	Epigenetics of lung cancer	https://pubmed.ncbi.nlm.nih.gov/24686037
LCBD-0755	APC		324	Prognostic	DNA			Potential	Promoter methylation				Non–Small-Cell Lung Cancer (NSCLC)			155	6	Epigenetics of lung cancer	https://pubmed.ncbi.nlm.nih.gov/24686037
LCBD-0758	p16INK4a		1029	Prognostic	DNA			Potential	Promoter methylation				Non–Small-Cell Lung Cancer (NSCLC)			155	4	Epigenetics of lung cancer	https://pubmed.ncbi.nlm.nih.gov/24686037
LCBD-0922	SPARC		6678	Prognostic	DNA			Potential	Promoter methylation				Non–Small-Cell Lung Cancer (NSCLC)			155	1	Epigenetics of lung cancer	https://pubmed.ncbi.nlm.nih.gov/24686037
LCBD-0990	CDH1		999	Prognostic	DNA			Potential	Promoter methylation				Non–Small-Cell Lung Cancer (NSCLC)			155	4	Epigenetics of lung cancer	https://pubmed.ncbi.nlm.nih.gov/24686037
LCBD-1018	Wif-1		11197	Prognostic	DNA			Potential	Promoter methylation				Non–Small-Cell Lung Cancer (NSCLC)			155	1	Epigenetics of lung cancer	https://pubmed.ncbi.nlm.nih.gov/24686037
LCBD-1390	CXCL12		6387	Prognostic	DNA			Potential	Promoter methylation				Non–Small-Cell Lung Cancer (NSCLC)			155	1	Epigenetics of lung cancer	https://pubmed.ncbi.nlm.nih.gov/24686037
LCBD-1431	PTEN		5728	Prognostic	DNA			Potential	Promoter methylation				Non–Small-Cell Lung Cancer (NSCLC)			155	2	Epigenetics of lung cancer	https://pubmed.ncbi.nlm.nih.gov/24686037
LCBD-0077	DLEC1		9940	Prognostic	DNA			Potential	Promoter methylation				Non–Small-Cell Lung Cancer (NSCLC)			155	2	Epigenetics of lung cancer	https://pubmed.ncbi.nlm.nih.gov/24686037
LCBD-0103	MLH1		4292	Prognostic	DNA			Potential	Promoter methylation				Non–Small-Cell Lung Cancer (NSCLC)			155	1	Epigenetics of lung cancer	https://pubmed.ncbi.nlm.nih.gov/24686037
LCBD-0115	CDH13		1012	Prognostic	DNA			Potential	Promoter methylation				Non–Small-Cell Lung Cancer (NSCLC)			155	5	Epigenetics of lung cancer	https://pubmed.ncbi.nlm.nih.gov/24686037
LCBD-0196	RUNX3		864	Prognostic	DNA			Potential	Promoter methylation				Non–Small-Cell Lung Cancer (NSCLC)			155	2	Epigenetics of lung cancer	https://pubmed.ncbi.nlm.nih.gov/24686037
LCBD-0251	DAPK		1612	Prognostic	DNA			Potential	Promoter methylation				Non–Small-Cell Lung Cancer (NSCLC)			155	5	Epigenetics of lung cancer	https://pubmed.ncbi.nlm.nih.gov/24686037
LCBD-0347	RASSF1A		11186	Prognostic	DNA			Potential	Promoter methylation				Non–Small-Cell Lung Cancer (NSCLC)			155	12	Epigenetics of lung cancer	https://pubmed.ncbi.nlm.nih.gov/24686037
LCBD-0418	CpG islands			Prognostic	DNA			Potential	Methylation				Non–Small-Cell Lung Cancer (NSCLC)			155	1	Epigenetics of lung cancer	https://pubmed.ncbi.nlm.nih.gov/24686037
LCBD-0502	DAL1		23136	Prognostic	DNA			Potential	Promoter methylation				Non–Small-Cell Lung Cancer (NSCLC)			155	1	Epigenetics of lung cancer	https://pubmed.ncbi.nlm.nih.gov/24686037
LCBD-0755	APC		324	Prognostic	DNA			Potential	Promoter methylation				Non–Small-Cell Lung Cancer (NSCLC)			155	6	Epigenetics of lung cancer	https://pubmed.ncbi.nlm.nih.gov/24686037
LCBD-0758	p16INK4a		1029	Prognostic	DNA			Potential	Promoter methylation				Non–Small-Cell Lung Cancer (NSCLC)			155	4	Epigenetics of lung cancer	https://pubmed.ncbi.nlm.nih.gov/24686037
LCBD-0922	SPARC		6678	Prognostic	DNA			Potential	Promoter methylation				Non–Small-Cell Lung Cancer (NSCLC)			155	1	Epigenetics of lung cancer	https://pubmed.ncbi.nlm.nih.gov/24686037
LCBD-0990	CDH1		999	Prognostic	DNA			Potential	Promoter methylation				Non–Small-Cell Lung Cancer (NSCLC)			155	4	Epigenetics of lung cancer	https://pubmed.ncbi.nlm.nih.gov/24686037
LCBD-1018	Wif-1		11197	Prognostic	DNA			Potential	Promoter methylation				Non–Small-Cell Lung Cancer (NSCLC)			155	1	Epigenetics of lung cancer	https://pubmed.ncbi.nlm.nih.gov/24686037
LCBD-1390	CXCL12		6387	Prognostic	DNA			Potential	Promoter methylation				Non–Small-Cell Lung Cancer (NSCLC)			155	1	Epigenetics of lung cancer	https://pubmed.ncbi.nlm.nih.gov/24686037
LCBD-1431	PTEN		5728	Prognostic	DNA			Potential	Promoter methylation				Non–Small-Cell Lung Cancer (NSCLC)			155	2	Epigenetics of lung cancer	https://pubmed.ncbi.nlm.nih.gov/24686037
LCBD-0895	k-RAS		3845	Predictive and Prognostic	Cell			Candidate	k-RAS mutation	systematic review and meta-analysis		Research	mCRC and Non–Small-Cell Lung Cancer (NSCLC)			161	13	Assessment of somatic k-RAS mutations as a mechanism associated with resistance to EGFR-targeted agents: a systematic review and meta-analysis of studies in advanced non-small-cell lung cancer and metastatic colorectal cancer	https://pubmed.ncbi.nlm.nih.gov/18804418
LCBD-0506	mass-to-charge ratio 69 (tentatively identified as isoprene)			Unspecified	Inorganic				Concentrations of mass-to-charge decreased	proton transfer reaction (PTR)-MS		Research	Lung Cancer			163	1	Lung cancer biomarkers in exhaled breath	https://pubmed.ncbi.nlm.nih.gov/21405971
LCBD-0885	mass-to-charge ratio 31 (tentatively identified as formaldehyde)			Unspecified	Inorganic				Concentrations of mass-to-charge increased	proton transfer reaction (PTR)-MS		Research	Lung Cancer			163	1	Lung cancer biomarkers in exhaled breath	https://pubmed.ncbi.nlm.nih.gov/21405971
LCBD-0978	IL-6		3569	Unspecified	Cytokines				Higher concentration	collection and analysis of EBC			Lung Cancer			163	4	Lung cancer biomarkers in exhaled breath	https://pubmed.ncbi.nlm.nih.gov/21405971
LCBD-0981	mass-to-charge ratio 43 (tentatively identified as isopropanol)			Unspecified	Inorganic				Concentrations of mass-to-charge increased	proton transfer reaction (PTR)-MS		Research	Lung Cancer			163	1	Lung cancer biomarkers in exhaled breath	https://pubmed.ncbi.nlm.nih.gov/21405971
LCBD-1117	volatile organic compound (VOC)	VOC		Diagnostic	Organic Compound					gas chromatography/mass spectrometry (GC/MS)		Research	Lung Cancer			163	3	Lung cancer biomarkers in exhaled breath	https://pubmed.ncbi.nlm.nih.gov/21405971
LCBD-0163	Circulating-free DNA (cfDNA)	cfDNA		Diagnostic, Predictive and Prognostic	DNA			Potential		Telomerase activity assay, real-time quantitative PCR			Non–Small-Cell Lung Cancer (NSCLC)		6 subjects (6 patients who developed lung adenocarcinoma)	169	1	Circulating and tissue biomarkers in early-stage non-small cell lung cancer	https://pubmed.ncbi.nlm.nih.gov/28194229
LCBD-0937	"mRNA "			Prognostic	"mRNA "								Lung Cancer		1927	174	1	Comprehensive evaluation of published gene expression prognostic signatures for biomarker-based lung cancer clinical studies	https://pubmed.ncbi.nlm.nih.gov/28200038
LCBD-0718	Circulating plasma DNA			Diagnostic	DNA					Pico Green assay			Non–Small-Cell Lung Cancer (NSCLC)	Indian	242 subjects (100 NSCLC patients 100 Controls and 42 patients for response assessment)	176	1	Usage patterns of biomarkers in non-small-cell lung cancer patients in India: Findings from a systematic review and survey	https://pubmed.ncbi.nlm.nih.gov/25125812
LCBD-0043	1-Methyl-3-(1-methylethyl)-benzene			Unspecified	Volatile Organic Compound					solid phase microextraction and Gas chromatography/mass spectrometry (GC-MS) analysis			Lung Cancer		96 subjects (56 healthy controls and 40 lung cancer patients)	194	1	Diagnosing lung cancer in exhaled breath using gold nanoparticles	https://pubmed.ncbi.nlm.nih.gov/19809459
LCBD-0045	Ethylidene cyclopropane			Unspecified	Volatile Organic Compound					solid phase microextraction and Gas chromatography/mass spectrometry (GC-MS) analysis			Lung Cancer		96 subjects (56 healthy controls and 40 lung cancer patients)	194	1	Diagnosing lung cancer in exhaled breath using gold nanoparticles	https://pubmed.ncbi.nlm.nih.gov/19809459
LCBD-0049	2-Butanone			Unspecified	Volatile Organic Compound					solid phase microextraction and Gas chromatography/mass spectrometry (GC-MS) analysis			Lung Cancer		96 subjects (56 healthy controls and 40 lung cancer patients)	194	1	Diagnosing lung cancer in exhaled breath using gold nanoparticles	https://pubmed.ncbi.nlm.nih.gov/19809459
LCBD-0088	1-Methyl-2-(1-methylethyl)-benzene			Unspecified	Volatile Organic Compound					solid phase microextraction and Gas chromatography/mass spectrometry (GC-MS) analysis			Lung Cancer		96 subjects (56 healthy controls and 40 lung cancer patients)	194	1	Diagnosing lung cancer in exhaled breath using gold nanoparticles	https://pubmed.ncbi.nlm.nih.gov/19809459
LCBD-0093	o-Xylene			Unspecified	Volatile Organic Compound					solid phase microextraction and Gas chromatography/mass spectrometry (GC-MS) analysis			Lung Cancer		96 subjects (56 healthy controls and 40 lung cancer patients)	194	1	Diagnosing lung cancer in exhaled breath using gold nanoparticles	https://pubmed.ncbi.nlm.nih.gov/19809459
LCBD-0173	4,7-Dimethyl-undecane			Unspecified	Volatile Organic Compound					solid phase microextraction and Gas chromatography/mass spectrometry (GC-MS) analysis			Lung Cancer		96 subjects (56 healthy controls and 40 lung cancer patients)	194	1	Diagnosing lung cancer in exhaled breath using gold nanoparticles	https://pubmed.ncbi.nlm.nih.gov/19809459
LCBD-0175	4-Methyl-octane		1066	Unspecified	Volatile Organic Compound					solid phase microextraction and Gas chromatography/mass spectrometry (GC-MS) analysis			Lung Cancer		96 subjects (56 healthy controls and 40 lung cancer patients)	194	1	Diagnosing lung cancer in exhaled breath using gold nanoparticles	https://pubmed.ncbi.nlm.nih.gov/19809459
LCBD-0227	Styrene			Unspecified	Volatile Organic Compound					solid phase microextraction and Gas chromatography/mass spectrometry (GC-MS) analysis			Lung Cancer		96 subjects (56 healthy controls and 40 lung cancer patients)	194	1	Diagnosing lung cancer in exhaled breath using gold nanoparticles	https://pubmed.ncbi.nlm.nih.gov/19809459
LCBD-0273	1,3-Pentadiene			Unspecified	Volatile Organic Compound					solid phase microextraction and Gas chromatography/mass spectrometry (GC-MS) analysis			Lung Cancer		96 subjects (56 healthy controls and 40 lung cancer patients)	194	1	Diagnosing lung cancer in exhaled breath using gold nanoparticles	https://pubmed.ncbi.nlm.nih.gov/19809459
LCBD-0277	2-Ethyl-1-hexanol			Unspecified	Volatile Organic Compound					solid phase microextraction and Gas chromatography/mass spectrometry (GC-MS) analysis			Lung Cancer		96 subjects (56 healthy controls and 40 lung cancer patients)	194	1	Diagnosing lung cancer in exhaled breath using gold nanoparticles	https://pubmed.ncbi.nlm.nih.gov/19809459
LCBD-0279	2-Propyl-1-pentanol			Unspecified	Volatile Organic Compound					solid phase microextraction and Gas chromatography/mass spectrometry (GC-MS) analysis			Lung Cancer		96 subjects (56 healthy controls and 40 lung cancer patients)	194	1	Diagnosing lung cancer in exhaled breath using gold nanoparticles	https://pubmed.ncbi.nlm.nih.gov/19809459
LCBD-0284	Toluene			Unspecified	Volatile Organic Compound					solid phase microextraction and Gas chromatography/mass spectrometry (GC-MS) analysis			Lung Cancer		96 subjects (56 healthy controls and 40 lung cancer patients)	194	1	Diagnosing lung cancer in exhaled breath using gold nanoparticles	https://pubmed.ncbi.nlm.nih.gov/19809459
LCBD-0322	Hydrazine-carboxamide			Unspecified	Volatile Organic Compound					solid phase microextraction and Gas chromatography/mass spectrometry (GC-MS) analysis			Lung Cancer		96 subjects (56 healthy controls and 40 lung cancer patients)	194	1	Diagnosing lung cancer in exhaled breath using gold nanoparticles	https://pubmed.ncbi.nlm.nih.gov/19809459
LCBD-0403	2-Methyl-4,6-octadiyn-3-one			Unspecified	Volatile Organic Compound					solid phase microextraction and Gas chromatography/mass spectrometry (GC-MS) analysis			Lung Cancer		96 subjects (56 healthy controls and 40 lung cancer patients)	194	1	Diagnosing lung cancer in exhaled breath using gold nanoparticles	https://pubmed.ncbi.nlm.nih.gov/19809459
LCBD-0542	3-Methyl-hexane			Unspecified	Volatile Organic Compound					solid phase microextraction and Gas chromatography/mass spectrometry (GC-MS) analysis			Lung Cancer		96 subjects (56 healthy controls and 40 lung cancer patients)	194	1	Diagnosing lung cancer in exhaled breath using gold nanoparticles	https://pubmed.ncbi.nlm.nih.gov/19809459
LCBD-0560	3,3-Dimethyl-hexane			Unspecified	Volatile Organic Compound					solid phase microextraction and Gas chromatography/mass spectrometry (GC-MS) analysis			Lung Cancer		96 subjects (56 healthy controls and 40 lung cancer patients)	194	1	Diagnosing lung cancer in exhaled breath using gold nanoparticles	https://pubmed.ncbi.nlm.nih.gov/19809459
LCBD-0608	2,3-Dimethyl-hexane			Unspecified	Volatile Organic Compound					solid phase microextraction and Gas chromatography/mass spectrometry (GC-MS) analysis			Lung Cancer		96 subjects (56 healthy controls and 40 lung cancer patients)	194	1	Diagnosing lung cancer in exhaled breath using gold nanoparticles	https://pubmed.ncbi.nlm.nih.gov/19809459
LCBD-0684	2-Ethyl-4-methyl-1-pentanol			Unspecified	Volatile Organic Compound					solid phase microextraction and Gas chromatography/mass spectrometry (GC-MS) analysis			Lung Cancer		96 subjects (56 healthy controls and 40 lung cancer patients)	194	1	Diagnosing lung cancer in exhaled breath using gold nanoparticles	https://pubmed.ncbi.nlm.nih.gov/19809459
LCBD-0687	3,3-Dimethyl-pentane			Unspecified	Volatile Organic Compound					solid phase microextraction and Gas chromatography/mass spectrometry (GC-MS) analysis			Lung Cancer		96 subjects (56 healthy controls and 40 lung cancer patients)	194	1	Diagnosing lung cancer in exhaled breath using gold nanoparticles	https://pubmed.ncbi.nlm.nih.gov/19809459
LCBD-0706	2-Methyl-hexane			Unspecified	Volatile Organic Compound					solid phase microextraction and Gas chromatography/mass spectrometry (GC-MS) analysis			Lung Cancer		96 subjects (56 healthy controls and 40 lung cancer patients)	194	1	Diagnosing lung cancer in exhaled breath using gold nanoparticles	https://pubmed.ncbi.nlm.nih.gov/19809459
LCBD-0754	Ethyl alcohol			Unspecified	Volatile Organic Compound					solid phase microextraction and Gas chromatography/mass spectrometry (GC-MS) analysis			Lung Cancer		96 subjects (56 healthy controls and 40 lung cancer patients)	194	1	Diagnosing lung cancer in exhaled breath using gold nanoparticles	https://pubmed.ncbi.nlm.nih.gov/19809459
LCBD-0870	1-Methyl-4-(1-methylethyl)-benzene			Unspecified	Volatile Organic Compound					solid phase microextraction and Gas chromatography/mass spectrometry (GC-MS) analysis			Lung Cancer		96 subjects (56 healthy controls and 40 lung cancer patients)	194	1	Diagnosing lung cancer in exhaled breath using gold nanoparticles	https://pubmed.ncbi.nlm.nih.gov/19809459
LCBD-0878	Methyl hydrazine	Methyl hydrazine	10	Unspecified	Volatile Organic Compound					solid phase microextraction and Gas chromatography/mass spectrometry (GC-MS) analysis			Lung Cancer		96 subjects (56 healthy controls and 40 lung cancer patients)	194	1	Diagnosing lung cancer in exhaled breath using gold nanoparticles	https://pubmed.ncbi.nlm.nih.gov/19809459
LCBD-0884	1,3,5-Cycloheptatriene			Unspecified	Volatile Organic Compound					solid phase microextraction and Gas chromatography/mass spectrometry (GC-MS) analysis			Lung Cancer		96 subjects (56 healthy controls and 40 lung cancer patients)	194	1	Diagnosing lung cancer in exhaled breath using gold nanoparticles	https://pubmed.ncbi.nlm.nih.gov/19809459
LCBD-0886	2,6-Bis(1,1-dimethylethyl)-4-methylmethylcarbamate phenol			Unspecified	Volatile Organic Compound					solid phase microextraction and Gas chromatography/mass spectrometry (GC-MS) analysis			Lung Cancer		96 subjects (56 healthy controls and 40 lung cancer patients)	194	1	Diagnosing lung cancer in exhaled breath using gold nanoparticles	https://pubmed.ncbi.nlm.nih.gov/19809459
LCBD-0890	Hydrazine			Unspecified	Volatile Organic Compound					solid phase microextraction and Gas chromatography/mass spectrometry (GC-MS) analysis			Lung Cancer		96 subjects (56 healthy controls and 40 lung cancer patients)	194	1	Diagnosing lung cancer in exhaled breath using gold nanoparticles	https://pubmed.ncbi.nlm.nih.gov/19809459
LCBD-0900	Bicyclo[4.2.0]octa-1,3,5-triene			Unspecified	Volatile Organic Compound					solid phase microextraction and Gas chromatography/mass spectrometry (GC-MS) analysis			Lung Cancer		96 subjects (56 healthy controls and 40 lung cancer patients)	194	1	Diagnosing lung cancer in exhaled breath using gold nanoparticles	https://pubmed.ncbi.nlm.nih.gov/19809459
LCBD-1013	2,3,4-Trimethyl-pentane			Unspecified	Volatile Organic Compound					solid phase microextraction and Gas chromatography/mass spectrometry (GC-MS) analysis			Lung Cancer		96 subjects (56 healthy controls and 40 lung cancer patients)	194	1	Diagnosing lung cancer in exhaled breath using gold nanoparticles	https://pubmed.ncbi.nlm.nih.gov/19809459
LCBD-1101	2,6,6-Trimethyl octane			Unspecified	Volatile Organic Compound					solid phase microextraction and Gas chromatography/mass spectrometry (GC-MS) analysis			Lung Cancer		96 subjects (56 healthy controls and 40 lung cancer patients)	194	1	Diagnosing lung cancer in exhaled breath using gold nanoparticles	https://pubmed.ncbi.nlm.nih.gov/19809459
LCBD-1105	3-Ethyl-hexane			Unspecified	Volatile Organic Compound					solid phase microextraction and Gas chromatography/mass spectrometry (GC-MS) analysis			Lung Cancer		96 subjects (56 healthy controls and 40 lung cancer patients)	194	1	Diagnosing lung cancer in exhaled breath using gold nanoparticles	https://pubmed.ncbi.nlm.nih.gov/19809459
LCBD-1130	Butylated hydroxytoluene			Unspecified	Volatile Organic Compound					solid phase microextraction and Gas chromatography/mass spectrometry (GC-MS) analysis			Lung Cancer		96 subjects (56 healthy controls and 40 lung cancer patients)	194	1	Diagnosing lung cancer in exhaled breath using gold nanoparticles	https://pubmed.ncbi.nlm.nih.gov/19809459
LCBD-1131	3-Ethyl-pentane			Unspecified	Volatile Organic Compound					solid phase microextraction and Gas chromatography/mass spectrometry (GC-MS) analysis			Lung Cancer		96 subjects (56 healthy controls and 40 lung cancer patients)	194	1	Diagnosing lung cancer in exhaled breath using gold nanoparticles	https://pubmed.ncbi.nlm.nih.gov/19809459
LCBD-1148	Ethylbenzene			Unspecified	Volatile Organic Compound					solid phase microextraction and Gas chromatography/mass spectrometry (GC-MS) analysis			Lung Cancer		96 subjects (56 healthy controls and 40 lung cancer patients)	194	1	Diagnosing lung cancer in exhaled breath using gold nanoparticles	https://pubmed.ncbi.nlm.nih.gov/19809459
LCBD-1150	2,4-Dimethyl-heptane			Unspecified	Volatile Organic Compound					solid phase microextraction and Gas chromatography/mass spectrometry (GC-MS) analysis			Lung Cancer		96 subjects (56 healthy controls and 40 lung cancer patients)	194	1	Diagnosing lung cancer in exhaled breath using gold nanoparticles	https://pubmed.ncbi.nlm.nih.gov/19809459
LCBD-1185	2,4,6-Tris(1,1-dimethyl-ethyl)-4- methylcyclohexa-2,5-dien-1-one			Unspecified	Volatile Organic Compound					solid phase microextraction and Gas chromatography/mass spectrometry (GC-MS) analysis			Lung Cancer		96 subjects (56 healthy controls and 40 lung cancer patients)	194	1	Diagnosing lung cancer in exhaled breath using gold nanoparticles	https://pubmed.ncbi.nlm.nih.gov/19809459
LCBD-1226	Carbonic dihydrazide			Unspecified	Volatile Organic Compound					solid phase microextraction and Gas chromatography/mass spectrometry (GC-MS) analysis			Lung Cancer		96 subjects (56 healthy controls and 40 lung cancer patients)	194	1	Diagnosing lung cancer in exhaled breath using gold nanoparticles	https://pubmed.ncbi.nlm.nih.gov/19809459
LCBD-1249	6,10-Dimethyl-5,9-dodecadien-2-one			Unspecified	Volatile Organic Compound					solid phase microextraction and Gas chromatography/mass spectrometry (GC-MS) analysis			Lung Cancer		96 subjects (56 healthy controls and 40 lung cancer patients)	194	1	Diagnosing lung cancer in exhaled breath using gold nanoparticles	https://pubmed.ncbi.nlm.nih.gov/19809459
LCBD-1314	2,3,4-Trimethyl-hexane			Unspecified	Volatile Organic Compound					solid phase microextraction and Gas chromatography/mass spectrometry (GC-MS) analysis			Lung Cancer		96 subjects (56 healthy controls and 40 lung cancer patients)	194	1	Diagnosing lung cancer in exhaled breath using gold nanoparticles	https://pubmed.ncbi.nlm.nih.gov/19809459
LCBD-1326	Dimethyl ether			Unspecified	Volatile Organic Compound					solid phase microextraction and Gas chromatography/mass spectrometry (GC-MS) analysis			Lung Cancer		96 subjects (56 healthy controls and 40 lung cancer patients)	194	1	Diagnosing lung cancer in exhaled breath using gold nanoparticles	https://pubmed.ncbi.nlm.nih.gov/19809459
LCBD-1337	2,2,3-Trimethyl-hexane			Unspecified	Volatile Organic Compound					solid phase microextraction and Gas chromatography/mass spectrometry (GC-MS) analysis			Lung Cancer		96 subjects (56 healthy controls and 40 lung cancer patients)	194	1	Diagnosing lung cancer in exhaled breath using gold nanoparticles	https://pubmed.ncbi.nlm.nih.gov/19809459
LCBD-1340	1,3,5,7-Cyclooctatetraene			Unspecified	Volatile Organic Compound					solid phase microextraction and Gas chromatography/mass spectrometry (GC-MS) analysis			Lung Cancer		96 subjects (56 healthy controls and 40 lung cancer patients)	194	1	Diagnosing lung cancer in exhaled breath using gold nanoparticles	https://pubmed.ncbi.nlm.nih.gov/19809459
LCBD-1457	3-Ethyl-3-methyl-2-pentanone			Unspecified	Volatile Organic Compound					solid phase microextraction and Gas chromatography/mass spectrometry (GC-MS) analysis			Lung Cancer		96 subjects (56 healthy controls and 40 lung cancer patients)	194	1	Diagnosing lung cancer in exhaled breath using gold nanoparticles	https://pubmed.ncbi.nlm.nih.gov/19809459
LCBD-0048	Propane, 2-methoxy-2-methyl-			Unspecified	Volatile Organic Compound			Candidate	AUC of ROC curve exceeded 0.6	weighted digital analysis			Lung Cancer		404 subjects (193 subjects with primary lung cancer and 211 controls with a negative chest CT)	195	1	Detection of lung cancer using weighted digital analysis of breath biomarkers	https://pubmed.ncbi.nlm.nih.gov/18420034
LCBD-0154	2,3-Hexanedione			Unspecified	Volatile Organic Compound			Candidate	AUC of ROC curve exceeded 0.6	weighted digital analysis			Lung Cancer		404 subjects (193 subjects with primary lung cancer and 211 controls with a negative chest CT)	195	1	Detection of lung cancer using weighted digital analysis of breath biomarkers	https://pubmed.ncbi.nlm.nih.gov/18420034
LCBD-0186	1-Propene,1-(methylthio)-,(E)-			Unspecified	Volatile Organic Compound			Candidate	AUC of ROC curve exceeded 0.6	weighted digital analysis			Lung Cancer		404 subjects (193 subjects with primary lung cancer and 211 controls with a negative chest CT)	195	1	Detection of lung cancer using weighted digital analysis of breath biomarkers	https://pubmed.ncbi.nlm.nih.gov/18420034
LCBD-0194	2,2,7,7-Tetramethyltricyclo[6.2.1.0(1,6)]undec-4-en-3-one			Unspecified	Volatile Organic Compound			Candidate	AUC of ROC curve exceeded 0.6	weighted digital analysis			Lung Cancer		404 subjects (193 subjects with primary lung cancer and 211 controls with a negative chest CT)	195	1	Detection of lung cancer using weighted digital analysis of breath biomarkers	https://pubmed.ncbi.nlm.nih.gov/18420034
LCBD-0211	Benzene, 1,l-[l-(ethylthio)propylidene]bis-			Unspecified	Volatile Organic Compound			Candidate	AUC of ROC curve exceeded 0.6	weighted digital analysis			Lung Cancer		404 subjects (193 subjects with primary lung cancer and 211 controls with a negative chest CT)	195	1	Detection of lung cancer using weighted digital analysis of breath biomarkers	https://pubmed.ncbi.nlm.nih.gov/18420034
LCBD-0220	IH-Indene, 2, 3-dihydro-4-methyl-			Unspecified	Volatile Organic Compound			Candidate	AUC of ROC curve exceeded 0.6	weighted digital analysis			Lung Cancer		404 subjects (193 subjects with primary lung cancer and 211 controls with a negative chest CT)	195	1	Detection of lung cancer using weighted digital analysis of breath biomarkers	https://pubmed.ncbi.nlm.nih.gov/18420034
LCBD-0243	Ethane,1,1,2-trichloro-1,2,2-trifluoro-			Unspecified	Volatile Organic Compound			Candidate	AUC of ROC curve exceeded 0.6	weighted digital analysis			Lung Cancer		404 subjects (193 subjects with primary lung cancer and 211 controls with a negative chest CT)	195	1	Detection of lung cancer using weighted digital analysis of breath biomarkers	https://pubmed.ncbi.nlm.nih.gov/18420034
LCBD-0369	Camphor			Unspecified	Volatile Organic Compound			Candidate	AUC of ROC curve exceeded 0.6	weighted digital analysis			Lung Cancer		404 subjects (193 subjects with primary lung cancer and 211 controls with a negative chest CT)	195	1	Detection of lung cancer using weighted digital analysis of breath biomarkers	https://pubmed.ncbi.nlm.nih.gov/18420034
LCBD-0390	Anthracene,1,2,3,4-tetrahydro-9-propyl-			Unspecified	Volatile Organic Compound			Candidate	AUC of ROC curve exceeded 0.6	weighted digital analysis			Lung Cancer		404 subjects (193 subjects with primary lung cancer and 211 controls with a negative chest CT)	195	1	Detection of lung cancer using weighted digital analysis of breath biomarkers	https://pubmed.ncbi.nlm.nih.gov/18420034
LCBD-0397	2,2,4-Trimethyl-1,3-pentanediol diisobutyrate			Unspecified	Volatile Organic Compound			Candidate	AUC of ROC curve exceeded 0.6	weighted digital analysis			Lung Cancer		404 subjects (193 subjects with primary lung cancer and 211 controls with a negative chest CT)	195	1	Detection of lung cancer using weighted digital analysis of breath biomarkers	https://pubmed.ncbi.nlm.nih.gov/18420034
LCBD-0523	Furan, 2-[(2-ethoxy-3,4-dimethyl-2-cyclohexen-l-ylidene)methyl]-			Unspecified	Volatile Organic Compound			Candidate	AUC of ROC curve exceeded 0.6	weighted digital analysis			Lung Cancer		404 subjects (193 subjects with primary lung cancer and 211 controls with a negative chest CT)	195	1	Detection of lung cancer using weighted digital analysis of breath biomarkers	https://pubmed.ncbi.nlm.nih.gov/18420034
LCBD-0613	Bicyclo[2.2.1]heptan-2-one,1,7,7-trimethyl-,(IS)-			Unspecified	Volatile Organic Compound			Candidate	AUC of ROC curve exceeded 0.6	weighted digital analysis			Lung Cancer		404 subjects (193 subjects with primary lung cancer and 211 controls with a negative chest CT)	195	1	Detection of lung cancer using weighted digital analysis of breath biomarkers	https://pubmed.ncbi.nlm.nih.gov/18420034
LCBD-0649	Benzoic acid, 4-ethoxy-, ethyl ester			Unspecified	Volatile Organic Compound			Candidate	AUC of ROC curve exceeded 0.6	weighted digital analysis			Lung Cancer		404 subjects (193 subjects with primary lung cancer and 211 controls with a negative chest CT)	195	1	Detection of lung cancer using weighted digital analysis of breath biomarkers	https://pubmed.ncbi.nlm.nih.gov/18420034
LCBD-0650	Bicyclo[3.2.2]nonane-1,5-dicarboxylic acid, 5-ethyl ester			Unspecified	Volatile Organic Compound			Candidate	AUC of ROC curve exceeded 0.6	weighted digital analysis			Lung Cancer		404 subjects (193 subjects with primary lung cancer and 211 controls with a negative chest CT)	195	1	Detection of lung cancer using weighted digital analysis of breath biomarkers	https://pubmed.ncbi.nlm.nih.gov/18420034
LCBD-0654	2,5-Cyclohexadien-l-one, 2,6-bis(1,1-dimethylethyl)-4-ethylidene-			Unspecified	Volatile Organic Compound			Candidate	AUC of ROC curve exceeded 0.6	weighted digital analysis			Lung Cancer		404 subjects (193 subjects with primary lung cancer and 211 controls with a negative chest CT)	195	1	Detection of lung cancer using weighted digital analysis of breath biomarkers	https://pubmed.ncbi.nlm.nih.gov/18420034
LCBD-0716	5,5-Dimethyl-1,3-hexadiene			Unspecified	Volatile Organic Compound			Candidate	AUC of ROC curve exceeded 0.6	weighted digital analysis			Lung Cancer		404 subjects (193 subjects with primary lung cancer and 211 controls with a negative chest CT)	195	1	Detection of lung cancer using weighted digital analysis of breath biomarkers	https://pubmed.ncbi.nlm.nih.gov/18420034
LCBD-0788	9,10-Anthracenediol,2-ethyl-			Unspecified	Volatile Organic Compound			Candidate	AUC of ROC curve exceeded 0.6	weighted digital analysis			Lung Cancer		404 subjects (193 subjects with primary lung cancer and 211 controls with a negative chest CT)	195	1	Detection of lung cancer using weighted digital analysis of breath biomarkers	https://pubmed.ncbi.nlm.nih.gov/18420034
LCBD-0811	3-Hexanone, 2-methyl-			Unspecified	Volatile Organic Compound			Candidate	AUC of ROC curve exceeded 0.6	weighted digital analysis			Lung Cancer		404 subjects (193 subjects with primary lung cancer and 211 controls with a negative chest CT)	195	1	Detection of lung cancer using weighted digital analysis of breath biomarkers	https://pubmed.ncbi.nlm.nih.gov/18420034
LCBD-0821	à Isomethyl ionone			Unspecified	Volatile Organic Compound			Candidate	AUC of ROC curve exceeded 0.6	weighted digital analysis			Lung Cancer		404 subjects (193 subjects with primary lung cancer and 211 controls with a negative chest CT)	195	1	Detection of lung cancer using weighted digital analysis of breath biomarkers	https://pubmed.ncbi.nlm.nih.gov/18420034
LCBD-0921	Benzophenone			Unspecified	Volatile Organic Compound			Candidate	AUC of ROC curve exceeded 0.6	weighted digital analysis			Lung Cancer		404 subjects (193 subjects with primary lung cancer and 211 controls with a negative chest CT)	195	1	Detection of lung cancer using weighted digital analysis of breath biomarkers	https://pubmed.ncbi.nlm.nih.gov/18420034
LCBD-1145	4-Penten-2-ol			Unspecified	Volatile Organic Compound			Candidate	AUC of ROC curve exceeded 0.6	weighted digital analysis			Lung Cancer		404 subjects (193 subjects with primary lung cancer and 211 controls with a negative chest CT)	195	1	Detection of lung cancer using weighted digital analysis of breath biomarkers	https://pubmed.ncbi.nlm.nih.gov/18420034
LCBD-1187	Benzene,1,l-ethylidenebis[4-ethyl-			Unspecified	Volatile Organic Compound			Candidate	AUC of ROC curve exceeded 0.6	weighted digital analysis			Lung Cancer		404 subjects (193 subjects with primary lung cancer and 211 controls with a negative chest CT)	195	1	Detection of lung cancer using weighted digital analysis of breath biomarkers	https://pubmed.ncbi.nlm.nih.gov/18420034
LCBD-1200	Propanoic acid, 2-methyl-, 1-(1,l-dimethylethyl)-2-methyl-1,3-propanediyl ester			Unspecified	Volatile Organic Compound			Candidate	AUC of ROC curve exceeded 0.6	weighted digital analysis			Lung Cancer		404 subjects (193 subjects with primary lung cancer and 211 controls with a negative chest CT)	195	1	Detection of lung cancer using weighted digital analysis of breath biomarkers	https://pubmed.ncbi.nlm.nih.gov/18420034
LCBD-1216	Pentanoic acid, 2,2,4-trimethyl-3-carboxyisopropyl, isobutyl ester			Unspecified	Volatile Organic Compound			Candidate	AUC of ROC curve exceeded 0.6	weighted digital analysis			Lung Cancer		404 subjects (193 subjects with primary lung cancer and 211 controls with a negative chest CT)	195	1	Detection of lung cancer using weighted digital analysis of breath biomarkers	https://pubmed.ncbi.nlm.nih.gov/18420034
LCBD-1244	5-Isopropenyl-2-methyl-7-oxabicyclo[4.1.0]heptan-2-ol			Unspecified	Volatile Organic Compound			Candidate	AUC of ROC curve exceeded 0.6	weighted digital analysis			Lung Cancer		404 subjects (193 subjects with primary lung cancer and 211 controls with a negative chest CT)	195	1	Detection of lung cancer using weighted digital analysis of breath biomarkers	https://pubmed.ncbi.nlm.nih.gov/18420034
LCBD-1263	p-menth-I-en-8-ol			Unspecified	Volatile Organic Compound			Candidate	AUC of ROC curve exceeded 0.6	weighted digital analysis			Lung Cancer		404 subjects (193 subjects with primary lung cancer and 211 controls with a negative chest CT)	195	1	Detection of lung cancer using weighted digital analysis of breath biomarkers	https://pubmed.ncbi.nlm.nih.gov/18420034
LCBD-1280	1,2,4,5-Tetroxane, 3,3,6,6-tetraphenyl-			Unspecified	Volatile Organic Compound			Candidate	AUC of ROC curve exceeded 0.6	weighted digital analysis			Lung Cancer		404 subjects (193 subjects with primary lung cancer and 211 controls with a negative chest CT)	195	1	Detection of lung cancer using weighted digital analysis of breath biomarkers	https://pubmed.ncbi.nlm.nih.gov/18420034
LCBD-1292	Benzene, 1,l-(1,2-cyclobutanediyl)bis,cis-			Unspecified	Volatile Organic Compound			Candidate	AUC of ROC curve exceeded 0.6	weighted digital analysis			Lung Cancer		404 subjects (193 subjects with primary lung cancer and 211 controls with a negative chest CT)	195	1	Detection of lung cancer using weighted digital analysis of breath biomarkers	https://pubmed.ncbi.nlm.nih.gov/18420034
LCBD-1327	3-Cyclohexene-1-methanol, à,à4-trimethyl-			Unspecified	Volatile Organic Compound			Candidate	AUC of ROC curve exceeded 0.6	weighted digital analysis			Lung Cancer		404 subjects (193 subjects with primary lung cancer and 211 controls with a negative chest CT)	195	1	Detection of lung cancer using weighted digital analysis of breath biomarkers	https://pubmed.ncbi.nlm.nih.gov/18420034
LCBD-1385	Isopropyl alcohol			Unspecified	Volatile Organic Compound			Candidate	AUC of ROC curve exceeded 0.6	weighted digital analysis			Lung Cancer		404 subjects (193 subjects with primary lung cancer and 211 controls with a negative chest CT)	195	1	Detection of lung cancer using weighted digital analysis of breath biomarkers	https://pubmed.ncbi.nlm.nih.gov/18420034
LCBD-0020	p53		7157	Unspecified	DNA				Tumor-suppressor gene inactivated				Non–Small-Cell Lung Cancer (NSCLC), Small-Cell Lung Cancer (SCLC)			201	20	Proteomic approaches in lung cancer biomarker development	https://pubmed.ncbi.nlm.nih.gov/19210125
LCBD-0285	Rb			Unspecified	DNA				Tumor-suppressor gene inactivated				Non–Small-Cell Lung Cancer (NSCLC), Small-Cell Lung Cancer (SCLC)			201	2	Proteomic approaches in lung cancer biomarker development	https://pubmed.ncbi.nlm.nih.gov/19210125
LCBD-0320	MYC		4609	Unspecified	DNA				Overexpression				Small-Cell Lung Cancer (SCLC)			201	3	Proteomic approaches in lung cancer biomarker development	https://pubmed.ncbi.nlm.nih.gov/19210125
LCBD-0895	k-ras	KRAS	3845	Unspecified	DNA				Oncogene overexpressed				Adenocarcinoma (ADC)			201	17	Proteomic approaches in lung cancer biomarker development	https://pubmed.ncbi.nlm.nih.gov/19210125
LCBD-0138	miR-93		407050	Prognostic	Cell-Free miRNA				Low expression level	real-time PCR			Non–Small-Cell Lung Cancer (NSCLC)			219	2	Clinical relevance of circulating cell-free microRNAs in cancer	https://pubmed.ncbi.nlm.nih.gov/24492836
LCBD-0528	miR-345		442910	Prognostic	Cell-Free miRNA				Low expression level	real-time PCR			Non–Small-Cell Lung Cancer (NSCLC)			219	1	Clinical relevance of circulating cell-free microRNAs in cancer	https://pubmed.ncbi.nlm.nih.gov/24492836
LCBD-0561	miR-134		406924	Prognostic	Cell-Free miRNA				Low expression level	real-time PCR			Non–Small-Cell Lung Cancer (NSCLC)			219	1	Clinical relevance of circulating cell-free microRNAs in cancer	https://pubmed.ncbi.nlm.nih.gov/24492836
LCBD-0570	miR-100		406892	Prognostic	Cell-Free miRNA				High expression level	real-time PCR			Non–Small-Cell Lung Cancer (NSCLC)			219	2	Clinical relevance of circulating cell-free microRNAs in cancer	https://pubmed.ncbi.nlm.nih.gov/24492836
LCBD-0901	miR-30e-3p		407034	Prognostic	Cell-Free miRNA					real-time PCR			Non–Small-Cell Lung Cancer (NSCLC)			219	2	Clinical relevance of circulating cell-free microRNAs in cancer	https://pubmed.ncbi.nlm.nih.gov/24492836
LCBD-0943	miR-151			Prognostic	Cell-Free miRNA				Low expression level	real-time PCR			Non–Small-Cell Lung Cancer (NSCLC)			219	1	Clinical relevance of circulating cell-free microRNAs in cancer	https://pubmed.ncbi.nlm.nih.gov/24492836
LCBD-1045	let-7f		406888	Prognostic	Cell-Free miRNA					real-time PCR			Non–Small-Cell Lung Cancer (NSCLC)			219	3	Clinical relevance of circulating cell-free microRNAs in cancer	https://pubmed.ncbi.nlm.nih.gov/24492836
LCBD-0020	p53		7157	Diagnostic and Prognostic	DNA			Potential	Mutation				Non–Small-Cell Lung Cancer (NSCLC)			226	21	Biomarkers for early diagnosis, prognosis, prediction, and recurrence monitoring of non-small cell lung cancer	https://pubmed.ncbi.nlm.nih.gov/28979144
LCBD-0040	SEPT9		10801	Unspecified	DNA				Promoter methylation				Non–Small-Cell Lung Cancer (NSCLC)			226	1	Biomarkers for early diagnosis, prognosis, prediction, and recurrence monitoring of non-small cell lung cancer	https://pubmed.ncbi.nlm.nih.gov/28979144
LCBD-0076	SHOX2		6474	Unspecified	DNA				Promoter methylation				Non–Small-Cell Lung Cancer (NSCLC)			226	9	Biomarkers for early diagnosis, prognosis, prediction, and recurrence monitoring of non-small cell lung cancer	https://pubmed.ncbi.nlm.nih.gov/28979144
LCBD-0247	DCLK1		9201	Unspecified	DNA				Gene promoter methylation				Non–Small-Cell Lung Cancer (NSCLC)			226	1	Biomarkers for early diagnosis, prognosis, prediction, and recurrence monitoring of non-small cell lung cancer	https://pubmed.ncbi.nlm.nih.gov/28979144
LCBD-0315	BRMS1		25885	Prognostic	DNA				Hypermethylation				Non–Small-Cell Lung Cancer (NSCLC)			226	3	Biomarkers for early diagnosis, prognosis, prediction, and recurrence monitoring of non-small cell lung cancer	https://pubmed.ncbi.nlm.nih.gov/28979144
LCBD-0335	BRAF		673	Diagnostic and Prognostic	DNA			Potential	Mutation				Non–Small-Cell Lung Cancer (NSCLC)			226	13	Biomarkers for early diagnosis, prognosis, prediction, and recurrence monitoring of non-small cell lung cancer	https://pubmed.ncbi.nlm.nih.gov/28979144
LCBD-0347	RASSF1A		11186	Unspecified	DNA				Hypermethylation				Non–Small-Cell Lung Cancer (NSCLC)			226	21	Biomarkers for early diagnosis, prognosis, prediction, and recurrence monitoring of non-small cell lung cancer	https://pubmed.ncbi.nlm.nih.gov/28979144
LCBD-0347	RASSF1A		11186	Unspecified	DNA				Promoter methylation				Non–Small-Cell Lung Cancer (NSCLC)			226	22	Biomarkers for early diagnosis, prognosis, prediction, and recurrence monitoring of non-small cell lung cancer	https://pubmed.ncbi.nlm.nih.gov/28979144
LCBD-0398	SFN		2810	Prognostic	DNA				Promoter methylation				Non–Small-Cell Lung Cancer (NSCLC)			226	2	Biomarkers for early diagnosis, prognosis, prediction, and recurrence monitoring of non-small cell lung cancer	https://pubmed.ncbi.nlm.nih.gov/28979144
LCBD-0418	CpG islands			Detective, Prognostic and Real-time Follow-up	DNA				Hypermethylation			Approved	Non–Small-Cell Lung Cancer (NSCLC)			226	2	Biomarkers for early diagnosis, prognosis, prediction, and recurrence monitoring of non-small cell lung cancer	https://pubmed.ncbi.nlm.nih.gov/28979144
LCBD-0428	MGMT		4255	Unspecified	DNA				Hypermethylation				Non–Small-Cell Lung Cancer (NSCLC)			226	17	Biomarkers for early diagnosis, prognosis, prediction, and recurrence monitoring of non-small cell lung cancer	https://pubmed.ncbi.nlm.nih.gov/28979144
LCBD-0755	APC		324	Unspecified	DNA				Hypermethylation				Non–Small-Cell Lung Cancer (NSCLC)			226	11	Biomarkers for early diagnosis, prognosis, prediction, and recurrence monitoring of non-small cell lung cancer	https://pubmed.ncbi.nlm.nih.gov/28979144
LCBD-0758	p16INK4A		1029	Unspecified	DNA				Hypermethylation				Non–Small-Cell Lung Cancer (NSCLC)			226	5	Biomarkers for early diagnosis, prognosis, prediction, and recurrence monitoring of non-small cell lung cancer	https://pubmed.ncbi.nlm.nih.gov/28979144
LCBD-0895	KRAS		3845	Diagnostic and Prognostic	DNA			Potential	Mutation				Non–Small-Cell Lung Cancer (NSCLC)			226	18	Biomarkers for early diagnosis, prognosis, prediction, and recurrence monitoring of non-small cell lung cancer	https://pubmed.ncbi.nlm.nih.gov/28979144
LCBD-0940	SOX17		64321	Prognostic	DNA				Hypermethylation				Non–Small-Cell Lung Cancer (NSCLC)			226	3	Biomarkers for early diagnosis, prognosis, prediction, and recurrence monitoring of non-small cell lung cancer	https://pubmed.ncbi.nlm.nih.gov/28979144
LCBD-1002	RAR		5914	Unspecified	DNA				Hypermethylation				Non–Small-Cell Lung Cancer (NSCLC)			226	1	Biomarkers for early diagnosis, prognosis, prediction, and recurrence monitoring of non-small cell lung cancer	https://pubmed.ncbi.nlm.nih.gov/28979144
LCBD-1088	RARb2			Unspecified	DNA				Promoter methylation				Non–Small-Cell Lung Cancer (NSCLC)			226	2	Biomarkers for early diagnosis, prognosis, prediction, and recurrence monitoring of non-small cell lung cancer	https://pubmed.ncbi.nlm.nih.gov/28979144
LCBD-1090	GSTP1		2950	Unspecified	DNA				Hypermethylation				Non–Small-Cell Lung Cancer (NSCLC)			226	10	Biomarkers for early diagnosis, prognosis, prediction, and recurrence monitoring of non-small cell lung cancer	https://pubmed.ncbi.nlm.nih.gov/28979144
LCBD-1298	DAPK11			Unspecified	DNA				Hypermethylation				Non–Small-Cell Lung Cancer (NSCLC)			226	2	Biomarkers for early diagnosis, prognosis, prediction, and recurrence monitoring of non-small cell lung cancer	https://pubmed.ncbi.nlm.nih.gov/28979144
LCBD-0491	L-Leucine			Diagnostic	Metabolite				Increased	GC–MS			Lung Cancer			227	1	Metabolomics workflow for lung cancer: Discovery of biomarkers	https://pubmed.ncbi.nlm.nih.gov/31103622
LCBD-0628	L-Isoleucine			Diagnostic	Metabolite				Increased	LC-MS			Lung Cancer			227	1	Metabolomics workflow for lung cancer: Discovery of biomarkers	https://pubmed.ncbi.nlm.nih.gov/31103622
LCBD-0648	L-Valine			Diagnostic	Metabolite				Increased	GC–MS and LC-MS			Lung Cancer			227	1	Metabolomics workflow for lung cancer: Discovery of biomarkers	https://pubmed.ncbi.nlm.nih.gov/31103622
LCBD-0691	L-Threonine			Diagnostic	Metabolite				Increased	GC–MS			Lung Cancer			227	1	Metabolomics workflow for lung cancer: Discovery of biomarkers	https://pubmed.ncbi.nlm.nih.gov/31103622
LCBD-0761	L-Glutamine			Diagnostic	Metabolite				Increased	GC–MS			Lung Cancer			227	1	Metabolomics workflow for lung cancer: Discovery of biomarkers	https://pubmed.ncbi.nlm.nih.gov/31103622
LCBD-0765	Glycine		6536	Diagnostic	Metabolite				Decreased	NMR, GC–MS and FIE-MS			Lung Cancer			227	1	Metabolomics workflow for lung cancer: Discovery of biomarkers	https://pubmed.ncbi.nlm.nih.gov/31103622
LCBD-0849	L-Cysteine			Diagnostic	Metabolite				Increased	GC–MS and LC-MS			Lung Cancer			227	1	Metabolomics workflow for lung cancer: Discovery of biomarkers	https://pubmed.ncbi.nlm.nih.gov/31103622
LCBD-0857	L-Alanine			Diagnostic	Metabolite				Increased	LC-MS			Lung Cancer			227	1	Metabolomics workflow for lung cancer: Discovery of biomarkers	https://pubmed.ncbi.nlm.nih.gov/31103622
LCBD-0887	Creatine			Diagnostic	Metabolite				Decreased	NMR			Lung Cancer			227	1	Metabolomics workflow for lung cancer: Discovery of biomarkers	https://pubmed.ncbi.nlm.nih.gov/31103622
LCBD-0925	Pyruvic acid			Diagnostic	Metabolite				Increased	GC–MS and LC-MS			Lung Cancer			227	1	Metabolomics workflow for lung cancer: Discovery of biomarkers	https://pubmed.ncbi.nlm.nih.gov/31103622
LCBD-0946	Betaine			Diagnostic	Metabolite				Increased	LC-MS			Lung Cancer			227	1	Metabolomics workflow for lung cancer: Discovery of biomarkers	https://pubmed.ncbi.nlm.nih.gov/31103622
LCBD-1005	L-Serine			Diagnostic	Metabolite				Increased	GC–MS			Lung Cancer			227	1	Metabolomics workflow for lung cancer: Discovery of biomarkers	https://pubmed.ncbi.nlm.nih.gov/31103622
LCBD-1158	L-Glutamic acid			Diagnostic	Metabolite				Increased	GC–MS			Lung Cancer			227	1	Metabolomics workflow for lung cancer: Discovery of biomarkers	https://pubmed.ncbi.nlm.nih.gov/31103622
LCBD-1184	L-Tryptophan			Diagnostic	Metabolite				Increased	GC–MS and LC-MS			Lung Cancer			227	1	Metabolomics workflow for lung cancer: Discovery of biomarkers	https://pubmed.ncbi.nlm.nih.gov/31103622
LCBD-1285	L-Aspartic acid			Diagnostic	Metabolite				Increased	GC–MS			Lung Cancer			227	1	Metabolomics workflow for lung cancer: Discovery of biomarkers	https://pubmed.ncbi.nlm.nih.gov/31103622
LCBD-1307	Choline		10390	Diagnostic	Metabolite				Increased	NMR			Lung Cancer			227	2	Metabolomics workflow for lung cancer: Discovery of biomarkers	https://pubmed.ncbi.nlm.nih.gov/31103622
LCBD-1425	4-Methyl-2-oxopentanonte			Diagnostic	Metabolite				Increased	GC–MS			Lung Cancer			227	1	Metabolomics workflow for lung cancer: Discovery of biomarkers	https://pubmed.ncbi.nlm.nih.gov/31103622
LCBD-1458	Glyceric acid			Diagnostic	Metabolite				Increased	GC–MS			Lung Cancer			227	1	Metabolomics workflow for lung cancer: Discovery of biomarkers	https://pubmed.ncbi.nlm.nih.gov/31103622
LCBD-0248	2,3,4-Trihydroxybutyric acid			Unspecified	compound				Levels of 2, 3, 4-trihydroxybutyric acid in lung cancer patients are decreased 3-fold compared to that of healthy controls				Adenocarcinoma (AC), Large Cell Carcinoma (LCC), Small-Cell Lung Cancer (SCLC)			236	1	Tumor-Dependent and -Independent Serum/Plasma Biomarkers for Early Diagnosis of Lung Cancer	https://doi.org/10.4172/2161-1025.1000160
LCBD-1036	trisialylated glycan			Diagnostic	Glycans				Increases in trisialylated glycans				Adenocarcinoma (AC), Large Cell Carcinoma (LCC), Small-Cell Lung Cancer (SCLC)			236	1	Tumor-Dependent and -Independent Serum/Plasma Biomarkers for Early Diagnosis of Lung Cancer	https://doi.org/10.4172/2161-1025.1000160
LCBD-1083	Sphingosine			Unspecified	Unsaturated Hydrocarbon Chain								Adenocarcinoma (AC), Large Cell Carcinoma (LCC), Small-Cell Lung Cancer (SCLC)			236	1	Tumor-Dependent and -Independent Serum/Plasma Biomarkers for Early Diagnosis of Lung Cancer	https://doi.org/10.4172/2161-1025.1000160
LCBD-1301	disialylated glycan			Diagnostic	Glycans				Decreases in disialylated glycans				Adenocarcinoma (AC), Large Cell Carcinoma (LCC), Small-Cell Lung Cancer (SCLC)			236	1	Tumor-Dependent and -Independent Serum/Plasma Biomarkers for Early Diagnosis of Lung Cancer	https://doi.org/10.4172/2161-1025.1000160
LCBD-0101	Blood Tumor Mutational Burden (bTMB)	Btmb		Unspecified	ctDNA			Potential	High level of blood tumor mutational burden	virtual, technical, and clinical validation		Verified 	Non–Small-Cell Lung Cancer (NSCLC)		48 subjects (48 patients with advanced NSCLC)	242	1	Assessment of Blood Tumor Mutational Burden as a Potential Biomarker for Immunotherapy in Patients With Non-Small Cell Lung Cancer With Use of a Next-Generation Sequencing Cancer Gene Panel	https://pubmed.ncbi.nlm.nih.gov/30816954
LCBD-0187	miR-126		406913	Diagnostic	Cell-Free miRNA					qRT-PCR			Non–Small-Cell Lung Cancer (NSCLC)		87 subjects (58 NSCLC vs. 29 HD)	249	17	Cell-free microRNAs as diagnostic, prognostic, and predictive biomarkers for lung cancer	https://pubmed.ncbi.nlm.nih.gov/23404859
LCBD-0187	miR-126		406913	Diagnostic	Cell-Free miRNA					qRT-PCR			Non–Small-Cell Lung Cancer (NSCLC)		82 subjects (30 Stage IV NSCLC, 32 Stage I/II NSCLC and 20 HD)	249	18	Cell-free microRNAs as diagnostic, prognostic, and predictive biomarkers for lung cancer	https://pubmed.ncbi.nlm.nih.gov/23404859
LCBD-0270	miR-25		407014	Diagnostic	Cell-Free miRNA					qRT-PCR			Non–Small-Cell Lung Cancer (NSCLC)		227 subjects (152 NSCLC vs. 75 HD)	249	15	Cell-free microRNAs as diagnostic, prognostic, and predictive biomarkers for lung cancer	https://pubmed.ncbi.nlm.nih.gov/23404859
LCBD-0270	miR-25		407014	Diagnostic	Cell-Free miRNA					qRT-PCR			Non–Small-Cell Lung Cancer (NSCLC)		310 subjects (200 NSCLC and 110 HD)	249	16	Cell-free microRNAs as diagnostic, prognostic, and predictive biomarkers for lung cancer	https://pubmed.ncbi.nlm.nih.gov/23404859
LCBD-0278	miR-24		407012	Diagnostic	Cell-Free miRNA					qRT-PCR			Lung Cancer		29 subjects (18 malignant and 11 benign)	249	10	Cell-free microRNAs as diagnostic, prognostic, and predictive biomarkers for lung cancer	https://pubmed.ncbi.nlm.nih.gov/23404859
LCBD-0278	miR-24		407012	Diagnostic	Cell-Free miRNA					qRT-PCR			Non–Small-Cell Lung Cancer (NSCLC)		310 subjects (200 NSCLC and 110 HD)	249	11	Cell-free microRNAs as diagnostic, prognostic, and predictive biomarkers for lung cancer	https://pubmed.ncbi.nlm.nih.gov/23404859
LCBD-0310	miR-1		79187	Prognostic and Predictive	Cell-Free miRNA					Solexa sequencing			Non–Small-Cell Lung Cancer (NSCLC)		60 subjects (30 long-term survivors vs. 30 short-term survivors with NSCLC)	249	5	Cell-free microRNAs as diagnostic, prognostic, and predictive biomarkers for lung cancer	https://pubmed.ncbi.nlm.nih.gov/23404859
LCBD-0319	miR-210		406992	Diagnostic	Cell-Free miRNA					qRT-PCR			Non–Small-Cell Lung Cancer (NSCLC)		87 subjects (58 NSCLC vs. 29 HD)	249	21	Cell-free microRNAs as diagnostic, prognostic, and predictive biomarkers for lung cancer	https://pubmed.ncbi.nlm.nih.gov/23404859
LCBD-0319	miR-210		406992	Diagnostic	Cell-Free miRNA					qRT-PCR			Solitary Pulmonary Nodules (SPNs)		62 subjects (33—benign SPNs and 29 HD)	249	22	Cell-free microRNAs as diagnostic, prognostic, and predictive biomarkers for lung cancer	https://pubmed.ncbi.nlm.nih.gov/23404859
LCBD-0368	miR-21		406991	Diagnostic	Cell-Free miRNA					qRT-PCR			Non–Small-Cell Lung Cancer (NSCLC)		40 subjects (23 NSCLC cases and 17 HDs)	249	41	Cell-free microRNAs as diagnostic, prognostic, and predictive biomarkers for lung cancer	https://pubmed.ncbi.nlm.nih.gov/23404859
LCBD-0368	miR-21		406991	Diagnostic	Cell-Free miRNA					qRT-PCR			Lung Cancer		72 subjects (36 LC and 36 controls)	249	42	Cell-free microRNAs as diagnostic, prognostic, and predictive biomarkers for lung cancer	https://pubmed.ncbi.nlm.nih.gov/23404859
LCBD-0368	miR-21		406991	Diagnostic	Cell-Free miRNA					qRT-PCR			Non–Small-Cell Lung Cancer (NSCLC)		87 subjects (58 NSCLC vs. 29 HD)	249	43	Cell-free microRNAs as diagnostic, prognostic, and predictive biomarkers for lung cancer	https://pubmed.ncbi.nlm.nih.gov/23404859
LCBD-0368	miR-21		406991	Diagnostic	Cell-Free miRNA					qRT-PCR			Non–Small-Cell Lung Cancer (NSCLC)		93 subjects (63 NSCLC patients and 30HD)	249	44	Cell-free microRNAs as diagnostic, prognostic, and predictive biomarkers for lung cancer	https://pubmed.ncbi.nlm.nih.gov/23404859
LCBD-0368	miR-21		406991	Diagnostic	Cell-Free miRNA					qRT-PCR			Solitary Pulmonary Nodules (SPNs)		62 subjects (33—benign SPNs and 29 HD)	249	45	Cell-free microRNAs as diagnostic, prognostic, and predictive biomarkers for lung cancer	https://pubmed.ncbi.nlm.nih.gov/23404859
LCBD-0368	miR-21		406991	Prognostic and Predictive	Cell-Free miRNA				High miR-21 level in serum	qRT-PCR			Non–Small-Cell Lung Cancer (NSCLC)		70 subject (70 NSCLC cases)	249	46	Cell-free microRNAs as diagnostic, prognostic, and predictive biomarkers for lung cancer	https://pubmed.ncbi.nlm.nih.gov/23404859
LCBD-0368	miR-21		406991	Prognostic and Predictive	Cell-Free miRNA				High miR-21 level in serum	qRT-PCR			Non–Small-Cell Lung Cancer (NSCLC)		88 subjects (88 NSCLC patients)	249	47	Cell-free microRNAs as diagnostic, prognostic, and predictive biomarkers for lung cancer	https://pubmed.ncbi.nlm.nih.gov/23404859
LCBD-0368	miR-21		406991	Prognostic and Predictive	Cell-Free miRNA				High miR-21 level in serum				Non–Small-Cell Lung Cancer (NSCLC)		63 subjects (63 NSCLC patients)	249	48	Cell-free microRNAs as diagnostic, prognostic, and predictive biomarkers for lung cancer	https://pubmed.ncbi.nlm.nih.gov/23404859
LCBD-0433	miR-320		407037	Diagnostic	Cell-Free miRNA					qRT-PCR			Non–Small-Cell Lung Cancer (NSCLC)		310 subjects (200 NSCLC and 110 HD)	249	5	Cell-free microRNAs as diagnostic, prognostic, and predictive biomarkers for lung cancer	https://pubmed.ncbi.nlm.nih.gov/23404859
LCBD-0548	miR-486		619554	Prognostic and Predictive	Cell-Free miRNA					Solexa sequencing			Non–Small-Cell Lung Cancer (NSCLC)		60 subjects (30 long-term survivors vs. 30 short-term survivors with NSCLC)	249	16	Cell-free microRNAs as diagnostic, prognostic, and predictive biomarkers for lung cancer	https://pubmed.ncbi.nlm.nih.gov/23404859
LCBD-0548	miR-486		619554	Diagnostic	Cell-Free miRNA					qRT-PCR			Lung Cancer		72 subjects (36 LC and 36 controls)	249	15	Cell-free microRNAs as diagnostic, prognostic, and predictive biomarkers for lung cancer	https://pubmed.ncbi.nlm.nih.gov/23404859
LCBD-0548	miR-486-5p		619554	Diagnostic	Cell-Free miRNA					qRT-PCR			Non–Small-Cell Lung Cancer (NSCLC)		87 subjects (58 NSCLC vs. 29 HD)	249	25	Cell-free microRNAs as diagnostic, prognostic, and predictive biomarkers for lung cancer	https://pubmed.ncbi.nlm.nih.gov/23404859
LCBD-0548	miR-486-5p		619554	Diagnostic	Cell-Free miRNA					qRT-PCR			Solitary Pulmonary Nodules (SPNs)		62 subjects (33—benign SPNs and 29 HD)	249	26	Cell-free microRNAs as diagnostic, prognostic, and predictive biomarkers for lung cancer	https://pubmed.ncbi.nlm.nih.gov/23404859
LCBD-0661	miR-152		406943	Diagnostic	Cell-Free miRNA					qRT-PCR			Non–Small-Cell Lung Cancer (NSCLC)		310 subjects (200 NSCLC and 110 HD)	249	8	Cell-free microRNAs as diagnostic, prognostic, and predictive biomarkers for lung cancer	https://pubmed.ncbi.nlm.nih.gov/23404859
LCBD-0707	miR-222		407007	Diagnostic	Cell-Free miRNA					qRT-PCR			Non–Small-Cell Lung Cancer (NSCLC)		310 subjects (200 NSCLC and 110 HD)	249	7	Cell-free microRNAs as diagnostic, prognostic, and predictive biomarkers for lung cancer	https://pubmed.ncbi.nlm.nih.gov/23404859
LCBD-0707	miR-222		407007	Diagnostic	Cell-Free miRNA					qRT-PCR			Non–Small-Cell Lung Cancer (NSCLC)		82 subjects (30 Stage IV NSCLC, 32 Stage I/II NSCLC and 20 HD)	249	8	Cell-free microRNAs as diagnostic, prognostic, and predictive biomarkers for lung cancer	https://pubmed.ncbi.nlm.nih.gov/23404859
LCBD-0738	miR-223		407008	Diagnostic	Cell-Free miRNA					qRT-PCR			Non–Small-Cell Lung Cancer (NSCLC)		227 subjects (152 NSCLC vs. 75 HD)	249	14	Cell-free microRNAs as diagnostic, prognostic, and predictive biomarkers for lung cancer	https://pubmed.ncbi.nlm.nih.gov/23404859
LCBD-0738	miR-223		407008	Diagnostic	Cell-Free miRNA					qRT-PCR			Non–Small-Cell Lung Cancer (NSCLC)		310 subjects (200 NSCLC and 110 HD)	249	15	Cell-free microRNAs as diagnostic, prognostic, and predictive biomarkers for lung cancer	https://pubmed.ncbi.nlm.nih.gov/23404859
LCBD-0751	miR-200b		406984	Diagnostic	Cell-Free miRNA					qRT-PCR			Lung Cancer		72 subjects (36 LC and 36 controls)	249	11	Cell-free microRNAs as diagnostic, prognostic, and predictive biomarkers for lung cancer	https://pubmed.ncbi.nlm.nih.gov/23404859
LCBD-0803	miR-30d		407033	Prognostic and Predictive	Cell-Free miRNA					Solexa sequencing			Non–Small-Cell Lung Cancer (NSCLC)		60 subjects (30 long-term survivors vs. 30 short-term survivors with NSCLC)	249	7	Cell-free microRNAs as diagnostic, prognostic, and predictive biomarkers for lung cancer	https://pubmed.ncbi.nlm.nih.gov/23404859
LCBD-0803	miR-30d		407033	Diagnostic	Cell-Free miRNA					qRT-PCR			Lung Cancer		29 subjects (18 malignant and 11 benign)	249	6	Cell-free microRNAs as diagnostic, prognostic, and predictive biomarkers for lung cancer	https://pubmed.ncbi.nlm.nih.gov/23404859
LCBD-0810	miR-499		574501	Prognostic and Predictive	Cell-Free miRNA					Solexa sequencing			Non–Small-Cell Lung Cancer (NSCLC)		60 subjects (30 long-term survivors vs. 30 short-term survivors with NSCLC)	249	5	Cell-free microRNAs as diagnostic, prognostic, and predictive biomarkers for lung cancer	https://pubmed.ncbi.nlm.nih.gov/23404859
LCBD-0815	miR-20b		574032	Diagnostic	Cell-Free miRNA					TaqMan PCR			Non–Small-Cell Lung Cancer (NSCLC)		48 subjects (28 NSCLC vs. 20 HD)	249	3	Cell-free microRNAs as diagnostic, prognostic, and predictive biomarkers for lung cancer	https://pubmed.ncbi.nlm.nih.gov/23404859
LCBD-0866	miR-375		494324	Diagnostic	Cell-Free miRNA					qRT-PCR			Lung Cancer		72 subjects (36 LC and 36 controls)	249	8	Cell-free microRNAs as diagnostic, prognostic, and predictive biomarkers for lung cancer	https://pubmed.ncbi.nlm.nih.gov/23404859
LCBD-0901	miR-30e-3p		407034	Diagnostic	Cell-Free miRNA					TaqMan PCR			Non–Small-Cell Lung Cancer (NSCLC)		48 subjects (28 NSCLC vs. 20 HD)	249	3	Cell-free microRNAs as diagnostic, prognostic, and predictive biomarkers for lung cancer	https://pubmed.ncbi.nlm.nih.gov/23404859
LCBD-0901	miR-30e-3p		407034	Prognostic and Predictive	Cell-Free miRNA								Non–Small-Cell Lung Cancer (NSCLC)		78 subjects (78 NSCLC patients)	249	4	Cell-free microRNAs as diagnostic, prognostic, and predictive biomarkers for lung cancer	https://pubmed.ncbi.nlm.nih.gov/23404859
LCBD-0964	miR-20a		406982	Diagnostic	Cell-Free miRNA					qRT-PCR			Non–Small-Cell Lung Cancer (NSCLC)		310 subjects (200 NSCLC and 110 HD)	249	7	Cell-free microRNAs as diagnostic, prognostic, and predictive biomarkers for lung cancer	https://pubmed.ncbi.nlm.nih.gov/23404859
LCBD-0968	miR-183		406959	Diagnostic	Cell-Free miRNA					qRT-PCR			Non–Small-Cell Lung Cancer (NSCLC)		82 subjects (30 Stage IV NSCLC, 32 Stage I/II NSCLC and 20 HD)	249	7	Cell-free microRNAs as diagnostic, prognostic, and predictive biomarkers for lung cancer	https://pubmed.ncbi.nlm.nih.gov/23404859
LCBD-0973	miR-26a		407015	Diagnostic	Cell-Free miRNA					qRT-PCR			Lung Cancer		29 subjects (18 malignant and 11 benign)	249	3	Cell-free microRNAs as diagnostic, prognostic, and predictive biomarkers for lung cancer	https://pubmed.ncbi.nlm.nih.gov/23404859
LCBD-0977	miR-199a-5p		406976	Diagnostic	Cell-Free miRNA					qRT-PCR			Non–Small-Cell Lung Cancer (NSCLC)		310 subjects (200 NSCLC and 110 HD)	249	6	Cell-free microRNAs as diagnostic, prognostic, and predictive biomarkers for lung cancer	https://pubmed.ncbi.nlm.nih.gov/23404859
LCBD-0995	miR-574-5p		693159	Diagnostic	Cell-Free miRNA					qRT-PCR			Non–Small-Cell Lung Cancer (NSCLC)		53 subjects (22 Stage I–II NSCLC patients and 31 HD)	249	7	Cell-free microRNAs as diagnostic, prognostic, and predictive biomarkers for lung cancer	https://pubmed.ncbi.nlm.nih.gov/23404859
LCBD-1022	miR-221		407006	Diagnostic	Cell-Free miRNA					qRT-PCR			Non–Small-Cell Lung Cancer (NSCLC)		310 subjects (200 NSCLC and 110 HD)	249	9	Cell-free microRNAs as diagnostic, prognostic, and predictive biomarkers for lung cancer	https://pubmed.ncbi.nlm.nih.gov/23404859
LCBD-1043	let-7			Diagnostic	Cell-Free miRNA					TaqMan PCR			Non–Small-Cell Lung Cancer (NSCLC)		48 subjects (28 NSCLC vs. 20 HD)	249	1	Cell-free microRNAs as diagnostic, prognostic, and predictive biomarkers for lung cancer	https://pubmed.ncbi.nlm.nih.gov/23404859
LCBD-1045	let-7f		406888	Prognostic and Predictive	Cell-Free miRNA								Non–Small-Cell Lung Cancer (NSCLC)		78 subjects (78 NSCLC patients)	249	4	Cell-free microRNAs as diagnostic, prognostic, and predictive biomarkers for lung cancer	https://pubmed.ncbi.nlm.nih.gov/23404859
LCBD-1076	miR-145		406937	Diagnostic	Cell-Free miRNA					qRT-PCR			Non–Small-Cell Lung Cancer (NSCLC)		310 subjects (200 NSCLC and 110 HD)	249	13	Cell-free microRNAs as diagnostic, prognostic, and predictive biomarkers for lung cancer	https://pubmed.ncbi.nlm.nih.gov/23404859
LCBD-1114	miR-155		406947	Diagnostic	Cell-Free miRNA					qRT-PCR			Lung Cancer		12 subjects (6 LC and 6 HD)	249	22	Cell-free microRNAs as diagnostic, prognostic, and predictive biomarkers for lung cancer	https://pubmed.ncbi.nlm.nih.gov/23404859
LCBD-1316	miR-197		406974	Diagnostic	Cell-Free miRNA					qRT-PCR			Lung Cancer		12 subjects (6 LC and 6 HD)	249	4	Cell-free microRNAs as diagnostic, prognostic, and predictive biomarkers for lung cancer	https://pubmed.ncbi.nlm.nih.gov/23404859
LCBD-1339	miR-182		406958	Diagnostic	Cell-Free miRNA					qRT-PCR			Lung Cancer		12 subjects (6 LC and 6 HD)	249	12	Cell-free microRNAs as diagnostic, prognostic, and predictive biomarkers for lung cancer	https://pubmed.ncbi.nlm.nih.gov/23404859
LCBD-1370	miR-1254			Diagnostic	Cell-Free miRNA					qRT-PCR			Non–Small-Cell Lung Cancer (NSCLC)		53 subjects (22 Stage I–II NSCLC patients and 31 HD)	249	7	Cell-free microRNAs as diagnostic, prognostic, and predictive biomarkers for lung cancer	https://pubmed.ncbi.nlm.nih.gov/23404859
LCBD-1186	Lymphopenia			Prognostic	cell				Decreased			Approved	Lung Cancer			4772	1	Biomarkers in the management of lung cancer:changing the practice of thoracic oncology	https://pubmed.ncbi.nlm.nih.gov/36384005
LCBD-1348	Circulating Tumor DNA	ctDNA		"Diagnostic, Detective and Monitoring "	DNA				Abnormal ctDNA level			Research	Lung Cancer			4774	5	Circulating Tumor DNA in Precision Oncology and ItsApplications in Colorectal Cancer	https://pubmed.ncbi.nlm.nih.gov/35457259
LCBD-1251	NK cells			Predictive	Cell			Potential	the infiltration and activation of NK cells			Research	Extensive Stage Small Cell Lung Cancer			4781	1	Potential value of efficacy prediction and treatment of naturalkiller cells in extensive stage small cell lung cancer	https://pubmed.ncbi.nlm.nih.gov/36861174
LCBD-1348	ctDNA			predictive	DNA				an early decline in ctDNA	SPIDIA4P,IFCC,CANCER-ID; SEQC2; NIH Biomarkers Consortium; NIBSC ;ILSA		Clinical	Non–Small-Cell Lung Cancer (NSCLC)			4782	4	Circulating Tumor DNA as a Biomarker for Monitoring Patients with Solid Cancers: Comparison with Standard Protein Biomarkers	https://pubmed.ncbi.nlm.nih.gov/35962648
LCBD-1463	pericentric satellite DNA			Monitoring, Diagnostic and Prognostic	DNA				overrepresented;	Liquid Biopsy Application		Research	Lung Cancer			4791	1	The Utility of Repetitive Cell-Free DNA in Cancer LiquidBiopsies	https://pubmed.ncbi.nlm.nih.gov/35741173
LCBD-1160	Circulating tumor cell (CTC)		5473	Prognostic	Cell				High CTC numbers	NGS		Clinical	Non–Small-Cell Lung Cancer (NSCLC)		30(30 NSCL w/o targetable mutation w/progression after platinum-based chem)	4803	3	Utilization of Circulating Tumor Cells in the Management ofSolid Tumors	https://pubmed.ncbi.nlm.nih.gov/37109080
LCBD-1117	volatile organic compound (VOC)			Diagnostic and Predictive	Organic Compound				VOC levels change	gas chromatography–mass spectrometry (GC-MS), portable devices, electric noses (eNose),canines		Research	Non–Small-Cell Lung Cancer (NSCLC)			4806	4	Molecular Markers in Guiding Lung Cancer Diagnosis and Treatment	https://pubmed.ncbi.nlm.nih.gov/2573464437
LCBD-1160	circulating tumor cells (CTCs)		5473	Prognostic and predictive	Cell					Liquid Biopsy		Approved	Non–Small-Cell Lung Cancer (NSCLC)			4806	6	Molecular Markers in Guiding Lung Cancer Diagnosis and Treatment	https://pubmed.ncbi.nlm.nih.gov/2573464437
LCBD-1348	Circulating tumor DNA (ctDNA)			Diagnostic, Prognostic and Predictive	DNA				ctDNA levels increase	"karyotyping, PCR-based assays, spectral karyotyping, comparative genomic hybridization (CGH), and
fluorescence in-situ hybridization (FISH). Modern technologies include microarray-based CGH, single nucleotide
polymorphisms (SNP), and next-generation sequencing(NGS) "		Approved	Non–Small-Cell Lung Cancer (NSCLC)			4806	6	Molecular Markers in Guiding Lung Cancer Diagnosis and Treatment	https://pubmed.ncbi.nlm.nih.gov/2573464437
LCBD-0163	Circulating-free DNA (cfDNA)			Prognostic, Predictive and Detective	DNA					AS-PCR; dPCR; Multiplex PCR-based NGS; Hybrid captured-based NGS; WES; cfDNA methylation; Fragmentomics; Combined approaches		Research	Non–Small-Cell Lung Cancer (NSCLC)			4815	2	Making the Rounds: Exploring the Role of Circulating TumorDNA (ctDNA) in Non-Small Cell Lung Cance	https://pubmed.ncbi.nlm.nih.gov/36012272
LCBD-0163	Circulating-free DNA (cfDNA)			Predictive and Detective	DNA				levels of cfDNA	Liquid biopsies		Research	Non–Small-Cell Lung Cancer (NSCLC)			4817	3	Liquid biopsy approaches to capture tumor evolution and clinical outcomes during cancer immunotherapy	https://pubmed.ncbi.nlm.nih.gov/36657818
LCBD-1348	Circulating tumor DNA (ctDNA)			Predictive and Prognostic	DNA				High ctDNA levels	CAPP-Seq		Clinical	Non–Small-Cell Lung Cancer (NSCLC)			4821	7	Benefits from Adjuvant Chemotherapy in Patients withResected Non-Small Cell Lung Cancer: Possibility ofStratification by Gene Amplification of ACTN4 According toEvaluation of Metastatic Ability	https://pubmed.ncbi.nlm.nih.gov/36139525
LCBD-0858	PTPRN4			Diagnostic	DNA				Methylation			Research	Lung Cancer			4824	1	Clinical Scores, Biomarkers and IT Tools in Lung CancerScreening—Can an Integrated Approach OvercomeCurrent Challenges?	https://pubmed.ncbi.nlm.nih.gov/36831559
LCBD-1117	volatile organic compound (VOC)			Diagnostic	Organic Compound				VOC levels change			Research	Lung Cancer		47	4824	5	Clinical Scores, Biomarkers and IT Tools in Lung CancerScreening—Can an Integrated Approach OvercomeCurrent Challenges?	https://pubmed.ncbi.nlm.nih.gov/36831559
LCBD-1160	Circulating tumor cell (CTC)		5473	Diagnostic and Prognostic	Cell				"positive
(CTC+)"	Label-dependent/Label-free/RT-PCR		Research	early-stage Non–Small-Cell Lung Cancer (NSCLC)		1321	4825	4	Circulating Tumor Cells as a Predictive Biomarker in ResectableLung Cancer: A Systematic Review and Meta-Analysis	https://pubmed.ncbi.nlm.nih.gov/36551601
LCBD-0163	Circulating-free DNA (cfDNA)			Predictive and Prognostic	DNA				Reduced cfDNA levels			Approved	Non–Small-Cell Lung Cancer (NSCLC)			4827	4	Liquid biopsy on the horizon in immunotherapy of non-smallcell lung cancer: current status, challenges, and perspectives	https://pubmed.ncbi.nlm.nih.gov/37002211
LCBD-0383	PD-L1		29126	Prognostic and Therapeutic	mRNA				"elevated expression of PD-L1
mRNA"			Clinical	Non–Small-Cell Lung Cancer (NSCLC)		21	4827	28	Liquid biopsy on the horizon in immunotherapy of non-smallcell lung cancer: current status, challenges, and perspectives	https://pubmed.ncbi.nlm.nih.gov/37002211
LCBD-1137	Circulating immune cells			Prognostic	Cell				Circulating immune cells counts change			Research	Non–Small-Cell Lung Cancer (NSCLC); Small-Cell Lung Cancer (SCLC)			4827	1	Liquid biopsy on the horizon in immunotherapy of non-smallcell lung cancer: current status, challenges, and perspectives	https://pubmed.ncbi.nlm.nih.gov/37002211
LCBD-1160	Circulating tumor cell (CTC)		5473	Therapeutic	Cell				presence of CTCs			Approved	Non–Small-Cell Lung Cancer (NSCLC)			4827	5	Liquid biopsy on the horizon in immunotherapy of non-smallcell lung cancer: current status, challenges, and perspectives	https://pubmed.ncbi.nlm.nih.gov/37002211
LCBD-0225	MET		4233	Prognostic	ctDNA				"ctDNA MET alterations correlated with bone metastasis and TP53/PTEN abnormalities; MET mut+ shorter median time to metastasis/recurrence
(1.0 m vs. 10.4 m) and poorer survival (30.6 m vs. 58.4 m)"	NGS			Non–Small-Cell Lung Cancer (NSCLC)		102	4830	46	Prognostic Value of Circulating Tumor DNA (ctDNA) in Oncogene-Driven NSCLC: Current Knowledge and Future Perspectives	https://pubmed.ncbi.nlm.nih.gov/36230877
LCBD-0895	KRAS		3845	Prognostic	ctDNA				OS ctDNA KRAS mut+ significantly worse vs. KRAS w	RFLP–PCR			"Non–Small-Cell Lung Cancer (NSCLC) "		180	4830	29	Prognostic Value of Circulating Tumor DNA (ctDNA) in Oncogene-Driven NSCLC: Current Knowledge and Future Perspectives	https://pubmed.ncbi.nlm.nih.gov/36230877
LCBD-0895	KRAS		3845	Prognostic	ctDNA				Significantly worse survival for serum KRAS mut+ patients	PCR			Non–Small-Cell Lung Cancer (NSCLC)		50	4830	26	Prognostic Value of Circulating Tumor DNA (ctDNA) in Oncogene-Driven NSCLC: Current Knowledge and Future Perspectives	https://pubmed.ncbi.nlm.nih.gov/36230877
LCBD-0895	KRAS		3845	Prognostic	ctDNA				Significantly worse survival for serum KRAS mut+ patients	PCR			Non–Small-Cell Lung Cancer (NSCLC)		50	4830	26	Prognostic Value of Circulating Tumor DNA (ctDNA) in Oncogene-Driven NSCLC: Current Knowledge and Future Perspectives	https://pubmed.ncbi.nlm.nih.gov/36230877
LCBD-0895	KRAS		3845	Prognostic	ctDNA				PFS similar between KRAS wt and KRAS mut+ (5.77 m vs. 5.43 m); OS similar for both KRAS genotype groups (9.07 m vs. 10.03 m)	Fluorogenic RT-PCR			Non–Small-Cell Lung Cancer (NSCLC) stage IIIB or IV		308	4830	25	Prognostic Value of Circulating Tumor DNA (ctDNA) in Oncogene-Driven NSCLC: Current Knowledge and Future Perspectives	https://pubmed.ncbi.nlm.nih.gov/36230877
LCBD-0895	KRAS		3845	Prognostic	ctDNA				PFS similar between KRAS wt and KRAS mut+ (5.77 m vs. 5.43 m); OS similar for both KRAS genotype groups (9.07 m vs. 10.03 m)	Fluorogenic RT-PCR			Non–Small-Cell Lung Cancer (NSCLC) stage IIIB or IV		308	4830	25	Prognostic Value of Circulating Tumor DNA (ctDNA) in Oncogene-Driven NSCLC: Current Knowledge and Future Perspectives	https://pubmed.ncbi.nlm.nih.gov/36230877
LCBD-0895	KRAS		3845	Prognostic	ctDNA				Median OS ctDNA KRAS mut+ 4.8 m vs. KRAS wt 9.5 m; Median PFS ctDNA KRAS mut+ 3.0 m vs. KRAS wt 5.6 m;  Independent prognostic value of KRAS in OS	"ARMS-qPCR "			Non–Small-Cell Lung Cancer (NSCLC) stage III orIV		246	4830	28	Prognostic Value of Circulating Tumor DNA (ctDNA) in Oncogene-Driven NSCLC: Current Knowledge and Future Perspectives	https://pubmed.ncbi.nlm.nih.gov/36230877
LCBD-0963	EGFR		1956	Prognostic	ctDNA				EGFR-TKIs cohort: presence of allele frequency heterogeneity in ctDNA significantly associated with shorter O	Targeted NGS		Research	Non–Small-Cell Lung Cancer (NSCLC)		259	4830	82	Prognostic Value of Circulating Tumor DNA (ctDNA) in Oncogene-Driven NSCLC: Current Knowledge and Future Perspectives	https://pubmed.ncbi.nlm.nih.gov/36230877
LCBD-0963	EGFR		1956	Prognostic	ctDNA				ctDNA EGFR L861Q mutation detected in blood sample two months prior to radiologically identified metastasis	Personalized Analysis of Cancer (blocker displacement amplification)			Non–Small-Cell Lung Cancer (NSCLC) Stage IB		1	4830	87	Prognostic Value of Circulating Tumor DNA (ctDNA) in Oncogene-Driven NSCLC: Current Knowledge and Future Perspectives	https://pubmed.ncbi.nlm.nih.gov/36230877
LCBD-0963	EGFR		1956	Prognostic	ctDNA				Median OS in ctDNA L858R mut+ 13.7 m vs. exon 19 del 30.0 m; ctDNA L858R mut marker of shorter OS and PFS	T-PCR (TaqMan) assay			Advanced EGFR mutated Non–Small-Cell Lung Cancer (NSCLC)		97	4830	86	Prognostic Value of Circulating Tumor DNA (ctDNA) in Oncogene-Driven NSCLC: Current Knowledge and Future Perspectives	https://pubmed.ncbi.nlm.nih.gov/36230877
LCBD-0963	EGFR		1956	Prognostic	ctDNA				5-year survival rate ctDNA EGFR mut+ 18.5% vs. EGFR mut- 76.9%;  median OS ctDNA EGFR mut+ 29.00 ± 2.55 m vs. EGFR mut- not reached; ctDNA EGFR mut+ independent prognostic risk factor for DFS, OS;  ctDNA EGFR mut+ patients shorter DFS of 19.00 ± 2.50 m; Probability of developing distant metastasis ctDNA EGFRmut+ 81.5% vs. EGFR mut- 25.2%	Real-time PCR; ARMS		Research	Non–Small-Cell Lung Cancer (NSCLC)		174	4830	81	Prognostic Value of Circulating Tumor DNA (ctDNA) in Oncogene-Driven NSCLC: Current Knowledge and Future Perspectives	https://pubmed.ncbi.nlm.nih.gov/36230877
LCBD-0963	EGFR		1956	Prognostic	ctDNA				Median OS ctDNA EGFR mut+ patients 8.18 m vs. EGFR mut- 25.3 m;  EGFR mut and ≥6 sites of progression = higher risk of death	ddPCR			Advanced EGFR-mutated Non–Small-Cell Lung Cancer (NSCLC)		177	4830	83	Prognostic Value of Circulating Tumor DNA (ctDNA) in Oncogene-Driven NSCLC: Current Knowledge and Future Perspectives	https://pubmed.ncbi.nlm.nih.gov/36230877
LCBD-0963	EGFR		1956	Prognostic	ctDNA				"Persistent detection of EGFR mut ctDNA at six weeks associated with
shorter median PFS (16.2 m vs. 9.8 m) and median OS (10.1 m)"	ddPCR			Metastatic EGFR-mutated Non–Small-Cell Lung Cancer (NSCLC)		49	4830	84	Prognostic Value of Circulating Tumor DNA (ctDNA) in Oncogene-Driven NSCLC: Current Knowledge and Future Perspectives	https://pubmed.ncbi.nlm.nih.gov/36230877
LCBD-0963	EGFR		1956	Prognostic	ctDNA				Somatic copy-number alterations in ctDNA independent predictor for shorter PFS and OS	ddPCR			"Advanced treatment-naïve EGFR-mutant lung adenocarcinoma "		43	4830	85	Prognostic Value of Circulating Tumor DNA (ctDNA) in Oncogene-Driven NSCLC: Current Knowledge and Future Perspectives	https://pubmed.ncbi.nlm.nih.gov/36230877
LCBD-0963	EGFR		1956	Prognostic	ctDNA				PFS and OS of patients with ctDNA TP53-wt tumors significantly longer vs. TP53-mut tumors (OS: 21.2 m vs. 32.0 m; PFS: 8.4 m vs. 12.81 m);  Patients with ctDNA TP53 and EGFR exon 19 mut significantly longer PFS and OS vs. TP53 and EGFR L858R mutations (26.8 m vs. 21.5 m)	ddPCR			"Advanced treatment-naïve EGFR-mutant lung
adenocarcinoma "		180	4830	88	Prognostic Value of Circulating Tumor DNA (ctDNA) in Oncogene-Driven NSCLC: Current Knowledge and Future Perspectives	https://pubmed.ncbi.nlm.nih.gov/36230877
LCBD-1112	ALK		238	Prognostic	ctDNA				Significant correlation between ctDNA burden and disease burden as assessed by RECIST, volumetric segmentation analysis, quantitative tallying of organ-specific metastasis	NGS			Non–Small-Cell Lung Cancer (NSCLC)		75	4830	28	Prognostic Value of Circulating Tumor DNA (ctDNA) in Oncogene-Driven NSCLC: Current Knowledge and Future Perspectives	https://pubmed.ncbi.nlm.nih.gov/36230877
LCBD-1112	ALK		238	Prognostic	ctDNA				Significant correlation between ctDNA burden and disease burden as assessed by RECIST, volumetric segmentation analysis, quantitative tallying of organ-specific metastasis	NGS			Non–Small-Cell Lung Cancer (NSCLC)		75	4830	28	Prognostic Value of Circulating Tumor DNA (ctDNA) in Oncogene-Driven NSCLC: Current Knowledge and Future Perspectives	https://pubmed.ncbi.nlm.nih.gov/36230877
LCBD-1112	ALK		238	Prognostic	ctDNA				Significant correlation between ctDNA burden and disease burden as assessed by RECIST, volumetric segmentation analysis, quantitative tallying of organ-specific metastasis	NGS			Non–Small-Cell Lung Cancer (NSCLC)		75	4830	28	Prognostic Value of Circulating Tumor DNA (ctDNA) in Oncogene-Driven NSCLC: Current Knowledge and Future Perspectives	https://pubmed.ncbi.nlm.nih.gov/36230877
LCBD-1112	ALK		238	Prognostic	ctDNA				Significant correlation between ctDNA burden and disease burden as assessed by RECIST, volumetric segmentation analysis, quantitative tallying of organ-specific metastasis	NGS			Non–Small-Cell Lung Cancer (NSCLC)		75	4830	28	Prognostic Value of Circulating Tumor DNA (ctDNA) in Oncogene-Driven NSCLC: Current Knowledge and Future Perspectives	https://pubmed.ncbi.nlm.nih.gov/36230877
LCBD-1112	ALK		238	Prognostic	ctDNA				Significant correlation between ctDNA burden and disease burden as assessed by RECIST, volumetric segmentation analysis, quantitative tallying of organ-specific metastasis	NGS			Non–Small-Cell Lung Cancer (NSCLC)		75	4830	28	Prognostic Value of Circulating Tumor DNA (ctDNA) in Oncogene-Driven NSCLC: Current Knowledge and Future Perspectives	https://pubmed.ncbi.nlm.nih.gov/36230877
LCBD-1112	ALK		238	Prognostic	ctDNA				Significant correlation between ctDNA burden and disease burden as assessed by RECIST, volumetric segmentation analysis, quantitative tallying of organ-specific metastasis	NGS			Non–Small-Cell Lung Cancer (NSCLC)		75	4830	28	Prognostic Value of Circulating Tumor DNA (ctDNA) in Oncogene-Driven NSCLC: Current Knowledge and Future Perspectives	https://pubmed.ncbi.nlm.nih.gov/36230877
LCBD-1112	ALK		238	Prognostic	ctDNA				Significant correlation between ctDNA burden and disease burden as assessed by RECIST, volumetric segmentation analysis, quantitative tallying of organ-specific metastasis	NGS			Non–Small-Cell Lung Cancer (NSCLC)		75	4830	28	Prognostic Value of Circulating Tumor DNA (ctDNA) in Oncogene-Driven NSCLC: Current Knowledge and Future Perspectives	https://pubmed.ncbi.nlm.nih.gov/36230877
LCBD-1112	ALK		238	Prognostic	ctDNA				Significant correlation between ctDNA burden and disease burden as assessed by RECIST, volumetric segmentation analysis, quantitative tallying of organ-specific metastasis	NGS			Non–Small-Cell Lung Cancer (NSCLC)		75	4830	28	Prognostic Value of Circulating Tumor DNA (ctDNA) in Oncogene-Driven NSCLC: Current Knowledge and Future Perspectives	https://pubmed.ncbi.nlm.nih.gov/36230877
LCBD-1112	ALK		238	Prognostic	ctDNA				Significant correlation between ctDNA burden and disease burden as assessed by RECIST, volumetric segmentation analysis, quantitative tallying of organ-specific metastasis	NGS			Non–Small-Cell Lung Cancer (NSCLC)		75	4830	28	Prognostic Value of Circulating Tumor DNA (ctDNA) in Oncogene-Driven NSCLC: Current Knowledge and Future Perspectives	https://pubmed.ncbi.nlm.nih.gov/36230877
LCBD-1112	ALK		238	Prognostic	ctDNA				Significant correlation between ctDNA burden and disease burden as assessed by RECIST, volumetric segmentation analysis, quantitative tallying of organ-specific metastasis	NGS			Non–Small-Cell Lung Cancer (NSCLC)		75	4830	28	Prognostic Value of Circulating Tumor DNA (ctDNA) in Oncogene-Driven NSCLC: Current Knowledge and Future Perspectives	https://pubmed.ncbi.nlm.nih.gov/36230877
LCBD-1112	ALK		238	Prognostic	ctDNA				Significant correlation between ctDNA burden and disease burden as assessed by RECIST, volumetric segmentation analysis, quantitative tallying of organ-specific metastasis	NGS			Non–Small-Cell Lung Cancer (NSCLC)		75	4830	28	Prognostic Value of Circulating Tumor DNA (ctDNA) in Oncogene-Driven NSCLC: Current Knowledge and Future Perspectives	https://pubmed.ncbi.nlm.nih.gov/36230877
LCBD-1112	ALK		238	Prognostic	ctDNA				Significant correlation between ctDNA burden and disease burden as assessed by RECIST, volumetric segmentation analysis, quantitative tallying of organ-specific metastasis	NGS			Non–Small-Cell Lung Cancer (NSCLC)		75	4830	28	Prognostic Value of Circulating Tumor DNA (ctDNA) in Oncogene-Driven NSCLC: Current Knowledge and Future Perspectives	https://pubmed.ncbi.nlm.nih.gov/36230877
LCBD-1112	ALK		238	Prognostic	ctDNA				Significant correlation between ctDNA burden and disease burden as assessed by RECIST, volumetric segmentation analysis, quantitative tallying of organ-specific metastasis	NGS			Non–Small-Cell Lung Cancer (NSCLC)		75	4830	28	Prognostic Value of Circulating Tumor DNA (ctDNA) in Oncogene-Driven NSCLC: Current Knowledge and Future Perspectives	https://pubmed.ncbi.nlm.nih.gov/36230877
LCBD-1112	ALK		238	Prognostic	ctDNA				Significant correlation between ctDNA burden and disease burden as assessed by RECIST, volumetric segmentation analysis, quantitative tallying of organ-specific metastasis	NGS			Non–Small-Cell Lung Cancer (NSCLC)		75	4830	28	Prognostic Value of Circulating Tumor DNA (ctDNA) in Oncogene-Driven NSCLC: Current Knowledge and Future Perspectives	https://pubmed.ncbi.nlm.nih.gov/36230877
LCBD-1112	ALK		238	Prognostic	ctDNA				Significant correlation between ctDNA burden and disease burden as assessed by RECIST, volumetric segmentation analysis, quantitative tallying of organ-specific metastasis	NGS			Non–Small-Cell Lung Cancer (NSCLC)		75	4830	28	Prognostic Value of Circulating Tumor DNA (ctDNA) in Oncogene-Driven NSCLC: Current Knowledge and Future Perspectives	https://pubmed.ncbi.nlm.nih.gov/36230877
LCBD-1112	ALK		238	Prognostic	ctDNA				Significant correlation between ctDNA burden and disease burden as assessed by RECIST, volumetric segmentation analysis, quantitative tallying of organ-specific metastasis	NGS			Non–Small-Cell Lung Cancer (NSCLC)		75	4830	28	Prognostic Value of Circulating Tumor DNA (ctDNA) in Oncogene-Driven NSCLC: Current Knowledge and Future Perspectives	https://pubmed.ncbi.nlm.nih.gov/36230877
LCBD-1112	ALK		238	Prognostic	ctDNA				Significant correlation between ctDNA burden and disease burden as assessed by RECIST, volumetric segmentation analysis, quantitative tallying of organ-specific metastasis	NGS			Non–Small-Cell Lung Cancer (NSCLC)		75	4830	28	Prognostic Value of Circulating Tumor DNA (ctDNA) in Oncogene-Driven NSCLC: Current Knowledge and Future Perspectives	https://pubmed.ncbi.nlm.nih.gov/36230877
LCBD-1112	ALK		238	Prognostic	ctDNA				Significant correlation between ctDNA burden and disease burden as assessed by RECIST, volumetric segmentation analysis, quantitative tallying of organ-specific metastasis	NGS			Non–Small-Cell Lung Cancer (NSCLC)		75	4830	28	Prognostic Value of Circulating Tumor DNA (ctDNA) in Oncogene-Driven NSCLC: Current Knowledge and Future Perspectives	https://pubmed.ncbi.nlm.nih.gov/36230877
LCBD-1139	ROS1		6098	Prognostic	ctDNA				ROS1 G2032R predictive of rapid PD (<3 months) under TKI	NGS			Non–Small-Cell Lung Cancer (NSCLC)		128	4830	23	Prognostic Value of Circulating Tumor DNA (ctDNA) in Oncogene-Driven NSCLC: Current Knowledge and Future Perspectives	https://pubmed.ncbi.nlm.nih.gov/36230877