{
  "optimal_threshold": 0.535593220338983,
  "cv_thresholds": [
    0.49491525423728816,
    0.4033898305084746,
    0.5050847457627119,
    0.4338983050847458,
    0.3830508474576272,
    0.464406779661017,
    0.41355932203389834,
    0.4542372881355933,
    0.4745762711864407,
    0.44406779661016954
  ],
  "cv_threshold_mean": 0.44711864406779667,
  "cv_threshold_std": 0.03751701710989162
}