"automated_textmining","coexpression","combined_score","database_annotated","experimentally_determined_interaction","gene_fusion","homology","interaction","name","neighborhood_on_chromosome","node1_string_id","node2_string_id","phylogenetic_cooccurrence","selected","shared interaction","shared name"
"0.741","0.061","0.747","0.0","0.0","0.0","0.0","interacts with","ACKR1 (interacts with) ACKR4","0.0","9606.ENSP00000357103","9606.ENSP00000249887","0.0","false","interacts with","ACKR1 (interacts with) ACKR4"
"0.897","0.042","0.897","0.0","0.0","0.0","0.0","interacts with","ACKR1 (interacts with) CXCL5","0.0","9606.ENSP00000357103","9606.ENSP00000296027","0.0","false","interacts with","ACKR1 (interacts with) CXCL5"
"0.834","0.055","0.836","0.0","0.0","0.0","0.0","interacts with","ACKR1 (interacts with) PPBP","0.0","9606.ENSP00000357103","9606.ENSP00000296028","0.0","false","interacts with","ACKR1 (interacts with) PPBP"
"0.99","0.0","0.999","0.9","0.292","0.0","0.0","interacts with","ACKR1 (interacts with) CXCL8","0.0","9606.ENSP00000357103","9606.ENSP00000306512","0.0","false","interacts with","ACKR1 (interacts with) CXCL8"
"0.858","0.088","0.865","0.0","0.046","0.0","0.0","interacts with","ACKR4 (interacts with) CXCL12","0.0","9606.ENSP00000249887","9606.ENSP00000379140","0.0","false","interacts with","ACKR4 (interacts with) CXCL12"
"0.99","0.064","0.992","0.0","0.287","0.0","0.0","interacts with","ACKR4 (interacts with) CXCL13","0.0","9606.ENSP00000249887","9606.ENSP00000286758","0.0","false","interacts with","ACKR4 (interacts with) CXCL13"
"0.541","0.366","0.703","0.0","0.062","0.0","0.0","interacts with","ACTN2 (interacts with) CASQ2","0.0","9606.ENSP00000355537","9606.ENSP00000261448","0.0","false","interacts with","ACTN2 (interacts with) CASQ2"
"0.56","0.143","0.736","0.0","0.355","0.0","0.0","interacts with","ACTN2 (interacts with) SYNPO2","0.0","9606.ENSP00000355537","9606.ENSP00000306015","0.0","false","interacts with","ACTN2 (interacts with) SYNPO2"
"0.772","0.148","0.808","0.0","0.091","0.0","0.0","interacts with","ACTN2 (interacts with) NEBL","0.0","9606.ENSP00000355537","9606.ENSP00000366326","0.0","false","interacts with","ACTN2 (interacts with) NEBL"
"0.947","0.393","0.973","0.0","0.23","0.0","0.0","interacts with","ACTN2 (interacts with) LDB3","0.0","9606.ENSP00000355537","9606.ENSP00000401437","0.0","false","interacts with","ACTN2 (interacts with) LDB3"
"0.916","0.155","0.992","0.8","0.528","0.0","0.751","interacts with","ACVRL1 (interacts with) TGFBR2","0.0","9606.ENSP00000373574","9606.ENSP00000351905","0.0","false","interacts with","ACVRL1 (interacts with) TGFBR2"
"0.678","0.086","0.916","0.54","0.457","0.0","0.0","interacts with","ACVRL1 (interacts with) BMP2","0.0","9606.ENSP00000373574","9606.ENSP00000368104","0.0","false","interacts with","ACVRL1 (interacts with) BMP2"
"0.897","0.077","0.91","0.0","0.126","0.0","0.0","interacts with","ACVRL1 (interacts with) SMAD9","0.0","9606.ENSP00000373574","9606.ENSP00000369154","0.0","false","interacts with","ACVRL1 (interacts with) SMAD9"
"0.628","0.227","0.717","0.0","0.095","0.0","0.0","interacts with","ACVRL1 (interacts with) CDH5","0.0","9606.ENSP00000373574","9606.ENSP00000497290","0.0","false","interacts with","ACVRL1 (interacts with) CDH5"
"0.849","0.067","0.853","0.0","0.0","0.0","0.0","interacts with","ADAM12 (interacts with) TGFBR2","0.0","9606.ENSP00000357668","9606.ENSP00000351905","0.0","false","interacts with","ADAM12 (interacts with) TGFBR2"
"0.717","0.061","0.722","0.0","0.0","0.0","0.0","interacts with","ADAMTS1 (interacts with) AREG","0.0","9606.ENSP00000284984","9606.ENSP00000379097","0.0","false","interacts with","ADAMTS1 (interacts with) AREG"
"0.556","0.055","0.863","0.67","0.126","0.0","0.0","interacts with","ADCY8 (interacts with) PDE5A","0.0","9606.ENSP00000286355","9606.ENSP00000347046","0.0","false","interacts with","ADCY8 (interacts with) PDE5A"
"0.691","0.16","0.971","0.9","0.0","0.0","0.0","interacts with","ADCY8 (interacts with) RAPGEF4","0.0","9606.ENSP00000286355","9606.ENSP00000380271","0.0","false","interacts with","ADCY8 (interacts with) RAPGEF4"
"0.172","0.08","0.71","0.65","0.0","0.0","0.0","interacts with","ADH1B (interacts with) UGT2B4","0.0","9606.ENSP00000306606","9606.ENSP00000305221","0.0","false","interacts with","ADH1B (interacts with) UGT2B4"
"0.116","0.111","0.701","0.65","0.0","0.0","0.0","interacts with","ADH1B (interacts with) MGST1","0.0","9606.ENSP00000306606","9606.ENSP00000379512","0.0","false","interacts with","ADH1B (interacts with) MGST1"
"0.183","0.075","0.721","0.65","0.07","0.0","0.0","interacts with","ADH1B (interacts with) GSTM3","0.0","9606.ENSP00000306606","9606.ENSP00000354357","0.0","false","interacts with","ADH1B (interacts with) GSTM3"
"0.309","0.064","0.767","0.65","0.096","0.0","0.0","interacts with","ADH1B (interacts with) GSTP1","0.0","9606.ENSP00000306606","9606.ENSP00000381607","0.0","false","interacts with","ADH1B (interacts with) GSTP1"
"0.488","0.12","0.857","0.706","0.0","0.001","0.0","interacts with","ADH1B (interacts with) ALDH3A1","0.048","9606.ENSP00000306606","9606.ENSP00000411821","0.0","false","interacts with","ADH1B (interacts with) ALDH3A1"
"0.406","0.263","0.952","0.9","0.0","0.0","0.0","interacts with","ADH1B (interacts with) AOX1","0.0","9606.ENSP00000306606","9606.ENSP00000363832","0.0","false","interacts with","ADH1B (interacts with) AOX1"
"0.469","0.049","0.956","0.9","0.237","0.0","0.935","interacts with","ADRB1 (interacts with) ADRB2","0.0","9606.ENSP00000358301","9606.ENSP00000305372","0.0","false","interacts with","ADRB1 (interacts with) ADRB2"
"0.735","0.047","0.752","0.0","0.097","0.0","0.0","interacts with","ADRB1 (interacts with) GRK5","0.0","9606.ENSP00000358301","9606.ENSP00000376609","0.0","false","interacts with","ADRB1 (interacts with) GRK5"
"0.752","0.0","0.822","0.0","0.314","0.0","0.0","interacts with","ADRB2 (interacts with) ERBB2","0.0","9606.ENSP00000305372","9606.ENSP00000269571","0.0","false","interacts with","ADRB2 (interacts with) ERBB2"
"0.687","0.0","0.706","0.0","0.1","0.0","0.0","interacts with","ADRB2 (interacts with) GRIA1","0.0","9606.ENSP00000305372","9606.ENSP00000428994","0.0","false","interacts with","ADRB2 (interacts with) GRIA1"
"0.752","0.045","0.753","0.0","0.0","0.0","0.0","interacts with","ADRB2 (interacts with) RAPGEF4","0.0","9606.ENSP00000305372","9606.ENSP00000380271","0.0","false","interacts with","ADRB2 (interacts with) RAPGEF4"
"0.431","0.045","0.812","0.65","0.128","0.0","0.0","interacts with","ADRB2 (interacts with) EDN1","0.0","9606.ENSP00000305372","9606.ENSP00000368683","0.0","false","interacts with","ADRB2 (interacts with) EDN1"
"0.791","0.042","0.873","0.4","0.068","0.0","0.602","interacts with","ADRB2 (interacts with) AGTR1","0.0","9606.ENSP00000305372","9606.ENSP00000398832","0.0","false","interacts with","ADRB2 (interacts with) AGTR1"
"0.75","0.054","0.91","0.5","0.333","0.0","0.0","interacts with","ADRB2 (interacts with) GRK5","0.0","9606.ENSP00000305372","9606.ENSP00000376609","0.0","false","interacts with","ADRB2 (interacts with) GRK5"
"0.967","0.044","0.983","0.0","0.51","0.0","0.0","interacts with","ADRB2 (interacts with) AKAP12","0.0","9606.ENSP00000305372","9606.ENSP00000384537","0.0","false","interacts with","ADRB2 (interacts with) AKAP12"
"0.25","0.057","0.944","0.9","0.311","0.0","0.0","interacts with","AGER (interacts with) KRAS","0.0","9606.ENSP00000364210","9606.ENSP00000256078","0.0","false","interacts with","AGER (interacts with) KRAS"
"0.27","0.072","0.962","0.0","0.948","0.0","0.0","interacts with","AGER (interacts with) S100P","0.0","9606.ENSP00000364210","9606.ENSP00000296370","0.0","false","interacts with","AGER (interacts with) S100P"
"0.516","0.743","0.87","0.0","0.0","0.0","0.0","interacts with","AGER (interacts with) SFTPC","0.0","9606.ENSP00000364210","9606.ENSP00000316152","0.0","false","interacts with","AGER (interacts with) SFTPC"
"0.997","0.106","0.999","0.5","0.41","0.0","0.0","interacts with","AGER (interacts with) S100A12","0.0","9606.ENSP00000364210","9606.ENSP00000357726","0.0","false","interacts with","AGER (interacts with) S100A12"
"0.582","0.488","0.776","0.0","0.0","0.0","0.0","interacts with","AGER (interacts with) SFTPD","0.0","9606.ENSP00000364210","9606.ENSP00000361366","0.0","false","interacts with","AGER (interacts with) SFTPD"
"0.716","0.105","0.734","0.0","0.0","0.0","0.0","interacts with","AGER (interacts with) CD36","0.0","9606.ENSP00000364210","9606.ENSP00000415743","0.0","false","interacts with","AGER (interacts with) CD36"
"0.404","0.0","0.782","0.65","0.0","0.0","0.0","interacts with","AGTR1 (interacts with) CXCL8","0.0","9606.ENSP00000398832","9606.ENSP00000306512","0.0","false","interacts with","AGTR1 (interacts with) CXCL8"
"0.835","0.042","0.982","0.9","0.0","0.0","0.835","interacts with","AGTR1 (interacts with) AGTR2","0.0","9606.ENSP00000398832","9606.ENSP00000360973","0.0","false","interacts with","AGTR1 (interacts with) AGTR2"
"0.785","0.0","0.898","0.5","0.128","0.0","0.0","interacts with","AGTR1 (interacts with) EDN1","0.0","9606.ENSP00000398832","9606.ENSP00000368683","0.0","false","interacts with","AGTR1 (interacts with) EDN1"
"0.278","0.043","0.739","0.5","0.333","0.0","0.0","interacts with","AGTR1 (interacts with) GRK5","0.0","9606.ENSP00000398832","9606.ENSP00000376609","0.0","false","interacts with","AGTR1 (interacts with) GRK5"
"0.593","0.0","0.807","0.5","0.128","0.0","0.0","interacts with","AGTR2 (interacts with) EDN1","0.0","9606.ENSP00000360973","9606.ENSP00000368683","0.0","false","interacts with","AGTR2 (interacts with) EDN1"
"0.415","0.053","0.774","0.0","0.625","0.0","0.0","interacts with","AKAP12 (interacts with) HSPA12B","0.0","9606.ENSP00000384537","9606.ENSP00000254963","0.0","false","interacts with","AKAP12 (interacts with) HSPA12B"
"0.491","0.49","0.81","0.0","0.329","0.0","0.0","interacts with","AKAP12 (interacts with) EGFR","0.0","9606.ENSP00000384537","9606.ENSP00000275493","0.0","false","interacts with","AKAP12 (interacts with) EGFR"
"0.203","0.751","0.793","0.0","0.0","0.0","0.0","interacts with","AKAP12 (interacts with) CAVIN1","0.0","9606.ENSP00000384537","9606.ENSP00000349541","0.0","false","interacts with","AKAP12 (interacts with) CAVIN1"
"0.732","0.047","0.733","0.0","0.0","0.0","0.0","interacts with","AKAP12 (interacts with) ANGPT1","0.0","9606.ENSP00000384537","9606.ENSP00000428340","0.0","false","interacts with","AKAP12 (interacts with) ANGPT1"
"0.544","0.336","0.717","0.137","0.045","0.0","0.0","interacts with","AKR1B10 (interacts with) ALDH3A1","0.0","9606.ENSP00000352584","9606.ENSP00000411821","0.0","false","interacts with","AKR1B10 (interacts with) ALDH3A1"
"0.096","0.079","0.928","0.918","0.071","0.0","0.0","interacts with","ALDH3A1 (interacts with) AOC3","0.0","9606.ENSP00000411821","9606.ENSP00000312326","0.0","false","interacts with","ALDH3A1 (interacts with) AOC3"
"0.131","0.087","0.926","0.914","0.047","0.0","0.0","interacts with","ALDH3A1 (interacts with) GAD1","0.0","9606.ENSP00000411821","9606.ENSP00000350928","0.0","false","interacts with","ALDH3A1 (interacts with) GAD1"
"0.228","0.055","0.726","0.65","0.053","0.0","0.0","interacts with","ALDH3A1 (interacts with) GSTM3","0.0","9606.ENSP00000411821","9606.ENSP00000354357","0.0","false","interacts with","ALDH3A1 (interacts with) GSTM3"
"0.225","0.049","0.719","0.65","0.0","0.0","0.0","interacts with","ALDH3A1 (interacts with) MGST1","0.0","9606.ENSP00000411821","9606.ENSP00000379512","0.0","false","interacts with","ALDH3A1 (interacts with) MGST1"
"0.314","0.061","0.758","0.65","0.053","0.0","0.0","interacts with","ALDH3A1 (interacts with) GSTP1","0.0","9606.ENSP00000411821","9606.ENSP00000381607","0.0","false","interacts with","ALDH3A1 (interacts with) GSTP1"
"0.886","0.074","0.989","0.9","0.11","0.0","0.0","interacts with","ALK (interacts with) KRAS","0.0","9606.ENSP00000373700","9606.ENSP00000256078","0.0","false","interacts with","ALK (interacts with) KRAS"
"0.433","0.0","0.775","0.0","0.62","0.0","0.568","interacts with","ALK (interacts with) ERBB2","0.0","9606.ENSP00000373700","9606.ENSP00000269571","0.0","false","interacts with","ALK (interacts with) ERBB2"
"0.947","0.0","0.947","0.0","0.0","0.0","0.0","interacts with","ALK (interacts with) TGFBR2","0.0","9606.ENSP00000373700","9606.ENSP00000351905","0.0","false","interacts with","ALK (interacts with) TGFBR2"
"0.706","0.0","0.722","0.0","0.092","0.0","0.0","interacts with","ALK (interacts with) PTEN","0.0","9606.ENSP00000373700","9606.ENSP00000361021","0.0","false","interacts with","ALK (interacts with) PTEN"
"0.818","0.0","0.818","0.0","0.0","0.0","0.0","interacts with","ALK (interacts with) CD274","0.0","9606.ENSP00000373700","9606.ENSP00000370989","0.0","false","interacts with","ALK (interacts with) CD274"
"0.602","0.0","0.896","0.75","0.045","0.0","0.0","interacts with","ALK (interacts with) MYC","0.0","9606.ENSP00000373700","9606.ENSP00000478887","0.0","false","interacts with","ALK (interacts with) MYC"
"0.592","0.0","0.968","0.0","0.926","0.0","0.0","interacts with","ALK (interacts with) ALKAL2","0.0","9606.ENSP00000373700","9606.ENSP00000384604","0.0","false","interacts with","ALK (interacts with) ALKAL2"
"0.971","0.0","0.997","0.9","0.292","0.0","0.0","interacts with","ALK (interacts with) MDK","0.0","9606.ENSP00000373700","9606.ENSP00000385451","0.0","false","interacts with","ALK (interacts with) MDK"
"0.744","0.077","0.755","0.0","0.046","0.0","0.0","interacts with","ANGPT1 (interacts with) VWF","0.0","9606.ENSP00000428340","9606.ENSP00000261405","0.0","false","interacts with","ANGPT1 (interacts with) VWF"
"0.819","0.058","0.822","0.0","0.0","0.0","0.0","interacts with","ANGPT1 (interacts with) FGF2","0.0","9606.ENSP00000428340","9606.ENSP00000264498","0.0","false","interacts with","ANGPT1 (interacts with) FGF2"
"0.729","0.043","0.729","0.0","0.0","0.0","0.0","interacts with","ANGPT1 (interacts with) EGF","0.0","9606.ENSP00000428340","9606.ENSP00000265171","0.0","false","interacts with","ANGPT1 (interacts with) EGF"
"0.272","0.049","0.736","0.65","0.0","0.0","0.0","interacts with","ANGPT1 (interacts with) ERBB2","0.0","9606.ENSP00000428340","9606.ENSP00000269571","0.0","false","interacts with","ANGPT1 (interacts with) ERBB2"
"0.588","0.049","0.85","0.65","0.0","0.0","0.0","interacts with","ANGPT1 (interacts with) EGFR","0.0","9606.ENSP00000428340","9606.ENSP00000275493","0.0","false","interacts with","ANGPT1 (interacts with) EGFR"
"0.157","0.0","0.716","0.65","0.115","0.0","0.0","interacts with","ANGPT1 (interacts with) FGFR4","0.0","9606.ENSP00000428340","9606.ENSP00000292408","0.0","false","interacts with","ANGPT1 (interacts with) FGFR4"
"0.356","0.061","0.77","0.65","0.0","0.0","0.0","interacts with","ANGPT1 (interacts with) MET","0.0","9606.ENSP00000428340","9606.ENSP00000317272","0.0","false","interacts with","ANGPT1 (interacts with) MET"
"0.698","0.054","0.705","0.0","0.053","0.0","0.0","interacts with","ANGPT1 (interacts with) PTPRB","0.0","9606.ENSP00000428340","9606.ENSP00000334928","0.0","false","interacts with","ANGPT1 (interacts with) PTPRB"
"0.998","0.104","0.998","0.0","0.136","0.0","0.0","interacts with","ANGPT1 (interacts with) TIE1","0.0","9606.ENSP00000428340","9606.ENSP00000361554","0.0","false","interacts with","ANGPT1 (interacts with) TIE1"
"0.999","0.163","0.999","0.9","0.889","0.0","0.0","interacts with","ANGPT1 (interacts with) TEK","0.0","9606.ENSP00000428340","9606.ENSP00000369375","0.0","false","interacts with","ANGPT1 (interacts with) TEK"
"0.703","0.044","0.704","0.0","0.0","0.0","0.0","interacts with","ANGPT1 (interacts with) CXCL12","0.0","9606.ENSP00000428340","9606.ENSP00000379140","0.0","false","interacts with","ANGPT1 (interacts with) CXCL12"
"0.795","0.044","0.797","0.0","0.044","0.0","0.0","interacts with","ANGPT1 (interacts with) CDH5","0.0","9606.ENSP00000428340","9606.ENSP00000497290","0.0","false","interacts with","ANGPT1 (interacts with) CDH5"
"0.699","0.072","0.732","0.0","0.115","0.0","0.0","interacts with","ANGPTL1 (interacts with) TIE1","0.0","9606.ENSP00000234816","9606.ENSP00000361554","0.0","false","interacts with","ANGPTL1 (interacts with) TIE1"
"0.804","0.059","0.807","0.0","0.0","0.0","0.0","interacts with","ANGPTL1 (interacts with) LILRB2","0.0","9606.ENSP00000234816","9606.ENSP00000375629","0.0","false","interacts with","ANGPTL1 (interacts with) LILRB2"
"0.846","0.092","0.866","0.0","0.115","0.0","0.0","interacts with","ANGPTL1 (interacts with) TEK","0.0","9606.ENSP00000234816","9606.ENSP00000369375","0.0","false","interacts with","ANGPTL1 (interacts with) TEK"
"0.823","0.0","0.824","0.0","0.045","0.0","0.0","interacts with","ANK2 (interacts with) ERBB2","0.0","9606.ENSP00000349588","9606.ENSP00000269571","0.0","false","interacts with","ANK2 (interacts with) ERBB2"
"0.703","0.149","0.862","0.5","0.0","0.0","0.0","interacts with","ANK2 (interacts with) SCN4B","0.0","9606.ENSP00000349588","9606.ENSP00000322460","0.0","false","interacts with","ANK2 (interacts with) SCN4B"
"0.8","0.0","0.8","0.0","0.0","0.0","0.0","interacts with","ANK2 (interacts with) TRPM8","0.0","9606.ENSP00000349588","9606.ENSP00000323926","0.0","false","interacts with","ANK2 (interacts with) TRPM8"
"0.99","0.092","0.997","0.5","0.423","0.0","0.0","interacts with","ANK2 (interacts with) SPTBN1","0.0","9606.ENSP00000349588","9606.ENSP00000349259","0.0","false","interacts with","ANK2 (interacts with) SPTBN1"
"0.523","0.828","0.914","0.0","0.0","0.0","0.0","interacts with","ANLN (interacts with) DLGAP5","0.0","9606.ENSP00000265748","9606.ENSP00000247191","0.0","false","interacts with","ANLN (interacts with) DLGAP5"
"0.657","0.607","0.86","0.0","0.0","0.0","0.0","interacts with","ANLN (interacts with) CCNB1","0.0","9606.ENSP00000265748","9606.ENSP00000256442","0.0","false","interacts with","ANLN (interacts with) CCNB1"
"0.2","0.502","0.74","0.4","0.0","0.0","0.0","interacts with","ANLN (interacts with) DEPDC1B","0.0","9606.ENSP00000265748","9606.ENSP00000265036","0.0","false","interacts with","ANLN (interacts with) DEPDC1B"
"0.456","0.472","0.701","0.0","0.0","0.0","0.0","interacts with","ANLN (interacts with) CDC20","0.0","9606.ENSP00000265748","9606.ENSP00000361540","0.0","false","interacts with","ANLN (interacts with) CDC20"
"0.374","0.546","0.704","0.0","0.0","0.0","0.0","interacts with","ANLN (interacts with) TTK","0.0","9606.ENSP00000265748","9606.ENSP00000358813","0.0","false","interacts with","ANLN (interacts with) TTK"
"0.421","0.523","0.712","0.0","0.0","0.0","0.0","interacts with","ANLN (interacts with) NUSAP1","0.0","9606.ENSP00000265748","9606.ENSP00000499238","0.0","false","interacts with","ANLN (interacts with) NUSAP1"
"0.517","0.462","0.729","0.0","0.0","0.0","0.0","interacts with","ANLN (interacts with) TYMS","0.0","9606.ENSP00000265748","9606.ENSP00000315644","0.0","false","interacts with","ANLN (interacts with) TYMS"
"0.37","0.614","0.747","0.0","0.0","0.0","0.0","interacts with","ANLN (interacts with) CCNA2","0.0","9606.ENSP00000265748","9606.ENSP00000481380","0.0","false","interacts with","ANLN (interacts with) CCNA2"
"0.541","0.487","0.754","0.0","0.0","0.0","0.0","interacts with","ANLN (interacts with) EXO1","0.0","9606.ENSP00000265748","9606.ENSP00000355506","0.0","false","interacts with","ANLN (interacts with) EXO1"
"0.584","0.476","0.773","0.0","0.0","0.0","0.0","interacts with","ANLN (interacts with) UBE2C","0.0","9606.ENSP00000265748","9606.ENSP00000348838","0.0","false","interacts with","ANLN (interacts with) UBE2C"
"0.527","0.399","0.781","0.0","0.292","0.0","0.0","interacts with","ANLN (interacts with) BIRC5","0.0","9606.ENSP00000265748","9606.ENSP00000301633","0.0","false","interacts with","ANLN (interacts with) BIRC5"
"0.52","0.565","0.782","0.0","0.0","0.0","0.0","interacts with","ANLN (interacts with) KIF4A","0.0","9606.ENSP00000265748","9606.ENSP00000363524","0.0","false","interacts with","ANLN (interacts with) KIF4A"
"0.645","0.42","0.785","0.0","0.0","0.0","0.0","interacts with","ANLN (interacts with) RRM2","0.0","9606.ENSP00000265748","9606.ENSP00000353770","0.0","false","interacts with","ANLN (interacts with) RRM2"
"0.463","0.484","0.787","0.0","0.292","0.0","0.0","interacts with","ANLN (interacts with) NEK2","0.0","9606.ENSP00000265748","9606.ENSP00000355966","0.0","false","interacts with","ANLN (interacts with) NEK2"
"0.475","0.479","0.789","0.0","0.292","0.0","0.0","interacts with","ANLN (interacts with) CDCA8","0.0","9606.ENSP00000265748","9606.ENSP00000362146","0.0","false","interacts with","ANLN (interacts with) CDCA8"
"0.376","0.693","0.8","0.0","0.0","0.0","0.0","interacts with","ANLN (interacts with) BUB1B","0.0","9606.ENSP00000265748","9606.ENSP00000287598","0.0","false","interacts with","ANLN (interacts with) BUB1B"
"0.608","0.587","0.831","0.0","0.0","0.0","0.0","interacts with","ANLN (interacts with) MELK","0.0","9606.ENSP00000265748","9606.ENSP00000298048","0.0","false","interacts with","ANLN (interacts with) MELK"
"0.515","0.578","0.842","0.0","0.292","0.0","0.0","interacts with","ANLN (interacts with) CENPF","0.0","9606.ENSP00000265748","9606.ENSP00000355922","0.0","false","interacts with","ANLN (interacts with) CENPF"
"0.353","0.774","0.847","0.0","0.0","0.0","0.0","interacts with","ANLN (interacts with) DEPDC1","0.0","9606.ENSP00000265748","9606.ENSP00000412292","0.0","false","interacts with","ANLN (interacts with) DEPDC1"
"0.533","0.613","0.861","0.0","0.292","0.0","0.0","interacts with","ANLN (interacts with) TOP2A","0.0","9606.ENSP00000265748","9606.ENSP00000411532","0.0","false","interacts with","ANLN (interacts with) TOP2A"
"0.513","0.764","0.88","0.0","0.0","0.0","0.0","interacts with","ANLN (interacts with) HMMR","0.0","9606.ENSP00000265748","9606.ENSP00000377492","0.0","false","interacts with","ANLN (interacts with) HMMR"
"0.48","0.75","0.9","0.0","0.292","0.0","0.0","interacts with","ANLN (interacts with) ASPM","0.0","9606.ENSP00000265748","9606.ENSP00000356379","0.0","false","interacts with","ANLN (interacts with) ASPM"
"0.673","0.774","0.923","0.0","0.0","0.0","0.0","interacts with","ANLN (interacts with) TPX2","0.0","9606.ENSP00000265748","9606.ENSP00000300403","0.0","false","interacts with","ANLN (interacts with) TPX2"
"0.592","0.778","0.93","0.0","0.292","0.0","0.0","interacts with","ANLN (interacts with) CEP55","0.0","9606.ENSP00000265748","9606.ENSP00000360540","0.0","false","interacts with","ANLN (interacts with) CEP55"
"0.607","0.823","0.949","0.0","0.328","0.0","0.0","interacts with","ANLN (interacts with) KIF20A","0.0","9606.ENSP00000265748","9606.ENSP00000378356","0.0","false","interacts with","ANLN (interacts with) KIF20A"
"0.697","0.049","0.7","0.0","0.0","0.017","0.0","interacts with","ANOS1 (interacts with) ARSL","0.0","9606.ENSP00000262648","9606.ENSP00000500220","0.0","false","interacts with","ANOS1 (interacts with) ARSL"
"0.323","0.042","0.781","0.5","0.405","0.0","0.0","interacts with","ANOS1 (interacts with) FGF2","0.0","9606.ENSP00000262648","9606.ENSP00000264498","0.0","false","interacts with","ANOS1 (interacts with) FGF2"
"0.945","0.0","0.945","0.0","0.0","0.0","0.0","interacts with","ANOS1 (interacts with) PROK2","0.0","9606.ENSP00000262648","9606.ENSP00000295619","0.0","false","interacts with","ANOS1 (interacts with) PROK2"
"0.767","0.0","0.776","0.0","0.08","0.0","0.0","interacts with","ANXA1 (interacts with) CDH1","0.0","9606.ENSP00000366109","9606.ENSP00000261769","0.0","false","interacts with","ANXA1 (interacts with) CDH1"
"0.604","0.072","0.802","0.0","0.505","0.0","0.0","interacts with","ANXA1 (interacts with) EGFR","0.0","9606.ENSP00000366109","9606.ENSP00000275493","0.0","false","interacts with","ANXA1 (interacts with) EGFR"
"0.606","0.199","0.828","0.5","0.0","0.0","0.0","interacts with","ANXA1 (interacts with) CXCL8","0.0","9606.ENSP00000366109","9606.ENSP00000306512","0.0","false","interacts with","ANXA1 (interacts with) CXCL8"
"0.507","0.0","0.701","0.0","0.42","0.0","0.0","interacts with","ANXA1 (interacts with) SOX2","0.0","9606.ENSP00000366109","9606.ENSP00000323588","0.0","false","interacts with","ANXA1 (interacts with) SOX2"
"0.61","0.868","0.989","0.8","0.097","0.0","0.936","interacts with","ANXA1 (interacts with) ANXA2","0.0","9606.ENSP00000366109","9606.ENSP00000346032","0.072","false","interacts with","ANXA1 (interacts with) ANXA2"
"0.593","0.138","0.813","0.0","0.51","0.0","0.0","interacts with","ANXA1 (interacts with) PLA2G4A","0.0","9606.ENSP00000366109","9606.ENSP00000356436","0.0","false","interacts with","ANXA1 (interacts with) PLA2G4A"
"0.93","0.661","0.977","0.0","0.101","0.0","0.0","interacts with","ANXA1 (interacts with) S100A10","0.0","9606.ENSP00000366109","9606.ENSP00000357801","0.0","false","interacts with","ANXA1 (interacts with) S100A10"
"0.999","0.043","0.999","0.5","0.0","0.0","0.0","interacts with","ANXA1 (interacts with) FPR2","0.0","9606.ENSP00000366109","9606.ENSP00000468897","0.0","false","interacts with","ANXA1 (interacts with) FPR2"
"0.908","0.083","0.958","0.0","0.544","0.0","0.0","interacts with","ANXA2 (interacts with) EGFR","0.0","9606.ENSP00000346032","9606.ENSP00000275493","0.0","false","interacts with","ANXA2 (interacts with) EGFR"
"0.737","0.0","0.737","0.0","0.0","0.0","0.0","interacts with","ANXA2 (interacts with) KCNK3","0.0","9606.ENSP00000346032","9606.ENSP00000306275","0.0","false","interacts with","ANXA2 (interacts with) KCNK3"
"0.906","0.207","0.922","0.0","0.0","0.0","0.0","interacts with","ANXA2 (interacts with) CAV1","0.0","9606.ENSP00000346032","9606.ENSP00000339191","0.0","false","interacts with","ANXA2 (interacts with) CAV1"
"0.915","0.085","0.951","0.0","0.422","0.0","0.0","interacts with","ANXA2 (interacts with) MYC","0.0","9606.ENSP00000346032","9606.ENSP00000478887","0.0","false","interacts with","ANXA2 (interacts with) MYC"
"0.999","0.826","0.999","0.9","0.987","0.0","0.0","interacts with","ANXA2 (interacts with) S100A10","0.0","9606.ENSP00000346032","9606.ENSP00000357801","0.0","false","interacts with","ANXA2 (interacts with) S100A10"
"0.769","0.044","0.769","0.0","0.0","0.0","0.0","interacts with","AOC3 (interacts with) CD69","0.0","9606.ENSP00000312326","9606.ENSP00000228434","0.0","false","interacts with","AOC3 (interacts with) CD69"
"0.79","0.063","0.794","0.0","0.0","0.0","0.0","interacts with","AOC3 (interacts with) FCGR3B","0.0","9606.ENSP00000312326","9606.ENSP00000433642","0.0","false","interacts with","AOC3 (interacts with) FCGR3B"
"0.795","0.043","0.795","0.0","0.0","0.0","0.0","interacts with","AOC3 (interacts with) CD19","0.0","9606.ENSP00000312326","9606.ENSP00000313419","0.0","false","interacts with","AOC3 (interacts with) CD19"
"0.79","0.068","0.795","0.0","0.0","0.0","0.0","interacts with","AOC3 (interacts with) FCGR3A","0.0","9606.ENSP00000312326","9606.ENSP00000356946","0.0","false","interacts with","AOC3 (interacts with) FCGR3A"
"0.339","0.062","0.937","0.907","0.0","0.004","0.0","interacts with","AOX1 (interacts with) UGT2B4","0.0","9606.ENSP00000363832","9606.ENSP00000305221","0.0","false","interacts with","AOX1 (interacts with) UGT2B4"
"0.202","0.062","0.918","0.9","0.0","0.0","0.0","interacts with","AOX1 (interacts with) HSD17B6","0.0","9606.ENSP00000363832","9606.ENSP00000451406","0.0","false","interacts with","AOX1 (interacts with) HSD17B6"
"0.062","0.054","0.745","0.72","0.097","0.0","0.0","interacts with","APC (interacts with) LRRK2","0.0","9606.ENSP00000257430","9606.ENSP00000298910","0.0","false","interacts with","APC (interacts with) LRRK2"
"0.726","0.0","0.92","0.72","0.0","0.0","0.0","interacts with","APC (interacts with) CDH1","0.0","9606.ENSP00000257430","9606.ENSP00000261769","0.0","false","interacts with","APC (interacts with) CDH1"
"0.622","0.222","0.851","0.529","0.05","0.0","0.0","interacts with","ARC (interacts with) EGR1","0.0","9606.ENSP00000349022","9606.ENSP00000239938","0.0","false","interacts with","ARC (interacts with) EGR1"
"0.295","0.278","0.725","0.5","0.045","0.0","0.0","interacts with","ARC (interacts with) FOSB","0.0","9606.ENSP00000349022","9606.ENSP00000245919","0.0","false","interacts with","ARC (interacts with) FOSB"
"0.262","0.257","0.722","0.529","0.05","0.0","0.0","interacts with","ARC (interacts with) EGR3","0.0","9606.ENSP00000349022","9606.ENSP00000318057","0.0","false","interacts with","ARC (interacts with) EGR3"
"0.885","0.064","0.976","0.8","0.0","0.0","0.0","interacts with","ARC (interacts with) SH3GL3","0.0","9606.ENSP00000349022","9606.ENSP00000320092","0.0","false","interacts with","ARC (interacts with) SH3GL3"
"0.812","0.056","0.814","0.0","0.0","0.0","0.0","interacts with","ARC (interacts with) GRIA1","0.0","9606.ENSP00000349022","9606.ENSP00000428994","0.0","false","interacts with","ARC (interacts with) GRIA1"
"0.596","0.186","0.785","0.4","0.0","0.0","0.734","interacts with","AREG (interacts with) HBEGF","0.0","9606.ENSP00000379097","9606.ENSP00000230990","0.0","false","interacts with","AREG (interacts with) HBEGF"
"0.543","0.058","0.766","0.5","0.0","0.0","0.0","interacts with","AREG (interacts with) KRAS","0.0","9606.ENSP00000379097","9606.ENSP00000256078","0.0","false","interacts with","AREG (interacts with) KRAS"
"0.997","0.0","0.998","0.4","0.0","0.0","0.0","interacts with","AREG (interacts with) EGF","0.0","9606.ENSP00000379097","9606.ENSP00000265171","0.0","false","interacts with","AREG (interacts with) EGF"
"0.888","0.0","0.959","0.65","0.0","0.0","0.0","interacts with","AREG (interacts with) ERBB2","0.0","9606.ENSP00000379097","9606.ENSP00000269571","0.0","false","interacts with","AREG (interacts with) ERBB2"
"0.996","0.0","0.999","0.9","0.777","0.0","0.0","interacts with","AREG (interacts with) EGFR","0.0","9606.ENSP00000379097","9606.ENSP00000275493","0.0","false","interacts with","AREG (interacts with) EGFR"
"0.203","0.051","0.712","0.65","0.0","0.0","0.0","interacts with","AREG (interacts with) FGFR4","0.0","9606.ENSP00000379097","9606.ENSP00000292408","0.0","false","interacts with","AREG (interacts with) FGFR4"
"0.418","0.118","0.804","0.65","0.0","0.0","0.0","interacts with","AREG (interacts with) MET","0.0","9606.ENSP00000379097","9606.ENSP00000317272","0.0","false","interacts with","AREG (interacts with) MET"
"0.192","0.051","0.708","0.65","0.0","0.0","0.0","interacts with","AREG (interacts with) TEK","0.0","9606.ENSP00000379097","9606.ENSP00000369375","0.0","false","interacts with","AREG (interacts with) TEK"
"0.138","0.053","0.822","0.8","0.0","0.0","0.0","interacts with","ASPA (interacts with) GAD1","0.0","9606.ENSP00000263080","9606.ENSP00000350928","0.0","false","interacts with","ASPA (interacts with) GAD1"
"0.799","0.974","0.994","0.0","0.0","0.0","0.0","interacts with","ASPM (interacts with) DLGAP5","0.0","9606.ENSP00000356379","9606.ENSP00000247191","0.0","false","interacts with","ASPM (interacts with) DLGAP5"
"0.714","0.838","0.952","0.0","0.0","0.0","0.0","interacts with","ASPM (interacts with) CCNB1","0.0","9606.ENSP00000356379","9606.ENSP00000256442","0.0","false","interacts with","ASPM (interacts with) CCNB1"
"0.418","0.583","0.746","0.0","0.0","0.0","0.0","interacts with","ASPM (interacts with) CDCA5","0.0","9606.ENSP00000356379","9606.ENSP00000275517","0.0","false","interacts with","ASPM (interacts with) CDCA5"
"0.628","0.928","0.974","0.0","0.111","0.0","0.0","interacts with","ASPM (interacts with) BUB1B","0.0","9606.ENSP00000356379","9606.ENSP00000287598","0.0","false","interacts with","ASPM (interacts with) BUB1B"
"0.709","0.84","0.951","0.0","0.0","0.0","0.0","interacts with","ASPM (interacts with) CCNB2","0.0","9606.ENSP00000356379","9606.ENSP00000288207","0.0","false","interacts with","ASPM (interacts with) CCNB2"
"0.715","0.818","0.946","0.0","0.0","0.0","0.0","interacts with","ASPM (interacts with) MELK","0.0","9606.ENSP00000356379","9606.ENSP00000298048","0.0","false","interacts with","ASPM (interacts with) MELK"
"0.641","0.756","0.909","0.0","0.0","0.0","0.0","interacts with","ASPM (interacts with) PCLAF","0.0","9606.ENSP00000356379","9606.ENSP00000300035","0.0","false","interacts with","ASPM (interacts with) PCLAF"
"0.717","0.827","0.949","0.0","0.0","0.0","0.0","interacts with","ASPM (interacts with) TPX2","0.0","9606.ENSP00000356379","9606.ENSP00000300403","0.0","false","interacts with","ASPM (interacts with) TPX2"
"0.54","0.748","0.879","0.0","0.0","0.0","0.0","interacts with","ASPM (interacts with) BIRC5","0.0","9606.ENSP00000356379","9606.ENSP00000301633","0.0","false","interacts with","ASPM (interacts with) BIRC5"
"0.522","0.52","0.76","0.0","0.0","0.0","0.0","interacts with","ASPM (interacts with) TYMS","0.0","9606.ENSP00000356379","9606.ENSP00000315644","0.0","false","interacts with","ASPM (interacts with) TYMS"
"0.673","0.835","0.943","0.0","0.0","0.0","0.0","interacts with","ASPM (interacts with) UBE2C","0.0","9606.ENSP00000356379","9606.ENSP00000348838","0.0","false","interacts with","ASPM (interacts with) UBE2C"
"0.627","0.626","0.854","0.0","0.0","0.0","0.0","interacts with","ASPM (interacts with) RRM2","0.0","9606.ENSP00000356379","9606.ENSP00000353770","0.0","false","interacts with","ASPM (interacts with) RRM2"
"0.295","0.792","0.848","0.0","0.0","0.0","0.0","interacts with","ASPM (interacts with) EXO1","0.0","9606.ENSP00000356379","9606.ENSP00000355506","0.0","false","interacts with","ASPM (interacts with) EXO1"
"0.802","0.938","0.987","0.0","0.0","0.0","0.0","interacts with","ASPM (interacts with) CENPF","0.0","9606.ENSP00000356379","9606.ENSP00000355922","0.0","false","interacts with","ASPM (interacts with) CENPF"
"0.507","0.837","0.916","0.0","0.0","0.0","0.0","interacts with","ASPM (interacts with) NEK2","0.0","9606.ENSP00000356379","9606.ENSP00000355966","0.0","false","interacts with","ASPM (interacts with) NEK2"
"0.29","0.599","0.703","0.0","0.0","0.0","0.0","interacts with","ASPM (interacts with) CDC45","0.0","9606.ENSP00000356379","9606.ENSP00000405726","0.0","false","interacts with","ASPM (interacts with) CDC45"
"0.601","0.43","0.763","0.0","0.0","0.0","0.0","interacts with","ASPM (interacts with) TK1","0.0","9606.ENSP00000356379","9606.ENSP00000468425","0.0","false","interacts with","ASPM (interacts with) TK1"
"0.632","0.527","0.818","0.0","0.0","0.0","0.0","interacts with","ASPM (interacts with) ZWINT","0.0","9606.ENSP00000356379","9606.ENSP00000363055","0.0","false","interacts with","ASPM (interacts with) ZWINT"
"0.246","0.78","0.827","0.0","0.0","0.0","0.0","interacts with","ASPM (interacts with) UBE2T","0.0","9606.ENSP00000356379","9606.ENSP00000494957","0.0","false","interacts with","ASPM (interacts with) UBE2T"
"0.318","0.805","0.861","0.0","0.0","0.0","0.0","interacts with","ASPM (interacts with) DEPDC1","0.0","9606.ENSP00000356379","9606.ENSP00000412292","0.0","false","interacts with","ASPM (interacts with) DEPDC1"
"0.64","0.809","0.928","0.0","0.043","0.0","0.0","interacts with","ASPM (interacts with) HMMR","0.0","9606.ENSP00000356379","9606.ENSP00000377492","0.0","false","interacts with","ASPM (interacts with) HMMR"
"0.545","0.855","0.931","0.0","0.0","0.0","0.0","interacts with","ASPM (interacts with) HJURP","0.0","9606.ENSP00000356379","9606.ENSP00000414109","0.0","false","interacts with","ASPM (interacts with) HJURP"
"0.611","0.852","0.94","0.0","0.0","0.0","0.0","interacts with","ASPM (interacts with) NUSAP1","0.0","9606.ENSP00000356379","9606.ENSP00000499238","0.0","false","interacts with","ASPM (interacts with) NUSAP1"
"0.603","0.865","0.944","0.0","0.0","0.0","0.0","interacts with","ASPM (interacts with) CCNA2","0.0","9606.ENSP00000356379","9606.ENSP00000481380","0.0","false","interacts with","ASPM (interacts with) CCNA2"
"0.7","0.842","0.95","0.0","0.0","0.0","0.0","interacts with","ASPM (interacts with) CEP55","0.0","9606.ENSP00000356379","9606.ENSP00000360540","0.0","false","interacts with","ASPM (interacts with) CEP55"
"0.48","0.908","0.95","0.0","0.0","0.0","0.0","interacts with","ASPM (interacts with) CDCA8","0.0","9606.ENSP00000356379","9606.ENSP00000362146","0.0","false","interacts with","ASPM (interacts with) CDCA8"
"0.536","0.9","0.952","0.0","0.0","0.0","0.0","interacts with","ASPM (interacts with) KIF4A","0.0","9606.ENSP00000356379","9606.ENSP00000363524","0.0","false","interacts with","ASPM (interacts with) KIF4A"
"0.53","0.912","0.957","0.0","0.0","0.0","0.0","interacts with","ASPM (interacts with) TTK","0.0","9606.ENSP00000356379","9606.ENSP00000358813","0.0","false","interacts with","ASPM (interacts with) TTK"
"0.715","0.9","0.972","0.0","0.111","0.0","0.0","interacts with","ASPM (interacts with) CDC20","0.0","9606.ENSP00000356379","9606.ENSP00000361540","0.0","false","interacts with","ASPM (interacts with) CDC20"
"0.765","0.9","0.975","0.0","0.048","0.0","0.0","interacts with","ASPM (interacts with) KIF20A","0.0","9606.ENSP00000356379","9606.ENSP00000378356","0.0","false","interacts with","ASPM (interacts with) KIF20A"
"0.804","0.983","0.996","0.0","0.0","0.0","0.0","interacts with","ASPM (interacts with) TOP2A","0.0","9606.ENSP00000356379","9606.ENSP00000411532","0.0","false","interacts with","ASPM (interacts with) TOP2A"
"0.803","0.495","0.896","0.0","0.0","0.0","0.0","interacts with","ATF3 (interacts with) PPP1R15A","0.0","9606.ENSP00000344352","9606.ENSP00000200453","0.0","false","interacts with","ATF3 (interacts with) PPP1R15A"
"0.697","0.445","0.824","0.0","0.0","0.0","0.0","interacts with","ATF3 (interacts with) GADD45B","0.0","9606.ENSP00000344352","9606.ENSP00000215631","0.0","false","interacts with","ATF3 (interacts with) GADD45B"
"0.798","0.381","0.873","0.0","0.066","0.0","0.0","interacts with","ATF3 (interacts with) EGR1","0.0","9606.ENSP00000344352","9606.ENSP00000239938","0.0","false","interacts with","ATF3 (interacts with) EGR1"
"0.895","0.46","0.941","0.0","0.0","0.0","0.778","interacts with","ATF3 (interacts with) FOSB","0.0","9606.ENSP00000344352","9606.ENSP00000245919","0.0","false","interacts with","ATF3 (interacts with) FOSB"
"0.639","0.211","0.711","0.0","0.066","0.0","0.0","interacts with","ATF3 (interacts with) EGR3","0.0","9606.ENSP00000344352","9606.ENSP00000318057","0.0","false","interacts with","ATF3 (interacts with) EGR3"
"0.605","0.303","0.721","0.0","0.066","0.0","0.0","interacts with","ATF3 (interacts with) KLF6","0.0","9606.ENSP00000344352","9606.ENSP00000419923","0.0","false","interacts with","ATF3 (interacts with) KLF6"
"0.702","0.07","0.737","0.0","0.128","0.0","0.0","interacts with","ATF3 (interacts with) MYC","0.0","9606.ENSP00000344352","9606.ENSP00000478887","0.0","false","interacts with","ATF3 (interacts with) MYC"
"0.639","0.316","0.75","0.0","0.068","0.0","0.0","interacts with","ATF3 (interacts with) NR4A2","0.0","9606.ENSP00000344352","9606.ENSP00000344479","0.0","false","interacts with","ATF3 (interacts with) NR4A2"
"0.548","0.503","0.772","0.0","0.068","0.0","0.0","interacts with","ATF3 (interacts with) NR4A1","0.0","9606.ENSP00000344352","9606.ENSP00000440864","0.0","false","interacts with","ATF3 (interacts with) NR4A1"
"0.724","0.233","0.779","0.0","0.0","0.0","0.0","interacts with","ATF3 (interacts with) IL6","0.0","9606.ENSP00000344352","9606.ENSP00000385675","0.0","false","interacts with","ATF3 (interacts with) IL6"
"0.532","0.101","0.834","0.0","0.636","0.0","0.0","interacts with","ATF3 (interacts with) CEBPG","0.0","9606.ENSP00000344352","9606.ENSP00000466022","0.0","false","interacts with","ATF3 (interacts with) CEBPG"
"0.661","0.503","0.868","0.0","0.281","0.0","0.0","interacts with","ATF3 (interacts with) MAFF","0.0","9606.ENSP00000344352","9606.ENSP00000442060","0.0","false","interacts with","ATF3 (interacts with) MAFF"
"0.913","0.138","0.926","0.0","0.094","0.0","0.0","interacts with","ATP1A2 (interacts with) SCN1A","0.0","9606.ENSP00000354490","9606.ENSP00000303540","0.0","false","interacts with","ATP1A2 (interacts with) SCN1A"
"0.366","0.21","0.946","0.9","0.065","0.0","0.0","interacts with","ATP1A2 (interacts with) FXYD1","0.0","9606.ENSP00000354490","9606.ENSP00000481244","0.0","false","interacts with","ATP1A2 (interacts with) FXYD1"
"0.922","0.0","0.922","0.0","0.0","0.0","0.0","interacts with","BDNF (interacts with) SLC6A4","0.0","9606.ENSP00000414303","9606.ENSP00000261707","0.0","false","interacts with","BDNF (interacts with) SLC6A4"
"0.814","0.174","0.84","0.0","0.0","0.0","0.0","interacts with","BDNF (interacts with) FGF2","0.0","9606.ENSP00000414303","9606.ENSP00000264498","0.0","false","interacts with","BDNF (interacts with) FGF2"
"0.798","0.0","0.798","0.0","0.0","0.0","0.0","interacts with","BDNF (interacts with) EGF","0.0","9606.ENSP00000414303","9606.ENSP00000265171","0.0","false","interacts with","BDNF (interacts with) EGF"
"0.305","0.0","0.746","0.65","0.0","0.0","0.0","interacts with","BDNF (interacts with) ERBB2","0.0","9606.ENSP00000414303","9606.ENSP00000269571","0.0","false","interacts with","BDNF (interacts with) ERBB2"
"0.639","0.107","0.877","0.65","0.0","0.0","0.0","interacts with","BDNF (interacts with) EGFR","0.0","9606.ENSP00000414303","9606.ENSP00000275493","0.0","false","interacts with","BDNF (interacts with) EGFR"
"0.201","0.0","0.708","0.65","0.0","0.0","0.0","interacts with","BDNF (interacts with) FGFR4","0.0","9606.ENSP00000414303","9606.ENSP00000292408","0.0","false","interacts with","BDNF (interacts with) FGFR4"
"0.713","0.043","0.713","0.0","0.0","0.0","0.0","interacts with","BDNF (interacts with) CXCL8","0.0","9606.ENSP00000414303","9606.ENSP00000306512","0.0","false","interacts with","BDNF (interacts with) CXCL8"
"0.27","0.072","0.742","0.65","0.044","0.0","0.0","interacts with","BDNF (interacts with) MET","0.0","9606.ENSP00000414303","9606.ENSP00000317272","0.0","false","interacts with","BDNF (interacts with) MET"
"0.839","0.047","0.84","0.0","0.0","0.0","0.0","interacts with","BDNF (interacts with) TAC1","0.0","9606.ENSP00000414303","9606.ENSP00000321106","0.0","false","interacts with","BDNF (interacts with) TAC1"
"0.999","0.065","0.999","0.0","0.065","0.0","0.0","interacts with","BDNF (interacts with) NTRK3","0.0","9606.ENSP00000414303","9606.ENSP00000354207","0.0","false","interacts with","BDNF (interacts with) NTRK3"
"0.74","0.0","0.74","0.0","0.0","0.0","0.0","interacts with","BDNF (interacts with) MMP9","0.0","9606.ENSP00000414303","9606.ENSP00000361405","0.0","false","interacts with","BDNF (interacts with) MMP9"
"0.271","0.062","0.739","0.65","0.0","0.0","0.0","interacts with","BDNF (interacts with) TEK","0.0","9606.ENSP00000414303","9606.ENSP00000369375","0.0","false","interacts with","BDNF (interacts with) TEK"
"0.844","0.05","0.846","0.0","0.0","0.0","0.0","interacts with","BDNF (interacts with) IL6","0.0","9606.ENSP00000414303","9606.ENSP00000385675","0.0","false","interacts with","BDNF (interacts with) IL6"
"0.963","0.048","0.963","0.0","0.0","0.0","0.0","interacts with","BDNF (interacts with) GDNF","0.0","9606.ENSP00000414303","9606.ENSP00000409007","0.0","false","interacts with","BDNF (interacts with) GDNF"
"0.797","0.045","0.798","0.0","0.0","0.0","0.0","interacts with","BDNF (interacts with) SNCA","0.0","9606.ENSP00000414303","9606.ENSP00000500990","0.0","false","interacts with","BDNF (interacts with) SNCA"
"0.825","0.042","0.825","0.0","0.0","0.0","0.0","interacts with","BDNF (interacts with) NRN1","0.0","9606.ENSP00000414303","9606.ENSP00000480483","0.0","false","interacts with","BDNF (interacts with) NRN1"
"0.827","0.047","0.828","0.0","0.0","0.0","0.0","interacts with","BDNF (interacts with) GRIA1","0.0","9606.ENSP00000414303","9606.ENSP00000428994","0.0","false","interacts with","BDNF (interacts with) GRIA1"
"0.661","0.907","0.967","0.0","0.0","0.0","0.0","interacts with","BIRC5 (interacts with) DLGAP5","0.0","9606.ENSP00000301633","9606.ENSP00000247191","0.0","false","interacts with","BIRC5 (interacts with) DLGAP5"
"0.884","0.906","0.993","0.4","0.098","0.0","0.0","interacts with","BIRC5 (interacts with) CCNB1","0.0","9606.ENSP00000301633","9606.ENSP00000256442","0.0","false","interacts with","BIRC5 (interacts with) CCNB1"
"0.2","0.528","0.709","0.0","0.292","0.0","0.0","interacts with","BIRC5 (interacts with) DEPDC1B","0.0","9606.ENSP00000301633","9606.ENSP00000265036","0.0","false","interacts with","BIRC5 (interacts with) DEPDC1B"
"0.669","0.0","0.7","0.0","0.13","0.0","0.0","interacts with","BIRC5 (interacts with) ERBB2","0.0","9606.ENSP00000301633","9606.ENSP00000269571","0.0","false","interacts with","BIRC5 (interacts with) ERBB2"
"0.75","0.779","0.942","0.0","0.0","0.0","0.0","interacts with","BIRC5 (interacts with) CDCA5","0.0","9606.ENSP00000301633","9606.ENSP00000275517","0.0","false","interacts with","BIRC5 (interacts with) CDCA5"
"0.834","0.847","0.987","0.5","0.095","0.0","0.0","interacts with","BIRC5 (interacts with) BUB1B","0.0","9606.ENSP00000301633","9606.ENSP00000287598","0.0","false","interacts with","BIRC5 (interacts with) BUB1B"
"0.892","0.905","0.993","0.4","0.098","0.0","0.0","interacts with","BIRC5 (interacts with) CCNB2","0.0","9606.ENSP00000301633","9606.ENSP00000288207","0.0","false","interacts with","BIRC5 (interacts with) CCNB2"
"0.697","0.885","0.965","0.0","0.091","0.0","0.0","interacts with","BIRC5 (interacts with) MELK","0.0","9606.ENSP00000301633","9606.ENSP00000298048","0.0","false","interacts with","BIRC5 (interacts with) MELK"
"0.629","0.82","0.93","0.0","0.0","0.0","0.0","interacts with","BIRC5 (interacts with) PCLAF","0.0","9606.ENSP00000301633","9606.ENSP00000300035","0.0","false","interacts with","BIRC5 (interacts with) PCLAF"
"0.672","0.852","0.952","0.0","0.102","0.0","0.0","interacts with","BIRC5 (interacts with) TPX2","0.0","9606.ENSP00000301633","9606.ENSP00000300403","0.0","false","interacts with","BIRC5 (interacts with) TPX2"
"0.29","0.604","0.707","0.0","0.0","0.0","0.0","interacts with","BIRC5 (interacts with) UHRF1","0.0","9606.ENSP00000301633","9606.ENSP00000479617","0.0","false","interacts with","BIRC5 (interacts with) UHRF1"
"0.333","0.576","0.72","0.0","0.091","0.0","0.0","interacts with","BIRC5 (interacts with) UBE2T","0.0","9606.ENSP00000301633","9606.ENSP00000494957","0.0","false","interacts with","BIRC5 (interacts with) UBE2T"
"0.582","0.511","0.787","0.0","0.0","0.0","0.0","interacts with","BIRC5 (interacts with) CDC25C","0.0","9606.ENSP00000301633","9606.ENSP00000321656","0.0","false","interacts with","BIRC5 (interacts with) CDC25C"
"0.501","0.657","0.821","0.0","0.0","0.0","0.0","interacts with","BIRC5 (interacts with) DEPDC1","0.0","9606.ENSP00000301633","9606.ENSP00000412292","0.0","false","interacts with","BIRC5 (interacts with) DEPDC1"
"0.56","0.604","0.823","0.0","0.07","0.0","0.0","interacts with","BIRC5 (interacts with) EXO1","0.0","9606.ENSP00000301633","9606.ENSP00000355506","0.0","false","interacts with","BIRC5 (interacts with) EXO1"
"0.702","0.091","0.825","0.4","0.051","0.0","0.0","interacts with","BIRC5 (interacts with) MYC","0.0","9606.ENSP00000301633","9606.ENSP00000478887","0.0","false","interacts with","BIRC5 (interacts with) MYC"
"0.657","0.616","0.862","0.0","0.0","0.0","0.0","interacts with","BIRC5 (interacts with) TYMS","0.0","9606.ENSP00000301633","9606.ENSP00000315644","0.0","false","interacts with","BIRC5 (interacts with) TYMS"
"0.357","0.811","0.873","0.0","0.0","0.0","0.0","interacts with","BIRC5 (interacts with) CDC45","0.0","9606.ENSP00000301633","9606.ENSP00000405726","0.0","false","interacts with","BIRC5 (interacts with) CDC45"
"0.434","0.793","0.882","0.0","0.071","0.0","0.0","interacts with","BIRC5 (interacts with) HMMR","0.0","9606.ENSP00000301633","9606.ENSP00000377492","0.0","false","interacts with","BIRC5 (interacts with) HMMR"
"0.584","0.758","0.895","0.0","0.0","0.0","0.0","interacts with","BIRC5 (interacts with) RRM2","0.0","9606.ENSP00000301633","9606.ENSP00000353770","0.0","false","interacts with","BIRC5 (interacts with) RRM2"
"0.535","0.819","0.912","0.0","0.0","0.0","0.0","interacts with","BIRC5 (interacts with) HJURP","0.0","9606.ENSP00000301633","9606.ENSP00000414109","0.0","false","interacts with","BIRC5 (interacts with) HJURP"
"0.57","0.806","0.913","0.0","0.0","0.0","0.0","interacts with","BIRC5 (interacts with) CEP55","0.0","9606.ENSP00000301633","9606.ENSP00000360540","0.0","false","interacts with","BIRC5 (interacts with) CEP55"
"0.657","0.77","0.917","0.0","0.0","0.0","0.0","interacts with","BIRC5 (interacts with) ZWINT","0.0","9606.ENSP00000301633","9606.ENSP00000363055","0.0","false","interacts with","BIRC5 (interacts with) ZWINT"
"0.501","0.846","0.92","0.0","0.0","0.0","0.0","interacts with","BIRC5 (interacts with) TK1","0.0","9606.ENSP00000301633","9606.ENSP00000468425","0.0","false","interacts with","BIRC5 (interacts with) TK1"
"0.516","0.853","0.925","0.0","0.0","0.0","0.0","interacts with","BIRC5 (interacts with) KIF4A","0.0","9606.ENSP00000301633","9606.ENSP00000363524","0.0","false","interacts with","BIRC5 (interacts with) KIF4A"
"0.647","0.826","0.936","0.0","0.0","0.0","0.0","interacts with","BIRC5 (interacts with) TTK","0.0","9606.ENSP00000301633","9606.ENSP00000358813","0.0","false","interacts with","BIRC5 (interacts with) TTK"
"0.665","0.817","0.94","0.0","0.098","0.0","0.0","interacts with","BIRC5 (interacts with) NEK2","0.0","9606.ENSP00000301633","9606.ENSP00000355966","0.0","false","interacts with","BIRC5 (interacts with) NEK2"
"0.724","0.837","0.953","0.0","0.0","0.0","0.0","interacts with","BIRC5 (interacts with) NUSAP1","0.0","9606.ENSP00000301633","9606.ENSP00000499238","0.0","false","interacts with","BIRC5 (interacts with) NUSAP1"
"0.707","0.857","0.956","0.0","0.0","0.0","0.0","interacts with","BIRC5 (interacts with) CCNA2","0.0","9606.ENSP00000301633","9606.ENSP00000481380","0.0","false","interacts with","BIRC5 (interacts with) CCNA2"
"0.826","0.779","0.96","0.0","0.0","0.0","0.0","interacts with","BIRC5 (interacts with) CENPF","0.0","9606.ENSP00000301633","9606.ENSP00000355922","0.0","false","interacts with","BIRC5 (interacts with) CENPF"
"0.732","0.903","0.973","0.0","0.053","0.0","0.0","interacts with","BIRC5 (interacts with) KIF20A","0.0","9606.ENSP00000301633","9606.ENSP00000378356","0.0","false","interacts with","BIRC5 (interacts with) KIF20A"
"0.828","0.868","0.976","0.0","0.0","0.0","0.0","interacts with","BIRC5 (interacts with) TOP2A","0.0","9606.ENSP00000301633","9606.ENSP00000411532","0.0","false","interacts with","BIRC5 (interacts with) TOP2A"
"0.819","0.956","0.992","0.0","0.091","0.0","0.0","interacts with","BIRC5 (interacts with) UBE2C","0.0","9606.ENSP00000301633","9606.ENSP00000348838","0.0","false","interacts with","BIRC5 (interacts with) UBE2C"
"0.811","0.954","0.995","0.5","0.045","0.0","0.0","interacts with","BIRC5 (interacts with) CDC20","0.0","9606.ENSP00000301633","9606.ENSP00000361540","0.0","false","interacts with","BIRC5 (interacts with) CDC20"
"0.996","0.961","0.999","0.8","0.943","0.0","0.0","interacts with","BIRC5 (interacts with) CDCA8","0.0","9606.ENSP00000301633","9606.ENSP00000362146","0.0","false","interacts with","BIRC5 (interacts with) CDCA8"
"0.825","0.0","0.825","0.0","0.045","0.0","0.0","interacts with","BMP2 (interacts with) TGFBR3","0.0","9606.ENSP00000368104","9606.ENSP00000212355","0.0","false","interacts with","BMP2 (interacts with) TGFBR3"
"0.733","0.0","0.737","0.0","0.053","0.0","0.0","interacts with","BMP2 (interacts with) COMP","0.0","9606.ENSP00000368104","9606.ENSP00000222271","0.0","false","interacts with","BMP2 (interacts with) COMP"
"0.773","0.0","0.773","0.0","0.0","0.0","0.0","interacts with","BMP2 (interacts with) IBSP","0.0","9606.ENSP00000368104","9606.ENSP00000226284","0.0","false","interacts with","BMP2 (interacts with) IBSP"
"0.669","0.089","0.702","0.0","0.091","0.0","0.0","interacts with","BMP2 (interacts with) SPARC","0.0","9606.ENSP00000368104","9606.ENSP00000231061","0.0","false","interacts with","BMP2 (interacts with) SPARC"
"0.934","0.085","0.937","0.0","0.0","0.0","0.0","interacts with","BMP2 (interacts with) FGF2","0.0","9606.ENSP00000368104","9606.ENSP00000264498","0.0","false","interacts with","BMP2 (interacts with) FGF2"
"0.172","0.059","0.788","0.75","0.0","0.0","0.0","interacts with","BMP2 (interacts with) CBFB","0.0","9606.ENSP00000368104","9606.ENSP00000415151","0.0","false","interacts with","BMP2 (interacts with) CBFB"
"0.719","0.044","0.872","0.5","0.161","0.0","0.0","interacts with","BMP2 (interacts with) SMAD9","0.0","9606.ENSP00000368104","9606.ENSP00000369154","0.0","false","interacts with","BMP2 (interacts with) SMAD9"
"0.875","0.053","0.895","0.0","0.183","0.0","0.0","interacts with","BMP2 (interacts with) BMPER","0.0","9606.ENSP00000368104","9606.ENSP00000497748","0.0","false","interacts with","BMP2 (interacts with) BMPER"
"0.919","0.059","0.921","0.0","0.0","0.0","0.0","interacts with","BMP2 (interacts with) SPP1","0.0","9606.ENSP00000368104","9606.ENSP00000378517","0.0","false","interacts with","BMP2 (interacts with) SPP1"
"0.987","0.0","0.995","0.65","0.069","0.0","0.0","interacts with","BMP2 (interacts with) GREM1","0.0","9606.ENSP00000368104","9606.ENSP00000498748","0.0","false","interacts with","BMP2 (interacts with) GREM1"
"0.759","0.061","0.764","0.0","0.0","0.0","0.0","interacts with","BPIFA1 (interacts with) CETP","0.0","9606.ENSP00000346251","9606.ENSP00000200676","0.0","false","interacts with","BPIFA1 (interacts with) CETP"
"0.876","0.0","0.876","0.0","0.0","0.0","0.0","interacts with","BRAF (interacts with) MLH1","0.0","9606.ENSP00000419060","9606.ENSP00000231790","0.0","false","interacts with","BRAF (interacts with) MLH1"
"0.973","0.081","0.999","0.9","0.87","0.0","0.0","interacts with","BRAF (interacts with) KRAS","0.0","9606.ENSP00000419060","9606.ENSP00000256078","0.0","false","interacts with","BRAF (interacts with) KRAS"
"0.473","0.067","0.885","0.0","0.785","0.0","0.0","interacts with","BRAF (interacts with) SFN","0.0","9606.ENSP00000419060","9606.ENSP00000340989","0.0","false","interacts with","BRAF (interacts with) SFN"
"0.499","0.044","0.74","0.5","0.045","0.0","0.0","interacts with","BRAF (interacts with) QKI","0.0","9606.ENSP00000419060","9606.ENSP00000355094","0.0","false","interacts with","BRAF (interacts with) QKI"
"0.927","0.094","0.943","0.0","0.206","0.0","0.0","interacts with","BRAF (interacts with) PTEN","0.0","9606.ENSP00000419060","9606.ENSP00000361021","0.0","false","interacts with","BRAF (interacts with) PTEN"
"0.792","0.073","0.799","0.0","0.0","0.0","0.0","interacts with","BRAF (interacts with) CD274","0.0","9606.ENSP00000419060","9606.ENSP00000370989","0.0","false","interacts with","BRAF (interacts with) CD274"
"0.886","0.0","0.892","0.0","0.095","0.0","0.0","interacts with","BRAF (interacts with) CDKN2A","0.0","9606.ENSP00000419060","9606.ENSP00000418915","0.0","false","interacts with","BRAF (interacts with) CDKN2A"
"0.716","0.055","0.722","0.0","0.045","0.0","0.0","interacts with","BRAF (interacts with) MYC","0.0","9606.ENSP00000419060","9606.ENSP00000478887","0.0","false","interacts with","BRAF (interacts with) MYC"
"0.988","0.0","0.988","0.0","0.0","0.0","0.0","interacts with","BTNL9 (interacts with) XDH","0.0","9606.ENSP00000330200","9606.ENSP00000368727","0.0","false","interacts with","BTNL9 (interacts with) XDH"
"0.746","0.928","0.981","0.0","0.0","0.0","0.0","interacts with","BUB1B (interacts with) DLGAP5","0.0","9606.ENSP00000287598","9606.ENSP00000247191","0.0","false","interacts with","BUB1B (interacts with) DLGAP5"
"0.294","0.777","0.836","0.0","0.0","0.0","0.0","interacts with","BUB1B (interacts with) E2F8","0.0","9606.ENSP00000287598","9606.ENSP00000250024","0.0","false","interacts with","BUB1B (interacts with) E2F8"
"0.966","0.847","0.998","0.72","0.279","0.0","0.0","interacts with","BUB1B (interacts with) CCNB1","0.0","9606.ENSP00000287598","9606.ENSP00000256442","0.0","false","interacts with","BUB1B (interacts with) CCNB1"
"0.0","0.797","0.797","0.0","0.0","0.0","0.0","interacts with","BUB1B (interacts with) DEPDC1B","0.0","9606.ENSP00000287598","9606.ENSP00000265036","0.0","false","interacts with","BUB1B (interacts with) DEPDC1B"
"0.657","0.585","0.851","0.0","0.0","0.0","0.0","interacts with","BUB1B (interacts with) CDCA5","0.0","9606.ENSP00000287598","9606.ENSP00000275517","0.0","false","interacts with","BUB1B (interacts with) CDCA5"
"0.508","0.455","0.72","0.0","0.0","0.0","0.0","interacts with","BUB1B (interacts with) TYMS","0.0","9606.ENSP00000287598","9606.ENSP00000315644","0.0","false","interacts with","BUB1B (interacts with) TYMS"
"0.454","0.526","0.745","0.0","0.092","0.0","0.0","interacts with","BUB1B (interacts with) RAD54L","0.0","9606.ENSP00000287598","9606.ENSP00000361043","0.0","false","interacts with","BUB1B (interacts with) RAD54L"
"0.564","0.561","0.807","0.0","0.073","0.0","0.0","interacts with","BUB1B (interacts with) EXO1","0.0","9606.ENSP00000287598","9606.ENSP00000355506","0.0","false","interacts with","BUB1B (interacts with) EXO1"
"0.604","0.538","0.809","0.0","0.0","0.0","0.0","interacts with","BUB1B (interacts with) CDC25C","0.0","9606.ENSP00000287598","9606.ENSP00000321656","0.0","false","interacts with","BUB1B (interacts with) CDC25C"
"0.558","0.592","0.817","0.0","0.065","0.0","0.0","interacts with","BUB1B (interacts with) CDC45","0.0","9606.ENSP00000287598","9606.ENSP00000405726","0.0","false","interacts with","BUB1B (interacts with) CDC45"
"0.29","0.797","0.85","0.0","0.0","0.0","0.0","interacts with","BUB1B (interacts with) DEPDC1","0.0","9606.ENSP00000287598","9606.ENSP00000412292","0.0","false","interacts with","BUB1B (interacts with) DEPDC1"
"0.411","0.797","0.875","0.0","0.0","0.0","0.0","interacts with","BUB1B (interacts with) PCLAF","0.0","9606.ENSP00000287598","9606.ENSP00000300035","0.0","false","interacts with","BUB1B (interacts with) PCLAF"
"0.412","0.792","0.882","0.0","0.115","0.0","0.0","interacts with","BUB1B (interacts with) HMMR","0.0","9606.ENSP00000287598","9606.ENSP00000377492","0.0","false","interacts with","BUB1B (interacts with) HMMR"
"0.355","0.847","0.897","0.0","0.0","0.0","0.0","interacts with","BUB1B (interacts with) HJURP","0.0","9606.ENSP00000287598","9606.ENSP00000414109","0.0","false","interacts with","BUB1B (interacts with) HJURP"
"0.576","0.823","0.922","0.0","0.0","0.0","0.0","interacts with","BUB1B (interacts with) RRM2","0.0","9606.ENSP00000287598","9606.ENSP00000353770","0.0","false","interacts with","BUB1B (interacts with) RRM2"
"0.595","0.849","0.936","0.0","0.0","0.0","0.0","interacts with","BUB1B (interacts with) TPX2","0.0","9606.ENSP00000287598","9606.ENSP00000300403","0.0","false","interacts with","BUB1B (interacts with) TPX2"
"0.632","0.841","0.939","0.0","0.0","0.0","0.0","interacts with","BUB1B (interacts with) CEP55","0.0","9606.ENSP00000287598","9606.ENSP00000360540","0.0","false","interacts with","BUB1B (interacts with) CEP55"
"0.696","0.852","0.953","0.0","0.0","0.0","0.0","interacts with","BUB1B (interacts with) NUSAP1","0.0","9606.ENSP00000287598","9606.ENSP00000499238","0.0","false","interacts with","BUB1B (interacts with) NUSAP1"
"0.683","0.856","0.953","0.0","0.046","0.0","0.0","interacts with","BUB1B (interacts with) MELK","0.0","9606.ENSP00000287598","9606.ENSP00000298048","0.0","false","interacts with","BUB1B (interacts with) MELK"
"0.696","0.896","0.968","0.0","0.081","0.0","0.0","interacts with","BUB1B (interacts with) KIF4A","0.0","9606.ENSP00000287598","9606.ENSP00000363524","0.0","false","interacts with","BUB1B (interacts with) KIF4A"
"0.752","0.911","0.977","0.0","0.071","0.0","0.0","interacts with","BUB1B (interacts with) KIF20A","0.0","9606.ENSP00000287598","9606.ENSP00000378356","0.0","false","interacts with","BUB1B (interacts with) KIF20A"
"0.747","0.925","0.98","0.0","0.0","0.0","0.0","interacts with","BUB1B (interacts with) TOP2A","0.0","9606.ENSP00000287598","9606.ENSP00000411532","0.0","false","interacts with","BUB1B (interacts with) TOP2A"
"0.918","0.865","0.991","0.0","0.292","0.0","0.0","interacts with","BUB1B (interacts with) TTK","0.0","9606.ENSP00000287598","9606.ENSP00000358813","0.0","false","interacts with","BUB1B (interacts with) TTK"
"0.768","0.832","0.991","0.72","0.287","0.0","0.0","interacts with","BUB1B (interacts with) UBE2C","0.0","9606.ENSP00000287598","9606.ENSP00000348838","0.0","false","interacts with","BUB1B (interacts with) UBE2C"
"0.914","0.835","0.993","0.4","0.279","0.0","0.0","interacts with","BUB1B (interacts with) CCNB2","0.0","9606.ENSP00000287598","9606.ENSP00000288207","0.0","false","interacts with","BUB1B (interacts with) CCNB2"
"0.904","0.865","0.994","0.5","0.292","0.0","0.0","interacts with","BUB1B (interacts with) CCNA2","0.0","9606.ENSP00000287598","9606.ENSP00000481380","0.0","false","interacts with","BUB1B (interacts with) CCNA2"
"0.862","0.921","0.994","0.5","0.0","0.0","0.0","interacts with","BUB1B (interacts with) CDCA8","0.0","9606.ENSP00000287598","9606.ENSP00000362146","0.0","false","interacts with","BUB1B (interacts with) CDCA8"
"0.814","0.787","0.996","0.5","0.823","0.0","0.0","interacts with","BUB1B (interacts with) ZWINT","0.0","9606.ENSP00000287598","9606.ENSP00000363055","0.0","false","interacts with","BUB1B (interacts with) ZWINT"
"0.64","0.839","0.999","0.5","0.994","0.0","0.0","interacts with","BUB1B (interacts with) NEK2","0.0","9606.ENSP00000287598","9606.ENSP00000355966","0.0","false","interacts with","BUB1B (interacts with) NEK2"
"0.999","0.901","0.999","0.8","0.999","0.0","0.0","interacts with","BUB1B (interacts with) CDC20","0.0","9606.ENSP00000287598","9606.ENSP00000361540","0.0","false","interacts with","BUB1B (interacts with) CDC20"
"0.918","0.903","0.999","0.9","0.0","0.0","0.0","interacts with","BUB1B (interacts with) CENPF","0.0","9606.ENSP00000287598","9606.ENSP00000355922","0.0","false","interacts with","BUB1B (interacts with) CENPF"
"0.643","0.211","0.708","0.0","0.049","0.0","0.0","interacts with","C5AR1 (interacts with) CD93","0.0","9606.ENSP00000347197","9606.ENSP00000246006","0.0","false","interacts with","C5AR1 (interacts with) CD93"
"0.667","0.285","0.766","0.0","0.098","0.0","0.0","interacts with","C5AR1 (interacts with) CFP","0.0","9606.ENSP00000347197","9606.ENSP00000247153","0.0","false","interacts with","C5AR1 (interacts with) CFP"
"0.542","0.152","0.789","0.5","0.0","0.0","0.0","interacts with","C5AR1 (interacts with) CXCL8","0.0","9606.ENSP00000347197","9606.ENSP00000306512","0.0","false","interacts with","C5AR1 (interacts with) CXCL8"
"0.474","0.242","0.783","0.5","0.0","0.0","0.711","interacts with","C5AR1 (interacts with) CXCR2","0.0","9606.ENSP00000347197","9606.ENSP00000319635","0.0","false","interacts with","C5AR1 (interacts with) CXCR2"
"0.137","0.213","0.984","0.9","0.8","0.0","0.778","interacts with","C6 (interacts with) C8B","0.0","9606.ENSP00000263413","9606.ENSP00000360281","0.0","false","interacts with","C6 (interacts with) C8B"
"0.465","0.221","0.995","0.9","0.9","0.0","0.804","interacts with","C6 (interacts with) C7","0.0","9606.ENSP00000263413","9606.ENSP00000322061","0.0","false","interacts with","C6 (interacts with) C7"
"0.553","0.149","0.847","0.5","0.292","0.0","0.0","interacts with","C7 (interacts with) CLU","0.0","9606.ENSP00000322061","9606.ENSP00000315130","0.0","false","interacts with","C7 (interacts with) CLU"
"0.145","0.123","0.991","0.9","0.9","0.0","0.733","interacts with","C7 (interacts with) C8B","0.0","9606.ENSP00000322061","9606.ENSP00000360281","0.0","false","interacts with","C7 (interacts with) C8B"
"0.37","0.568","0.716","0.0","0.0","0.0","0.0","interacts with","C8B (interacts with) CPB2","0.0","9606.ENSP00000360281","9606.ENSP00000181383","0.0","false","interacts with","C8B (interacts with) CPB2"
"0.375","0.086","0.77","0.5","0.292","0.0","0.0","interacts with","C8B (interacts with) CLU","0.0","9606.ENSP00000360281","9606.ENSP00000315130","0.0","false","interacts with","C8B (interacts with) CLU"
"0.507","0.467","0.731","0.0","0.06","0.0","0.0","interacts with","CASQ2 (interacts with) LDB3","0.0","9606.ENSP00000261448","9606.ENSP00000401437","0.0","false","interacts with","CASQ2 (interacts with) LDB3"
"0.425","0.155","0.92","0.792","0.25","0.0","0.0","interacts with","CAT (interacts with) SOD1","0.115","9606.ENSP00000241052","9606.ENSP00000270142","0.0","false","interacts with","CAT (interacts with) SOD1"
"0.985","0.794","0.999","0.9","0.829","0.0","0.852","interacts with","CAV1 (interacts with) CAV2","0.0","9606.ENSP00000339191","9606.ENSP00000222693","0.106","false","interacts with","CAV1 (interacts with) CAV2"
"0.762","0.066","0.768","0.0","0.0","0.0","0.0","interacts with","CAV1 (interacts with) CDH1","0.0","9606.ENSP00000339191","9606.ENSP00000261769","0.0","false","interacts with","CAV1 (interacts with) CDH1"
"0.704","0.058","0.735","0.0","0.127","0.0","0.0","interacts with","CAV1 (interacts with) ERBB2","0.0","9606.ENSP00000339191","9606.ENSP00000269571","0.0","false","interacts with","CAV1 (interacts with) ERBB2"
"0.986","0.206","0.999","0.8","0.882","0.0","0.0","interacts with","CAV1 (interacts with) EGFR","0.0","9606.ENSP00000339191","9606.ENSP00000275493","0.0","false","interacts with","CAV1 (interacts with) EGFR"
"0.554","0.098","0.785","0.0","0.51","0.0","0.0","interacts with","CAV1 (interacts with) DLC1","0.0","9606.ENSP00000339191","9606.ENSP00000276297","0.0","false","interacts with","CAV1 (interacts with) DLC1"
"0.901","0.141","0.946","0.0","0.423","0.0","0.0","interacts with","CAV1 (interacts with) CAVIN2","0.0","9606.ENSP00000339191","9606.ENSP00000305675","0.0","false","interacts with","CAV1 (interacts with) CAVIN2"
"0.695","0.096","0.712","0.0","0.0","0.0","0.0","interacts with","CAV1 (interacts with) CDH5","0.0","9606.ENSP00000339191","9606.ENSP00000497290","0.0","false","interacts with","CAV1 (interacts with) CDH5"
"0.701","0.084","0.714","0.0","0.0","0.0","0.0","interacts with","CAV1 (interacts with) IL6","0.0","9606.ENSP00000339191","9606.ENSP00000385675","0.0","false","interacts with","CAV1 (interacts with) IL6"
"0.73","0.05","0.733","0.0","0.0","0.0","0.0","interacts with","CAV1 (interacts with) CLDN5","0.0","9606.ENSP00000339191","9606.ENSP00000385477","0.0","false","interacts with","CAV1 (interacts with) CLDN5"
"0.547","0.061","0.826","0.0","0.625","0.0","0.0","interacts with","CAV1 (interacts with) PTGS2","0.0","9606.ENSP00000339191","9606.ENSP00000356438","0.0","false","interacts with","CAV1 (interacts with) PTGS2"
"0.74","0.072","0.869","0.5","0.0","0.0","0.0","interacts with","CAV1 (interacts with) NOSTRIN","0.0","9606.ENSP00000339191","9606.ENSP00000394051","0.0","false","interacts with","CAV1 (interacts with) NOSTRIN"
"0.872","0.0","0.912","0.0","0.345","0.0","0.0","interacts with","CAV1 (interacts with) PTEN","0.0","9606.ENSP00000339191","9606.ENSP00000361021","0.0","false","interacts with","CAV1 (interacts with) PTEN"
"0.956","0.053","0.956","0.0","0.0","0.0","0.0","interacts with","CAV1 (interacts with) CD36","0.0","9606.ENSP00000339191","9606.ENSP00000415743","0.0","false","interacts with","CAV1 (interacts with) CD36"
"0.997","0.391","0.999","0.4","0.642","0.0","0.0","interacts with","CAV1 (interacts with) CAVIN1","0.0","9606.ENSP00000339191","9606.ENSP00000349541","0.0","false","interacts with","CAV1 (interacts with) CAVIN1"
"0.878","0.339","0.92","0.0","0.091","0.0","0.0","interacts with","CAV2 (interacts with) CAVIN1","0.0","9606.ENSP00000222693","9606.ENSP00000349541","0.0","false","interacts with","CAV2 (interacts with) CAVIN1"
"0.558","0.122","0.977","0.8","0.742","0.0","0.0","interacts with","CAV2 (interacts with) EGFR","0.0","9606.ENSP00000222693","9606.ENSP00000275493","0.0","false","interacts with","CAV2 (interacts with) EGFR"
"0.257","0.762","0.885","0.0","0.404","0.0","0.0","interacts with","CAVIN1 (interacts with) EGFR","0.0","9606.ENSP00000349541","9606.ENSP00000275493","0.0","false","interacts with","CAVIN1 (interacts with) EGFR"
"0.541","0.23","0.728","0.0","0.292","0.0","0.834","interacts with","CAVIN1 (interacts with) CAVIN2","0.0","9606.ENSP00000349541","9606.ENSP00000305675","0.0","false","interacts with","CAVIN1 (interacts with) CAVIN2"
"0.072","0.72","0.729","0.0","0.0","0.0","0.0","interacts with","CAVIN1 (interacts with) S100A10","0.0","9606.ENSP00000349541","9606.ENSP00000357801","0.0","false","interacts with","CAVIN1 (interacts with) S100A10"
"0.213","0.0","0.794","0.75","0.0","0.0","0.0","interacts with","CBFB (interacts with) MMP13","0.0","9606.ENSP00000415151","9606.ENSP00000260302","0.0","false","interacts with","CBFB (interacts with) MMP13"
"0.7","0.0","0.843","0.5","0.0","0.0","0.0","interacts with","CBFB (interacts with) TAL1","0.0","9606.ENSP00000415151","9606.ENSP00000294339","0.0","false","interacts with","CBFB (interacts with) TAL1"
"0.091","0.0","0.763","0.75","0.0","0.0","0.0","interacts with","CBFB (interacts with) SOCS3","0.0","9606.ENSP00000415151","9606.ENSP00000330341","0.0","false","interacts with","CBFB (interacts with) SOCS3"
"0.182","0.047","0.788","0.75","0.0","0.0","0.0","interacts with","CBFB (interacts with) SPP1","0.0","9606.ENSP00000415151","9606.ENSP00000378517","0.0","false","interacts with","CBFB (interacts with) SPP1"
"0.997","0.048","0.999","0.9","0.905","0.0","0.0","interacts with","CBFB (interacts with) RUNX3","0.0","9606.ENSP00000415151","9606.ENSP00000382800","0.0","false","interacts with","CBFB (interacts with) RUNX3"
"0.0","0.0","0.75","0.75","0.0","0.0","0.0","interacts with","CBFB (interacts with) CLDN5","0.0","9606.ENSP00000415151","9606.ENSP00000385477","0.0","false","interacts with","CBFB (interacts with) CLDN5"
"0.0","0.0","0.75","0.75","0.0","0.0","0.0","interacts with","CBFB (interacts with) LIFR","0.0","9606.ENSP00000415151","9606.ENSP00000398368","0.0","false","interacts with","CBFB (interacts with) LIFR"
"0.1","0.0","0.821","0.0","0.809","0.0","0.0","interacts with","CBFB (interacts with) ERG","0.0","9606.ENSP00000415151","9606.ENSP00000414150","0.0","false","interacts with","CBFB (interacts with) ERG"
"0.0","0.0","0.75","0.75","0.0","0.0","0.0","interacts with","CBFB (interacts with) NR4A3","0.0","9606.ENSP00000415151","9606.ENSP00000482027","0.0","false","interacts with","CBFB (interacts with) NR4A3"
"0.301","0.081","0.997","0.65","0.989","0.0","0.0","interacts with","CBLC (interacts with) EGFR","0.0","9606.ENSP00000494162","9606.ENSP00000275493","0.0","false","interacts with","CBLC (interacts with) EGFR"
"0.046","0.083","0.726","0.65","0.211","0.0","0.0","interacts with","CBLC (interacts with) FGFR4","0.0","9606.ENSP00000494162","9606.ENSP00000292408","0.0","false","interacts with","CBLC (interacts with) FGFR4"
"0.057","0.0","0.814","0.8","0.095","0.0","0.0","interacts with","CBLC (interacts with) SH3GL3","0.0","9606.ENSP00000494162","9606.ENSP00000320092","0.0","false","interacts with","CBLC (interacts with) SH3GL3"
"0.0","0.0","0.8","0.8","0.0","0.0","0.0","interacts with","CBLC (interacts with) SH3GL2","0.0","9606.ENSP00000494162","9606.ENSP00000369981","0.0","false","interacts with","CBLC (interacts with) SH3GL2"
"0.733","0.263","0.795","0.0","0.0","0.0","0.0","interacts with","CCL18 (interacts with) CXCL13","0.0","9606.ENSP00000479955","9606.ENSP00000286758","0.0","false","interacts with","CCL18 (interacts with) CXCL13"
"0.714","0.107","0.734","0.0","0.0","0.0","0.0","interacts with","CCL18 (interacts with) CXCL3","0.0","9606.ENSP00000479955","9606.ENSP00000296026","0.0","false","interacts with","CCL18 (interacts with) CXCL3"
"0.733","0.1","0.75","0.0","0.0","0.0","0.0","interacts with","CCL18 (interacts with) CXCL5","0.0","9606.ENSP00000479955","9606.ENSP00000296027","0.0","false","interacts with","CCL18 (interacts with) CXCL5"
"0.824","0.208","0.855","0.0","0.0","0.0","0.0","interacts with","CCL18 (interacts with) CXCL8","0.0","9606.ENSP00000479955","9606.ENSP00000306512","0.0","false","interacts with","CCL18 (interacts with) CXCL8"
"0.4","0.061","0.785","0.65","0.0","0.0","0.0","interacts with","CCL18 (interacts with) CXCR2","0.0","9606.ENSP00000479955","9606.ENSP00000319635","0.0","false","interacts with","CCL18 (interacts with) CXCR2"
"0.682","0.107","0.704","0.0","0.0","0.0","0.0","interacts with","CCL18 (interacts with) CXCL2","0.0","9606.ENSP00000479955","9606.ENSP00000427279","0.0","false","interacts with","CCL18 (interacts with) CXCL2"
"0.655","0.917","0.97","0.0","0.0","0.0","0.0","interacts with","CCNA2 (interacts with) DLGAP5","0.0","9606.ENSP00000481380","9606.ENSP00000247191","0.0","false","interacts with","CCNA2 (interacts with) DLGAP5"
"0.473","0.66","0.816","0.0","0.057","0.0","0.0","interacts with","CCNA2 (interacts with) E2F8","0.0","9606.ENSP00000481380","9606.ENSP00000250024","0.0","false","interacts with","CCNA2 (interacts with) E2F8"
"0.889","0.855","0.995","0.4","0.588","0.0","0.731","interacts with","CCNA2 (interacts with) CCNB1","0.0","9606.ENSP00000481380","9606.ENSP00000256442","0.0","false","interacts with","CCNA2 (interacts with) CCNB1"
"0.398","0.782","0.863","0.0","0.0","0.0","0.0","interacts with","CCNA2 (interacts with) CDCA5","0.0","9606.ENSP00000481380","9606.ENSP00000275517","0.0","false","interacts with","CCNA2 (interacts with) CDCA5"
"0.696","0.856","0.965","0.0","0.215","0.0","0.735","interacts with","CCNA2 (interacts with) CCNB2","0.0","9606.ENSP00000481380","9606.ENSP00000288207","0.108","false","interacts with","CCNA2 (interacts with) CCNB2"
"0.618","0.846","0.939","0.0","0.052","0.0","0.0","interacts with","CCNA2 (interacts with) MELK","0.0","9606.ENSP00000481380","9606.ENSP00000298048","0.0","false","interacts with","CCNA2 (interacts with) MELK"
"0.551","0.757","0.886","0.0","0.0","0.0","0.0","interacts with","CCNA2 (interacts with) PCLAF","0.0","9606.ENSP00000481380","9606.ENSP00000300035","0.0","false","interacts with","CCNA2 (interacts with) PCLAF"
"0.691","0.86","0.954","0.0","0.0","0.0","0.0","interacts with","CCNA2 (interacts with) TPX2","0.0","9606.ENSP00000481380","9606.ENSP00000300403","0.0","false","interacts with","CCNA2 (interacts with) TPX2"
"0.444","0.768","0.865","0.0","0.0","0.0","0.0","interacts with","CCNA2 (interacts with) TYMS","0.0","9606.ENSP00000481380","9606.ENSP00000315644","0.0","false","interacts with","CCNA2 (interacts with) TYMS"
"0.741","0.688","0.956","0.5","0.0","0.0","0.0","interacts with","CCNA2 (interacts with) CDC25C","0.0","9606.ENSP00000481380","9606.ENSP00000321656","0.0","false","interacts with","CCNA2 (interacts with) CDC25C"
"0.989","0.244","0.999","0.9","0.813","0.0","0.0","interacts with","CCNA2 (interacts with) E2F1","0.0","9606.ENSP00000481380","9606.ENSP00000345571","0.0","false","interacts with","CCNA2 (interacts with) E2F1"
"0.858","0.926","0.994","0.5","0.081","0.0","0.0","interacts with","CCNA2 (interacts with) UBE2C","0.0","9606.ENSP00000481380","9606.ENSP00000348838","0.0","false","interacts with","CCNA2 (interacts with) UBE2C"
"0.628","0.842","0.939","0.0","0.0","0.0","0.0","interacts with","CCNA2 (interacts with) RRM2","0.0","9606.ENSP00000481380","9606.ENSP00000353770","0.0","false","interacts with","CCNA2 (interacts with) RRM2"
"0.382","0.733","0.879","0.0","0.324","0.0","0.0","interacts with","CCNA2 (interacts with) EXO1","0.0","9606.ENSP00000481380","9606.ENSP00000355506","0.0","false","interacts with","CCNA2 (interacts with) EXO1"
"0.68","0.832","0.944","0.0","0.0","0.0","0.0","interacts with","CCNA2 (interacts with) CENPF","0.0","9606.ENSP00000481380","9606.ENSP00000355922","0.0","false","interacts with","CCNA2 (interacts with) CENPF"
"0.681","0.829","0.943","0.0","0.0","0.0","0.0","interacts with","CCNA2 (interacts with) NEK2","0.0","9606.ENSP00000481380","9606.ENSP00000355966","0.0","false","interacts with","CCNA2 (interacts with) NEK2"
"0.492","0.886","0.939","0.0","0.0","0.0","0.0","interacts with","CCNA2 (interacts with) TTK","0.0","9606.ENSP00000481380","9606.ENSP00000358813","0.0","false","interacts with","CCNA2 (interacts with) TTK"
"0.586","0.822","0.923","0.0","0.0","0.0","0.0","interacts with","CCNA2 (interacts with) CEP55","0.0","9606.ENSP00000481380","9606.ENSP00000360540","0.0","false","interacts with","CCNA2 (interacts with) CEP55"
"0.97","0.897","0.999","0.5","0.999","0.0","0.0","interacts with","CCNA2 (interacts with) CDC20","0.0","9606.ENSP00000481380","9606.ENSP00000361540","0.0","false","interacts with","CCNA2 (interacts with) CDC20"
"0.493","0.909","0.952","0.0","0.0","0.0","0.0","interacts with","CCNA2 (interacts with) CDCA8","0.0","9606.ENSP00000481380","9606.ENSP00000362146","0.0","false","interacts with","CCNA2 (interacts with) CDCA8"
"0.58","0.774","0.901","0.0","0.0","0.0","0.0","interacts with","CCNA2 (interacts with) ZWINT","0.0","9606.ENSP00000481380","9606.ENSP00000363055","0.0","false","interacts with","CCNA2 (interacts with) ZWINT"
"0.417","0.828","0.895","0.0","0.0","0.0","0.0","interacts with","CCNA2 (interacts with) KIF4A","0.0","9606.ENSP00000481380","9606.ENSP00000363524","0.0","false","interacts with","CCNA2 (interacts with) KIF4A"
"0.619","0.802","0.921","0.0","0.0","0.0","0.0","interacts with","CCNA2 (interacts with) HMMR","0.0","9606.ENSP00000481380","9606.ENSP00000377492","0.0","false","interacts with","CCNA2 (interacts with) HMMR"
"0.689","0.92","0.974","0.0","0.0","0.0","0.0","interacts with","CCNA2 (interacts with) KIF20A","0.0","9606.ENSP00000481380","9606.ENSP00000378356","0.0","false","interacts with","CCNA2 (interacts with) KIF20A"
"0.615","0.766","0.906","0.0","0.0","0.0","0.0","interacts with","CCNA2 (interacts with) CDC45","0.0","9606.ENSP00000481380","9606.ENSP00000405726","0.0","false","interacts with","CCNA2 (interacts with) CDC45"
"0.868","0.869","0.982","0.0","0.0","0.0","0.0","interacts with","CCNA2 (interacts with) TOP2A","0.0","9606.ENSP00000481380","9606.ENSP00000411532","0.0","false","interacts with","CCNA2 (interacts with) TOP2A"
"0.502","0.797","0.894","0.0","0.0","0.0","0.0","interacts with","CCNA2 (interacts with) DEPDC1","0.0","9606.ENSP00000481380","9606.ENSP00000412292","0.0","false","interacts with","CCNA2 (interacts with) DEPDC1"
"0.341","0.821","0.877","0.0","0.0","0.0","0.0","interacts with","CCNA2 (interacts with) HJURP","0.0","9606.ENSP00000481380","9606.ENSP00000414109","0.0","false","interacts with","CCNA2 (interacts with) HJURP"
"0.593","0.482","0.78","0.0","0.0","0.0","0.0","interacts with","CCNA2 (interacts with) TK1","0.0","9606.ENSP00000481380","9606.ENSP00000468425","0.0","false","interacts with","CCNA2 (interacts with) TK1"
"0.72","0.087","0.734","0.0","0.0","0.0","0.0","interacts with","CCNA2 (interacts with) MYC","0.0","9606.ENSP00000481380","9606.ENSP00000478887","0.0","false","interacts with","CCNA2 (interacts with) MYC"
"0.338","0.626","0.742","0.0","0.0","0.0","0.0","interacts with","CCNA2 (interacts with) UHRF1","0.0","9606.ENSP00000481380","9606.ENSP00000479617","0.0","false","interacts with","CCNA2 (interacts with) UHRF1"
"0.48","0.856","0.922","0.0","0.0","0.0","0.0","interacts with","CCNA2 (interacts with) NUSAP1","0.0","9606.ENSP00000481380","9606.ENSP00000499238","0.0","false","interacts with","CCNA2 (interacts with) NUSAP1"
"0.615","0.0","0.97","0.9","0.292","0.0","0.0","interacts with","CCNB1 (interacts with) GADD45B","0.0","9606.ENSP00000256442","9606.ENSP00000215631","0.0","false","interacts with","CCNB1 (interacts with) GADD45B"
"0.723","0.88","0.965","0.0","0.0","0.0","0.0","interacts with","CCNB1 (interacts with) DLGAP5","0.0","9606.ENSP00000256442","9606.ENSP00000247191","0.0","false","interacts with","CCNB1 (interacts with) DLGAP5"
"0.462","0.456","0.711","0.0","0.091","0.0","0.0","interacts with","CCNB1 (interacts with) GINS1","0.0","9606.ENSP00000256442","9606.ENSP00000262460","0.0","false","interacts with","CCNB1 (interacts with) GINS1"
"0.756","0.058","0.772","0.0","0.091","0.0","0.0","interacts with","CCNB1 (interacts with) CDKN2A","0.0","9606.ENSP00000256442","9606.ENSP00000418915","0.0","false","interacts with","CCNB1 (interacts with) CDKN2A"
"0.35","0.521","0.773","0.0","0.328","0.0","0.0","interacts with","CCNB1 (interacts with) EXO1","0.0","9606.ENSP00000256442","9606.ENSP00000355506","0.0","false","interacts with","CCNB1 (interacts with) EXO1"
"0.574","0.542","0.796","0.0","0.0","0.0","0.0","interacts with","CCNB1 (interacts with) PCLAF","0.0","9606.ENSP00000256442","9606.ENSP00000300035","0.0","false","interacts with","CCNB1 (interacts with) PCLAF"
"0.542","0.556","0.8","0.0","0.095","0.0","0.0","interacts with","CCNB1 (interacts with) CDC45","0.0","9606.ENSP00000256442","9606.ENSP00000405726","0.0","false","interacts with","CCNB1 (interacts with) CDC45"
"0.79","0.042","0.804","0.0","0.103","0.0","0.0","interacts with","CCNB1 (interacts with) EGFR","0.0","9606.ENSP00000256442","9606.ENSP00000275493","0.0","false","interacts with","CCNB1 (interacts with) EGFR"
"0.81","0.0","0.81","0.0","0.0","0.0","0.0","interacts with","CCNB1 (interacts with) RGCC","0.0","9606.ENSP00000256442","9606.ENSP00000368664","0.0","false","interacts with","CCNB1 (interacts with) RGCC"
"0.792","0.235","0.834","0.0","0.0","0.0","0.0","interacts with","CCNB1 (interacts with) E2F1","0.0","9606.ENSP00000256442","9606.ENSP00000345571","0.0","false","interacts with","CCNB1 (interacts with) E2F1"
"0.688","0.51","0.841","0.0","0.0","0.0","0.0","interacts with","CCNB1 (interacts with) TYMS","0.0","9606.ENSP00000256442","9606.ENSP00000315644","0.0","false","interacts with","CCNB1 (interacts with) TYMS"
"0.164","0.822","0.845","0.0","0.0","0.0","0.0","interacts with","CCNB1 (interacts with) DEPDC1B","0.0","9606.ENSP00000256442","9606.ENSP00000265036","0.0","false","interacts with","CCNB1 (interacts with) DEPDC1B"
"0.296","0.79","0.851","0.0","0.072","0.0","0.0","interacts with","CCNB1 (interacts with) UBE2T","0.0","9606.ENSP00000256442","9606.ENSP00000494957","0.0","false","interacts with","CCNB1 (interacts with) UBE2T"
"0.445","0.639","0.869","0.4","0.0","0.0","0.0","interacts with","CCNB1 (interacts with) CDCA5","0.0","9606.ENSP00000256442","9606.ENSP00000275517","0.0","false","interacts with","CCNB1 (interacts with) CDCA5"
"0.308","0.822","0.871","0.0","0.0","0.0","0.0","interacts with","CCNB1 (interacts with) DEPDC1","0.0","9606.ENSP00000256442","9606.ENSP00000412292","0.0","false","interacts with","CCNB1 (interacts with) DEPDC1"
"0.516","0.744","0.871","0.0","0.0","0.0","0.0","interacts with","CCNB1 (interacts with) HJURP","0.0","9606.ENSP00000256442","9606.ENSP00000414109","0.0","false","interacts with","CCNB1 (interacts with) HJURP"
"0.818","0.085","0.872","0.0","0.292","0.0","0.0","interacts with","CCNB1 (interacts with) MYC","0.0","9606.ENSP00000256442","9606.ENSP00000478887","0.0","false","interacts with","CCNB1 (interacts with) MYC"
"0.576","0.726","0.879","0.0","0.0","0.0","0.0","interacts with","CCNB1 (interacts with) TK1","0.0","9606.ENSP00000256442","9606.ENSP00000468425","0.0","false","interacts with","CCNB1 (interacts with) TK1"
"0.739","0.653","0.905","0.0","0.0","0.0","0.0","interacts with","CCNB1 (interacts with) RRM2","0.0","9606.ENSP00000256442","9606.ENSP00000353770","0.0","false","interacts with","CCNB1 (interacts with) RRM2"
"0.606","0.782","0.91","0.0","0.0","0.0","0.0","interacts with","CCNB1 (interacts with) NEK2","0.0","9606.ENSP00000256442","9606.ENSP00000355966","0.0","false","interacts with","CCNB1 (interacts with) NEK2"
"0.543","0.84","0.923","0.0","0.0","0.0","0.0","interacts with","CCNB1 (interacts with) NUSAP1","0.0","9606.ENSP00000256442","9606.ENSP00000499238","0.0","false","interacts with","CCNB1 (interacts with) NUSAP1"
"0.636","0.82","0.931","0.0","0.0","0.0","0.0","interacts with","CCNB1 (interacts with) KIF4A","0.0","9606.ENSP00000256442","9606.ENSP00000363524","0.0","false","interacts with","CCNB1 (interacts with) KIF4A"
"0.706","0.783","0.936","0.0","0.071","0.0","0.0","interacts with","CCNB1 (interacts with) TTK","0.0","9606.ENSP00000256442","9606.ENSP00000358813","0.0","false","interacts with","CCNB1 (interacts with) TTK"
"0.693","0.814","0.94","0.0","0.0","0.0","0.0","interacts with","CCNB1 (interacts with) CEP55","0.0","9606.ENSP00000256442","9606.ENSP00000360540","0.0","false","interacts with","CCNB1 (interacts with) CEP55"
"0.709","0.799","0.942","0.0","0.091","0.0","0.0","interacts with","CCNB1 (interacts with) HMMR","0.0","9606.ENSP00000256442","9606.ENSP00000377492","0.0","false","interacts with","CCNB1 (interacts with) HMMR"
"0.703","0.836","0.949","0.0","0.045","0.0","0.0","interacts with","CCNB1 (interacts with) TPX2","0.0","9606.ENSP00000256442","9606.ENSP00000300403","0.0","false","interacts with","CCNB1 (interacts with) TPX2"
"0.66","0.775","0.95","0.4","0.0","0.0","0.0","interacts with","CCNB1 (interacts with) ZWINT","0.0","9606.ENSP00000256442","9606.ENSP00000363055","0.0","false","interacts with","CCNB1 (interacts with) ZWINT"
"0.722","0.843","0.954","0.0","0.0","0.0","0.0","interacts with","CCNB1 (interacts with) KIF20A","0.0","9606.ENSP00000256442","9606.ENSP00000378356","0.0","false","interacts with","CCNB1 (interacts with) KIF20A"
"0.644","0.056","0.965","0.9","0.099","0.0","0.0","interacts with","CCNB1 (interacts with) SFN","0.0","9606.ENSP00000256442","9606.ENSP00000340989","0.0","false","interacts with","CCNB1 (interacts with) SFN"
"0.808","0.849","0.972","0.0","0.126","0.0","0.0","interacts with","CCNB1 (interacts with) MELK","0.0","9606.ENSP00000256442","9606.ENSP00000298048","0.0","false","interacts with","CCNB1 (interacts with) MELK"
"0.878","0.843","0.987","0.4","0.0","0.0","0.0","interacts with","CCNB1 (interacts with) CDCA8","0.0","9606.ENSP00000256442","9606.ENSP00000362146","0.0","false","interacts with","CCNB1 (interacts with) CDCA8"
"0.773","0.832","0.988","0.72","0.0","0.0","0.0","interacts with","CCNB1 (interacts with) CENPF","0.0","9606.ENSP00000256442","9606.ENSP00000355922","0.0","false","interacts with","CCNB1 (interacts with) CENPF"
"0.925","0.859","0.989","0.0","0.052","0.0","0.0","interacts with","CCNB1 (interacts with) TOP2A","0.0","9606.ENSP00000256442","9606.ENSP00000411532","0.0","false","interacts with","CCNB1 (interacts with) TOP2A"
"0.877","0.859","0.99","0.5","0.072","0.0","0.0","interacts with","CCNB1 (interacts with) UBE2C","0.0","9606.ENSP00000256442","9606.ENSP00000348838","0.0","false","interacts with","CCNB1 (interacts with) UBE2C"
"0.951","0.508","0.991","0.5","0.345","0.0","0.0","interacts with","CCNB1 (interacts with) CDC25C","0.0","9606.ENSP00000256442","9606.ENSP00000321656","0.0","false","interacts with","CCNB1 (interacts with) CDC25C"
"0.741","0.785","0.998","0.9","0.803","0.0","0.942","interacts with","CCNB1 (interacts with) CCNB2","0.0","9606.ENSP00000256442","9606.ENSP00000288207","0.067","false","interacts with","CCNB1 (interacts with) CCNB2"
"0.97","0.91","0.999","0.9","0.989","0.0","0.0","interacts with","CCNB1 (interacts with) CDC20","0.0","9606.ENSP00000256442","9606.ENSP00000361540","0.0","false","interacts with","CCNB1 (interacts with) CDC20"
"0.298","0.0","0.926","0.9","0.0","0.0","0.0","interacts with","CCNB2 (interacts with) GADD45B","0.0","9606.ENSP00000288207","9606.ENSP00000215631","0.0","false","interacts with","CCNB2 (interacts with) GADD45B"
"0.79","0.881","0.974","0.0","0.0","0.0","0.0","interacts with","CCNB2 (interacts with) DLGAP5","0.0","9606.ENSP00000288207","9606.ENSP00000247191","0.0","false","interacts with","CCNB2 (interacts with) DLGAP5"
"0.313","0.778","0.844","0.0","0.058","0.0","0.0","interacts with","CCNB2 (interacts with) GINS2","0.0","9606.ENSP00000288207","9606.ENSP00000253462","0.0","false","interacts with","CCNB2 (interacts with) GINS2"
"0.782","0.786","0.969","0.4","0.0","0.0","0.0","interacts with","CCNB2 (interacts with) CDCA5","0.0","9606.ENSP00000288207","9606.ENSP00000275517","0.0","false","interacts with","CCNB2 (interacts with) CDCA5"
"0.314","0.615","0.724","0.0","0.0","0.0","0.0","interacts with","CCNB2 (interacts with) DEPDC1","0.0","9606.ENSP00000288207","9606.ENSP00000412292","0.0","false","interacts with","CCNB2 (interacts with) DEPDC1"
"0.456","0.523","0.744","0.0","0.091","0.0","0.0","interacts with","CCNB2 (interacts with) EXO1","0.0","9606.ENSP00000288207","9606.ENSP00000355506","0.0","false","interacts with","CCNB2 (interacts with) EXO1"
"0.73","0.233","0.785","0.0","0.0","0.0","0.0","interacts with","CCNB2 (interacts with) E2F1","0.0","9606.ENSP00000288207","9606.ENSP00000345571","0.0","false","interacts with","CCNB2 (interacts with) E2F1"
"0.529","0.724","0.864","0.0","0.0","0.0","0.0","interacts with","CCNB2 (interacts with) KIF4A","0.0","9606.ENSP00000288207","9606.ENSP00000363524","0.0","false","interacts with","CCNB2 (interacts with) KIF4A"
"0.374","0.798","0.868","0.0","0.0","0.0","0.0","interacts with","CCNB2 (interacts with) TYMS","0.0","9606.ENSP00000288207","9606.ENSP00000315644","0.0","false","interacts with","CCNB2 (interacts with) TYMS"
"0.578","0.728","0.88","0.0","0.0","0.0","0.0","interacts with","CCNB2 (interacts with) TK1","0.0","9606.ENSP00000288207","9606.ENSP00000468425","0.0","false","interacts with","CCNB2 (interacts with) TK1"
"0.413","0.807","0.882","0.0","0.0","0.0","0.0","interacts with","CCNB2 (interacts with) PCLAF","0.0","9606.ENSP00000288207","9606.ENSP00000300035","0.0","false","interacts with","CCNB2 (interacts with) PCLAF"
"0.446","0.796","0.888","0.0","0.091","0.0","0.0","interacts with","CCNB2 (interacts with) HMMR","0.0","9606.ENSP00000288207","9606.ENSP00000377492","0.0","false","interacts with","CCNB2 (interacts with) HMMR"
"0.717","0.67","0.902","0.0","0.0","0.0","0.0","interacts with","CCNB2 (interacts with) NEK2","0.0","9606.ENSP00000288207","9606.ENSP00000355966","0.0","false","interacts with","CCNB2 (interacts with) NEK2"
"0.564","0.792","0.905","0.0","0.0","0.0","0.0","interacts with","CCNB2 (interacts with) HJURP","0.0","9606.ENSP00000288207","9606.ENSP00000414109","0.0","false","interacts with","CCNB2 (interacts with) HJURP"
"0.529","0.811","0.907","0.0","0.0","0.0","0.0","interacts with","CCNB2 (interacts with) CEP55","0.0","9606.ENSP00000288207","9606.ENSP00000360540","0.0","false","interacts with","CCNB2 (interacts with) CEP55"
"0.808","0.566","0.913","0.0","0.0","0.0","0.0","interacts with","CCNB2 (interacts with) RRM2","0.0","9606.ENSP00000288207","9606.ENSP00000353770","0.0","false","interacts with","CCNB2 (interacts with) RRM2"
"0.176","0.049","0.919","0.9","0.099","0.0","0.0","interacts with","CCNB2 (interacts with) SFN","0.0","9606.ENSP00000288207","9606.ENSP00000340989","0.0","false","interacts with","CCNB2 (interacts with) SFN"
"0.735","0.539","0.92","0.4","0.0","0.0","0.0","interacts with","CCNB2 (interacts with) ZWINT","0.0","9606.ENSP00000288207","9606.ENSP00000363055","0.0","false","interacts with","CCNB2 (interacts with) ZWINT"
"0.624","0.842","0.938","0.0","0.0","0.0","0.0","interacts with","CCNB2 (interacts with) KIF20A","0.0","9606.ENSP00000288207","9606.ENSP00000378356","0.0","false","interacts with","CCNB2 (interacts with) KIF20A"
"0.764","0.784","0.95","0.0","0.095","0.0","0.0","interacts with","CCNB2 (interacts with) CDC45","0.0","9606.ENSP00000288207","9606.ENSP00000405726","0.0","false","interacts with","CCNB2 (interacts with) CDC45"
"0.725","0.835","0.953","0.0","0.045","0.0","0.0","interacts with","CCNB2 (interacts with) TPX2","0.0","9606.ENSP00000288207","9606.ENSP00000300403","0.0","false","interacts with","CCNB2 (interacts with) TPX2"
"0.736","0.852","0.96","0.0","0.071","0.0","0.0","interacts with","CCNB2 (interacts with) TTK","0.0","9606.ENSP00000288207","9606.ENSP00000358813","0.0","false","interacts with","CCNB2 (interacts with) TTK"
"0.761","0.848","0.962","0.0","0.0","0.0","0.0","interacts with","CCNB2 (interacts with) NUSAP1","0.0","9606.ENSP00000288207","9606.ENSP00000499238","0.0","false","interacts with","CCNB2 (interacts with) NUSAP1"
"0.774","0.861","0.968","0.0","0.072","0.0","0.0","interacts with","CCNB2 (interacts with) UBE2C","0.0","9606.ENSP00000288207","9606.ENSP00000348838","0.0","false","interacts with","CCNB2 (interacts with) UBE2C"
"0.838","0.754","0.974","0.4","0.0","0.0","0.0","interacts with","CCNB2 (interacts with) CDCA8","0.0","9606.ENSP00000288207","9606.ENSP00000362146","0.0","false","interacts with","CCNB2 (interacts with) CDCA8"
"0.767","0.828","0.974","0.4","0.0","0.0","0.0","interacts with","CCNB2 (interacts with) CENPF","0.0","9606.ENSP00000288207","9606.ENSP00000355922","0.0","false","interacts with","CCNB2 (interacts with) CENPF"
"0.822","0.852","0.975","0.0","0.126","0.0","0.0","interacts with","CCNB2 (interacts with) MELK","0.0","9606.ENSP00000288207","9606.ENSP00000298048","0.0","false","interacts with","CCNB2 (interacts with) MELK"
"0.809","0.875","0.975","0.0","0.052","0.0","0.0","interacts with","CCNB2 (interacts with) TOP2A","0.0","9606.ENSP00000288207","9606.ENSP00000411532","0.0","false","interacts with","CCNB2 (interacts with) TOP2A"
"0.659","0.786","0.993","0.9","0.245","0.0","0.0","interacts with","CCNB2 (interacts with) CDC25C","0.0","9606.ENSP00000288207","9606.ENSP00000321656","0.0","false","interacts with","CCNB2 (interacts with) CDC25C"
"0.87","0.947","0.999","0.9","0.312","0.0","0.0","interacts with","CCNB2 (interacts with) CDC20","0.0","9606.ENSP00000288207","9606.ENSP00000361540","0.0","false","interacts with","CCNB2 (interacts with) CDC20"
"0.793","0.099","0.805","0.0","0.0","0.0","0.0","interacts with","CD19 (interacts with) GZMB","0.0","9606.ENSP00000313419","9606.ENSP00000216341","0.0","false","interacts with","CD19 (interacts with) GZMB"
"0.833","0.188","0.859","0.0","0.0","0.0","0.0","interacts with","CD19 (interacts with) CD69","0.0","9606.ENSP00000313419","9606.ENSP00000228434","0.0","false","interacts with","CD19 (interacts with) CD69"
"0.747","0.185","0.785","0.0","0.0","0.0","0.0","interacts with","CD19 (interacts with) CXCL13","0.0","9606.ENSP00000313419","9606.ENSP00000286758","0.0","false","interacts with","CD19 (interacts with) CXCL13"
"0.799","0.083","0.808","0.0","0.0","0.0","0.0","interacts with","CD19 (interacts with) IL7R","0.0","9606.ENSP00000313419","9606.ENSP00000306157","0.0","false","interacts with","CD19 (interacts with) IL7R"
"0.785","0.092","0.796","0.0","0.0","0.0","0.0","interacts with","CD19 (interacts with) CD24","0.0","9606.ENSP00000313419","9606.ENSP00000481841","0.0","false","interacts with","CD19 (interacts with) CD24"
"0.816","0.0","0.816","0.0","0.0","0.0","0.0","interacts with","CD19 (interacts with) CD274","0.0","9606.ENSP00000313419","9606.ENSP00000370989","0.0","false","interacts with","CD19 (interacts with) CD274"
"0.834","0.056","0.836","0.0","0.0","0.0","0.0","interacts with","CD19 (interacts with) IL6","0.0","9606.ENSP00000313419","9606.ENSP00000385675","0.0","false","interacts with","CD19 (interacts with) IL6"
"0.888","0.0","0.888","0.0","0.0","0.0","0.0","interacts with","CD19 (interacts with) CD36","0.0","9606.ENSP00000313419","9606.ENSP00000415743","0.0","false","interacts with","CD19 (interacts with) CD36"
"0.591","0.838","0.931","0.0","0.0","0.0","0.0","interacts with","CD19 (interacts with) FCRLA","0.0","9606.ENSP00000313419","9606.ENSP00000356936","0.0","false","interacts with","CD19 (interacts with) FCRLA"
"0.954","0.0","0.954","0.0","0.0","0.0","0.0","interacts with","CD19 (interacts with) MME","0.0","9606.ENSP00000313419","9606.ENSP00000418525","0.0","false","interacts with","CD19 (interacts with) MME"
"0.997","0.07","0.997","0.0","0.0","0.0","0.0","interacts with","CD19 (interacts with) FCGR3B","0.0","9606.ENSP00000313419","9606.ENSP00000433642","0.0","false","interacts with","CD19 (interacts with) FCGR3B"
"0.997","0.062","0.997","0.0","0.0","0.0","0.0","interacts with","CD19 (interacts with) FCGR3A","0.0","9606.ENSP00000313419","9606.ENSP00000356946","0.0","false","interacts with","CD19 (interacts with) FCGR3A"
"0.998","0.465","0.999","0.5","0.51","0.0","0.0","interacts with","CD19 (interacts with) CR2","0.0","9606.ENSP00000313419","9606.ENSP00000356024","0.0","false","interacts with","CD19 (interacts with) CR2"
"0.744","0.099","0.759","0.0","0.0","0.0","0.0","interacts with","CD1A (interacts with) MME","0.0","9606.ENSP00000289429","9606.ENSP00000418525","0.0","false","interacts with","CD1A (interacts with) MME"
"0.937","0.628","0.975","0.0","0.0","0.0","0.0","interacts with","CD1A (interacts with) CD207","0.0","9606.ENSP00000289429","9606.ENSP00000386378","0.0","false","interacts with","CD1A (interacts with) CD207"
"0.75","0.054","0.753","0.0","0.0","0.0","0.0","interacts with","CD207 (interacts with) LAMP3","0.0","9606.ENSP00000386378","9606.ENSP00000265598","0.0","false","interacts with","CD207 (interacts with) LAMP3"
"0.701","0.203","0.752","0.0","0.0","0.0","0.0","interacts with","CD24 (interacts with) CDH1","0.0","9606.ENSP00000481841","9606.ENSP00000261769","0.0","false","interacts with","CD24 (interacts with) CDH1"
"0.806","0.0","0.806","0.0","0.0","0.0","0.0","interacts with","CD24 (interacts with) EGFR","0.0","9606.ENSP00000481841","9606.ENSP00000275493","0.0","false","interacts with","CD24 (interacts with) EGFR"
"0.72","0.088","0.734","0.0","0.0","0.0","0.0","interacts with","CD24 (interacts with) SOX2","0.0","9606.ENSP00000481841","9606.ENSP00000323588","0.0","false","interacts with","CD24 (interacts with) SOX2"
"0.892","0.105","0.899","0.0","0.0","0.0","0.0","interacts with","CD24 (interacts with) SELE","0.0","9606.ENSP00000481841","9606.ENSP00000331736","0.0","false","interacts with","CD24 (interacts with) SELE"
"0.724","0.056","0.729","0.0","0.0","0.0","0.0","interacts with","CD24 (interacts with) CR2","0.0","9606.ENSP00000481841","9606.ENSP00000356024","0.0","false","interacts with","CD24 (interacts with) CR2"
"0.847","0.0","0.847","0.0","0.0","0.0","0.0","interacts with","CD24 (interacts with) PECAM1","0.0","9606.ENSP00000481841","9606.ENSP00000457421","0.0","false","interacts with","CD24 (interacts with) PECAM1"
"0.779","0.067","0.784","0.0","0.0","0.0","0.0","interacts with","CD274 (interacts with) GZMB","0.0","9606.ENSP00000370989","9606.ENSP00000216341","0.0","false","interacts with","CD274 (interacts with) GZMB"
"0.772","0.053","0.774","0.0","0.0","0.0","0.0","interacts with","CD274 (interacts with) KRAS","0.0","9606.ENSP00000370989","9606.ENSP00000256078","0.0","false","interacts with","CD274 (interacts with) KRAS"
"0.718","0.0","0.718","0.0","0.0","0.0","0.0","interacts with","CD274 (interacts with) CDH1","0.0","9606.ENSP00000370989","9606.ENSP00000261769","0.0","false","interacts with","CD274 (interacts with) CDH1"
"0.798","0.0","0.798","0.0","0.0","0.0","0.0","interacts with","CD274 (interacts with) ERBB2","0.0","9606.ENSP00000370989","9606.ENSP00000269571","0.0","false","interacts with","CD274 (interacts with) ERBB2"
"0.87","0.0","0.87","0.0","0.0","0.0","0.0","interacts with","CD274 (interacts with) EGFR","0.0","9606.ENSP00000370989","9606.ENSP00000275493","0.0","false","interacts with","CD274 (interacts with) EGFR"
"0.74","0.055","0.743","0.0","0.0","0.0","0.0","interacts with","CD274 (interacts with) MET","0.0","9606.ENSP00000370989","9606.ENSP00000317272","0.0","false","interacts with","CD274 (interacts with) MET"
"0.706","0.049","0.708","0.0","0.0","0.0","0.0","interacts with","CD274 (interacts with) CXCR2","0.0","9606.ENSP00000370989","9606.ENSP00000319635","0.0","false","interacts with","CD274 (interacts with) CXCR2"
"0.779","0.048","0.78","0.0","0.0","0.0","0.0","interacts with","CD274 (interacts with) KLRD1","0.0","9606.ENSP00000370989","9606.ENSP00000338130","0.0","false","interacts with","CD274 (interacts with) KLRD1"
"0.866","0.127","0.878","0.0","0.0","0.0","0.0","interacts with","CD274 (interacts with) FCGR3A","0.0","9606.ENSP00000370989","9606.ENSP00000356946","0.0","false","interacts with","CD274 (interacts with) FCGR3A"
"0.76","0.045","0.761","0.0","0.0","0.0","0.0","interacts with","CD274 (interacts with) ROS1","0.0","9606.ENSP00000370989","9606.ENSP00000357494","0.0","false","interacts with","CD274 (interacts with) ROS1"
"0.714","0.0","0.714","0.0","0.0","0.0","0.0","interacts with","CD274 (interacts with) PTEN","0.0","9606.ENSP00000370989","9606.ENSP00000361021","0.0","false","interacts with","CD274 (interacts with) PTEN"
"0.719","0.0","0.719","0.0","0.0","0.0","0.0","interacts with","CD274 (interacts with) DDX53","0.0","9606.ENSP00000370989","9606.ENSP00000368667","0.0","false","interacts with","CD274 (interacts with) DDX53"
"0.717","0.049","0.719","0.0","0.0","0.0","0.0","interacts with","CD274 (interacts with) PRF1","0.0","9606.ENSP00000370989","9606.ENSP00000398568","0.0","false","interacts with","CD274 (interacts with) PRF1"
"0.747","0.077","0.757","0.0","0.0","0.0","0.0","interacts with","CD274 (interacts with) CXCL12","0.0","9606.ENSP00000370989","9606.ENSP00000379140","0.0","false","interacts with","CD274 (interacts with) CXCL12"
"0.772","0.157","0.799","0.0","0.0","0.0","0.0","interacts with","CD274 (interacts with) IL6","0.0","9606.ENSP00000370989","9606.ENSP00000385675","0.0","false","interacts with","CD274 (interacts with) IL6"
"0.867","0.127","0.879","0.0","0.0","0.0","0.0","interacts with","CD274 (interacts with) FCGR3B","0.0","9606.ENSP00000370989","9606.ENSP00000433642","0.0","false","interacts with","CD274 (interacts with) FCGR3B"
"0.688","0.127","0.716","0.0","0.0","0.0","0.0","interacts with","CD300LG (interacts with) EMCN","0.0","9606.ENSP00000321005","9606.ENSP00000296420","0.0","false","interacts with","CD300LG (interacts with) EMCN"
"0.542","0.072","0.953","0.9","0.0","0.0","0.0","interacts with","CD36 (interacts with) COMP","0.0","9606.ENSP00000415743","9606.ENSP00000222271","0.0","false","interacts with","CD36 (interacts with) COMP"
"0.72","0.044","0.72","0.0","0.0","0.0","0.0","interacts with","CD36 (interacts with) COL1A1","0.0","9606.ENSP00000415743","9606.ENSP00000225964","0.0","false","interacts with","CD36 (interacts with) COL1A1"
"0.881","0.521","0.969","0.5","0.0","0.0","0.0","interacts with","CD36 (interacts with) FABP4","0.0","9606.ENSP00000415743","9606.ENSP00000256104","0.0","false","interacts with","CD36 (interacts with) FABP4"
"0.77","0.179","0.803","0.0","0.0","0.0","0.0","interacts with","CD36 (interacts with) VWF","0.0","9606.ENSP00000415743","9606.ENSP00000261405","0.0","false","interacts with","CD36 (interacts with) VWF"
"0.734","0.045","0.735","0.0","0.0","0.0","0.0","interacts with","CD36 (interacts with) COL1A2","0.0","9606.ENSP00000415743","9606.ENSP00000297268","0.0","false","interacts with","CD36 (interacts with) COL1A2"
"0.704","0.1","0.724","0.0","0.046","0.0","0.0","interacts with","CD36 (interacts with) SELE","0.0","9606.ENSP00000415743","9606.ENSP00000331736","0.0","false","interacts with","CD36 (interacts with) SELE"
"0.953","0.086","0.995","0.9","0.0","0.0","0.0","interacts with","CD36 (interacts with) THBS2","0.0","9606.ENSP00000415743","9606.ENSP00000355751","0.0","false","interacts with","CD36 (interacts with) THBS2"
"0.916","0.186","0.928","0.0","0.0","0.0","0.0","interacts with","CD36 (interacts with) FCGR3A","0.0","9606.ENSP00000415743","9606.ENSP00000356946","0.0","false","interacts with","CD36 (interacts with) FCGR3A"
"0.71","0.105","0.73","0.0","0.0","0.0","0.0","interacts with","CD36 (interacts with) IL6","0.0","9606.ENSP00000415743","9606.ENSP00000385675","0.0","false","interacts with","CD36 (interacts with) IL6"
"0.682","0.285","0.851","0.4","0.0","0.0","0.0","interacts with","CD36 (interacts with) PECAM1","0.0","9606.ENSP00000415743","9606.ENSP00000457421","0.0","false","interacts with","CD36 (interacts with) PECAM1"
"0.84","0.266","0.877","0.0","0.0","0.0","0.0","interacts with","CD36 (interacts with) LPL","0.0","9606.ENSP00000415743","9606.ENSP00000497642","0.0","false","interacts with","CD36 (interacts with) LPL"
"0.916","0.128","0.923","0.0","0.0","0.0","0.0","interacts with","CD36 (interacts with) FCGR3B","0.0","9606.ENSP00000415743","9606.ENSP00000433642","0.0","false","interacts with","CD36 (interacts with) FCGR3B"
"0.805","0.197","0.838","0.0","0.046","0.0","0.0","interacts with","CD69 (interacts with) GZMB","0.0","9606.ENSP00000228434","9606.ENSP00000216341","0.0","false","interacts with","CD69 (interacts with) GZMB"
"0.688","0.139","0.72","0.0","0.0","0.0","0.0","interacts with","CD69 (interacts with) IL6","0.0","9606.ENSP00000228434","9606.ENSP00000385675","0.0","false","interacts with","CD69 (interacts with) IL6"
"0.7","0.221","0.756","0.0","0.0","0.0","0.0","interacts with","CD69 (interacts with) CXCL8","0.0","9606.ENSP00000228434","9606.ENSP00000306512","0.0","false","interacts with","CD69 (interacts with) CXCL8"
"0.75","0.085","0.761","0.0","0.0","0.0","0.0","interacts with","CD69 (interacts with) CR2","0.0","9606.ENSP00000228434","9606.ENSP00000356024","0.0","false","interacts with","CD69 (interacts with) CR2"
"0.764","0.183","0.799","0.0","0.045","0.0","0.0","interacts with","CD69 (interacts with) PRF1","0.0","9606.ENSP00000228434","9606.ENSP00000398568","0.0","false","interacts with","CD69 (interacts with) PRF1"
"0.807","0.12","0.823","0.0","0.0","0.0","0.0","interacts with","CD69 (interacts with) FCGR3B","0.0","9606.ENSP00000228434","9606.ENSP00000433642","0.0","false","interacts with","CD69 (interacts with) FCGR3B"
"0.81","0.122","0.826","0.0","0.0","0.0","0.0","interacts with","CD69 (interacts with) FCGR3A","0.0","9606.ENSP00000228434","9606.ENSP00000356946","0.0","false","interacts with","CD69 (interacts with) FCGR3A"
"0.852","0.193","0.9","0.0","0.0","0.0","0.0","interacts with","CD69 (interacts with) IL7R","0.0","9606.ENSP00000228434","9606.ENSP00000306157","0.232","false","interacts with","CD69 (interacts with) IL7R"
"0.993","0.124","0.995","0.0","0.301","0.0","0.0","interacts with","CD69 (interacts with) S1PR1","0.0","9606.ENSP00000228434","9606.ENSP00000305416","0.0","false","interacts with","CD69 (interacts with) S1PR1"
"0.562","0.512","0.792","0.0","0.107","0.0","0.0","interacts with","CD93 (interacts with) PECAM1","0.0","9606.ENSP00000246006","9606.ENSP00000457421","0.0","false","interacts with","CD93 (interacts with) PECAM1"
"0.735","0.931","0.981","0.0","0.0","0.0","0.0","interacts with","CDC20 (interacts with) DLGAP5","0.0","9606.ENSP00000361540","9606.ENSP00000247191","0.0","false","interacts with","CDC20 (interacts with) DLGAP5"
"0.722","0.789","0.938","0.0","0.0","0.0","0.0","interacts with","CDC20 (interacts with) CDCA5","0.0","9606.ENSP00000361540","9606.ENSP00000275517","0.0","false","interacts with","CDC20 (interacts with) CDCA5"
"0.665","0.897","0.964","0.0","0.046","0.0","0.0","interacts with","CDC20 (interacts with) MELK","0.0","9606.ENSP00000361540","9606.ENSP00000298048","0.0","false","interacts with","CDC20 (interacts with) MELK"
"0.551","0.747","0.881","0.0","0.0","0.0","0.0","interacts with","CDC20 (interacts with) PCLAF","0.0","9606.ENSP00000361540","9606.ENSP00000300035","0.0","false","interacts with","CDC20 (interacts with) PCLAF"
"0.736","0.858","0.961","0.0","0.0","0.0","0.0","interacts with","CDC20 (interacts with) TPX2","0.0","9606.ENSP00000361540","9606.ENSP00000300403","0.0","false","interacts with","CDC20 (interacts with) TPX2"
"0.47","0.56","0.757","0.0","0.0","0.0","0.0","interacts with","CDC20 (interacts with) TYMS","0.0","9606.ENSP00000361540","9606.ENSP00000315644","0.0","false","interacts with","CDC20 (interacts with) TYMS"
"0.757","0.569","0.9","0.0","0.119","0.0","0.0","interacts with","CDC20 (interacts with) CDC25C","0.0","9606.ENSP00000361540","9606.ENSP00000321656","0.0","false","interacts with","CDC20 (interacts with) CDC25C"
"0.499","0.357","0.828","0.0","0.51","0.0","0.0","interacts with","CDC20 (interacts with) E2F1","0.0","9606.ENSP00000361540","9606.ENSP00000345571","0.0","false","interacts with","CDC20 (interacts with) E2F1"
"0.891","0.951","0.999","0.54","0.957","0.0","0.0","interacts with","CDC20 (interacts with) UBE2C","0.0","9606.ENSP00000361540","9606.ENSP00000348838","0.0","false","interacts with","CDC20 (interacts with) UBE2C"
"0.51","0.0","0.808","0.0","0.625","0.0","0.0","interacts with","CDC20 (interacts with) RASSF1","0.0","9606.ENSP00000361540","9606.ENSP00000349547","0.0","false","interacts with","CDC20 (interacts with) RASSF1"
"0.609","0.77","0.907","0.0","0.049","0.0","0.0","interacts with","CDC20 (interacts with) RRM2","0.0","9606.ENSP00000361540","9606.ENSP00000353770","0.0","false","interacts with","CDC20 (interacts with) RRM2"
"0.555","0.559","0.796","0.0","0.045","0.0","0.0","interacts with","CDC20 (interacts with) EXO1","0.042","9606.ENSP00000361540","9606.ENSP00000355506","0.0","false","interacts with","CDC20 (interacts with) EXO1"
"0.801","0.777","0.99","0.8","0.0","0.0","0.0","interacts with","CDC20 (interacts with) CENPF","0.0","9606.ENSP00000361540","9606.ENSP00000355922","0.0","false","interacts with","CDC20 (interacts with) CENPF"
"0.667","0.833","0.999","0.5","0.994","0.0","0.0","interacts with","CDC20 (interacts with) NEK2","0.0","9606.ENSP00000361540","9606.ENSP00000355966","0.0","false","interacts with","CDC20 (interacts with) NEK2"
"0.869","0.905","0.99","0.0","0.327","0.0","0.0","interacts with","CDC20 (interacts with) TTK","0.0","9606.ENSP00000361540","9606.ENSP00000358813","0.0","false","interacts with","CDC20 (interacts with) TTK"
"0.728","0.825","0.95","0.0","0.0","0.0","0.0","interacts with","CDC20 (interacts with) CEP55","0.0","9606.ENSP00000361540","9606.ENSP00000360540","0.0","false","interacts with","CDC20 (interacts with) CEP55"
"0.488","0.551","0.761","0.0","0.0","0.0","0.0","interacts with","CDC20 (interacts with) DEPDC1","0.044","9606.ENSP00000361540","9606.ENSP00000412292","0.0","false","interacts with","CDC20 (interacts with) DEPDC1"
"0.416","0.794","0.882","0.0","0.099","0.0","0.0","interacts with","CDC20 (interacts with) HMMR","0.0","9606.ENSP00000361540","9606.ENSP00000377492","0.0","false","interacts with","CDC20 (interacts with) HMMR"
"0.664","0.549","0.883","0.0","0.292","0.0","0.0","interacts with","CDC20 (interacts with) TK1","0.0","9606.ENSP00000361540","9606.ENSP00000468425","0.0","false","interacts with","CDC20 (interacts with) TK1"
"0.396","0.881","0.925","0.0","0.0","0.0","0.0","interacts with","CDC20 (interacts with) HJURP","0.0","9606.ENSP00000361540","9606.ENSP00000414109","0.0","false","interacts with","CDC20 (interacts with) HJURP"
"0.639","0.843","0.941","0.0","0.0","0.0","0.0","interacts with","CDC20 (interacts with) KIF4A","0.0","9606.ENSP00000361540","9606.ENSP00000363524","0.0","false","interacts with","CDC20 (interacts with) KIF4A"
"0.735","0.806","0.946","0.0","0.0","0.0","0.0","interacts with","CDC20 (interacts with) CDC45","0.0","9606.ENSP00000361540","9606.ENSP00000405726","0.0","false","interacts with","CDC20 (interacts with) CDC45"
"0.629","0.862","0.946","0.0","0.0","0.0","0.0","interacts with","CDC20 (interacts with) NUSAP1","0.0","9606.ENSP00000361540","9606.ENSP00000499238","0.0","false","interacts with","CDC20 (interacts with) NUSAP1"
"0.543","0.574","0.968","0.8","0.292","0.0","0.0","interacts with","CDC20 (interacts with) ZWINT","0.0","9606.ENSP00000361540","9606.ENSP00000363055","0.0","false","interacts with","CDC20 (interacts with) ZWINT"
"0.797","0.908","0.98","0.0","0.0","0.0","0.0","interacts with","CDC20 (interacts with) TOP2A","0.0","9606.ENSP00000361540","9606.ENSP00000411532","0.0","false","interacts with","CDC20 (interacts with) TOP2A"
"0.781","0.92","0.981","0.0","0.0","0.0","0.0","interacts with","CDC20 (interacts with) KIF20A","0.0","9606.ENSP00000361540","9606.ENSP00000378356","0.0","false","interacts with","CDC20 (interacts with) KIF20A"
"0.813","0.923","0.992","0.5","0.053","0.0","0.0","interacts with","CDC20 (interacts with) CDCA8","0.0","9606.ENSP00000361540","9606.ENSP00000362146","0.0","false","interacts with","CDC20 (interacts with) CDCA8"
"0.491","0.793","0.89","0.0","0.0","0.0","0.0","interacts with","CDC25C (interacts with) DLGAP5","0.0","9606.ENSP00000321656","9606.ENSP00000247191","0.0","false","interacts with","CDC25C (interacts with) DLGAP5"
"0.41","0.045","0.772","0.0","0.628","0.0","0.0","interacts with","CDC25C (interacts with) EGFR","0.0","9606.ENSP00000321656","9606.ENSP00000275493","0.0","false","interacts with","CDC25C (interacts with) EGFR"
"0.553","0.442","0.739","0.0","0.0","0.0","0.0","interacts with","CDC25C (interacts with) CDCA5","0.0","9606.ENSP00000321656","9606.ENSP00000275517","0.0","false","interacts with","CDC25C (interacts with) CDCA5"
"0.477","0.65","0.821","0.0","0.103","0.0","0.0","interacts with","CDC25C (interacts with) MELK","0.0","9606.ENSP00000321656","9606.ENSP00000298048","0.0","false","interacts with","CDC25C (interacts with) MELK"
"0.223","0.654","0.72","0.0","0.0","0.0","0.0","interacts with","CDC25C (interacts with) HMMR","0.0","9606.ENSP00000321656","9606.ENSP00000377492","0.0","false","interacts with","CDC25C (interacts with) HMMR"
"0.391","0.665","0.787","0.0","0.0","0.0","0.0","interacts with","CDC25C (interacts with) TTK","0.0","9606.ENSP00000321656","9606.ENSP00000358813","0.0","false","interacts with","CDC25C (interacts with) TTK"
"0.603","0.495","0.797","0.0","0.071","0.0","0.0","interacts with","CDC25C (interacts with) TOP2A","0.0","9606.ENSP00000321656","9606.ENSP00000411532","0.0","false","interacts with","CDC25C (interacts with) TOP2A"
"0.45","0.648","0.798","0.0","0.0","0.0","0.0","interacts with","CDC25C (interacts with) KIF4A","0.0","9606.ENSP00000321656","9606.ENSP00000363524","0.0","false","interacts with","CDC25C (interacts with) KIF4A"
"0.201","0.77","0.808","0.0","0.0","0.0","0.0","interacts with","CDC25C (interacts with) DEPDC1","0.0","9606.ENSP00000321656","9606.ENSP00000412292","0.0","false","interacts with","CDC25C (interacts with) DEPDC1"
"0.486","0.652","0.814","0.0","0.0","0.0","0.0","interacts with","CDC25C (interacts with) NEK2","0.0","9606.ENSP00000321656","9606.ENSP00000355966","0.0","false","interacts with","CDC25C (interacts with) NEK2"
"0.514","0.635","0.816","0.0","0.048","0.0","0.0","interacts with","CDC25C (interacts with) UBE2C","0.0","9606.ENSP00000321656","9606.ENSP00000348838","0.0","false","interacts with","CDC25C (interacts with) UBE2C"
"0.586","0.585","0.821","0.0","0.0","0.0","0.0","interacts with","CDC25C (interacts with) CDCA8","0.0","9606.ENSP00000321656","9606.ENSP00000362146","0.0","false","interacts with","CDC25C (interacts with) CDCA8"
"0.324","0.786","0.849","0.0","0.0","0.0","0.0","interacts with","CDC25C (interacts with) KIF20A","0.0","9606.ENSP00000321656","9606.ENSP00000378356","0.0","false","interacts with","CDC25C (interacts with) KIF20A"
"0.756","0.435","0.856","0.0","0.0","0.0","0.0","interacts with","CDC25C (interacts with) CDC45","0.0","9606.ENSP00000321656","9606.ENSP00000405726","0.0","false","interacts with","CDC25C (interacts with) CDC45"
"0.43","0.774","0.865","0.0","0.0","0.0","0.0","interacts with","CDC25C (interacts with) HJURP","0.0","9606.ENSP00000321656","9606.ENSP00000414109","0.0","false","interacts with","CDC25C (interacts with) HJURP"
"0.883","0.042","0.966","0.5","0.475","0.0","0.0","interacts with","CDC25C (interacts with) SFN","0.0","9606.ENSP00000321656","9606.ENSP00000340989","0.0","false","interacts with","CDC25C (interacts with) SFN"
"0.564","0.827","0.921","0.0","0.0","0.0","0.0","interacts with","CDC45 (interacts with) DLGAP5","0.0","9606.ENSP00000405726","9606.ENSP00000247191","0.0","false","interacts with","CDC45 (interacts with) DLGAP5"
"0.841","0.795","0.999","0.54","0.996","0.0","0.0","interacts with","CDC45 (interacts with) GINS2","0.0","9606.ENSP00000405726","9606.ENSP00000253462","0.0","false","interacts with","CDC45 (interacts with) GINS2"
"0.931","0.392","0.999","0.54","0.996","0.0","0.0","interacts with","CDC45 (interacts with) GINS1","0.0","9606.ENSP00000405726","9606.ENSP00000262460","0.0","false","interacts with","CDC45 (interacts with) GINS1"
"0.678","0.813","0.937","0.0","0.0","0.0","0.0","interacts with","CDC45 (interacts with) CDCA5","0.0","9606.ENSP00000405726","9606.ENSP00000275517","0.0","false","interacts with","CDC45 (interacts with) CDCA5"
"0.366","0.813","0.876","0.0","0.0","0.0","0.0","interacts with","CDC45 (interacts with) MELK","0.0","9606.ENSP00000405726","9606.ENSP00000298048","0.0","false","interacts with","CDC45 (interacts with) MELK"
"0.248","0.787","0.833","0.0","0.0","0.0","0.0","interacts with","CDC45 (interacts with) PCLAF","0.0","9606.ENSP00000405726","9606.ENSP00000300035","0.0","false","interacts with","CDC45 (interacts with) PCLAF"
"0.387","0.635","0.766","0.0","0.0","0.0","0.0","interacts with","CDC45 (interacts with) TPX2","0.0","9606.ENSP00000405726","9606.ENSP00000300403","0.0","false","interacts with","CDC45 (interacts with) TPX2"
"0.31","0.839","0.884","0.0","0.0","0.0","0.0","interacts with","CDC45 (interacts with) TYMS","0.0","9606.ENSP00000405726","9606.ENSP00000315644","0.0","false","interacts with","CDC45 (interacts with) TYMS"
"0.477","0.343","0.813","0.5","0.0","0.0","0.0","interacts with","CDC45 (interacts with) E2F1","0.0","9606.ENSP00000405726","9606.ENSP00000345571","0.0","false","interacts with","CDC45 (interacts with) E2F1"
"0.402","0.738","0.836","0.0","0.0","0.0","0.0","interacts with","CDC45 (interacts with) UBE2C","0.0","9606.ENSP00000405726","9606.ENSP00000348838","0.0","false","interacts with","CDC45 (interacts with) UBE2C"
"0.573","0.708","0.87","0.0","0.0","0.0","0.0","interacts with","CDC45 (interacts with) RRM2","0.0","9606.ENSP00000405726","9606.ENSP00000353770","0.0","false","interacts with","CDC45 (interacts with) RRM2"
"0.645","0.9","0.963","0.0","0.0","0.0","0.0","interacts with","CDC45 (interacts with) EXO1","0.0","9606.ENSP00000405726","9606.ENSP00000355506","0.0","false","interacts with","CDC45 (interacts with) EXO1"
"0.371","0.658","0.776","0.0","0.0","0.0","0.0","interacts with","CDC45 (interacts with) CENPF","0.0","9606.ENSP00000405726","9606.ENSP00000355922","0.0","false","interacts with","CDC45 (interacts with) CENPF"
"0.448","0.631","0.787","0.0","0.0","0.0","0.0","interacts with","CDC45 (interacts with) TTK","0.0","9606.ENSP00000405726","9606.ENSP00000358813","0.0","false","interacts with","CDC45 (interacts with) TTK"
"0.508","0.664","0.896","0.0","0.421","0.0","0.0","interacts with","CDC45 (interacts with) CEP55","0.0","9606.ENSP00000405726","9606.ENSP00000360540","0.0","false","interacts with","CDC45 (interacts with) CEP55"
"0.346","0.782","0.856","0.0","0.067","0.0","0.0","interacts with","CDC45 (interacts with) RAD54L","0.0","9606.ENSP00000405726","9606.ENSP00000361043","0.0","false","interacts with","CDC45 (interacts with) RAD54L"
"0.689","0.801","0.935","0.0","0.0","0.0","0.0","interacts with","CDC45 (interacts with) CDCA8","0.0","9606.ENSP00000405726","9606.ENSP00000362146","0.0","false","interacts with","CDC45 (interacts with) CDCA8"
"0.284","0.789","0.842","0.0","0.0","0.0","0.0","interacts with","CDC45 (interacts with) ZWINT","0.0","9606.ENSP00000405726","9606.ENSP00000363055","0.0","false","interacts with","CDC45 (interacts with) ZWINT"
"0.357","0.598","0.73","0.0","0.0","0.0","0.0","interacts with","CDC45 (interacts with) KIF4A","0.0","9606.ENSP00000405726","9606.ENSP00000363524","0.0","false","interacts with","CDC45 (interacts with) KIF4A"
"0.282","0.652","0.748","0.0","0.07","0.0","0.0","interacts with","CDC45 (interacts with) HMMR","0.0","9606.ENSP00000405726","9606.ENSP00000377492","0.0","false","interacts with","CDC45 (interacts with) HMMR"
"0.532","0.585","0.797","0.0","0.0","0.0","0.0","interacts with","CDC45 (interacts with) KIF20A","0.0","9606.ENSP00000405726","9606.ENSP00000378356","0.0","false","interacts with","CDC45 (interacts with) KIF20A"
"0.315","0.651","0.751","0.0","0.0","0.0","0.0","interacts with","CDC45 (interacts with) UBE2T","0.0","9606.ENSP00000405726","9606.ENSP00000494957","0.0","false","interacts with","CDC45 (interacts with) UBE2T"
"0.491","0.692","0.836","0.0","0.0","0.0","0.0","interacts with","CDC45 (interacts with) TK1","0.0","9606.ENSP00000405726","9606.ENSP00000468425","0.0","false","interacts with","CDC45 (interacts with) TK1"
"0.231","0.063","0.86","0.0","0.821","0.0","0.0","interacts with","CDC45 (interacts with) CDKN2A","0.0","9606.ENSP00000405726","9606.ENSP00000418915","0.0","false","interacts with","CDC45 (interacts with) CDKN2A"
"0.516","0.766","0.882","0.0","0.0","0.0","0.0","interacts with","CDC45 (interacts with) HJURP","0.0","9606.ENSP00000405726","9606.ENSP00000414109","0.0","false","interacts with","CDC45 (interacts with) HJURP"
"0.499","0.8","0.895","0.0","0.0","0.0","0.0","interacts with","CDC45 (interacts with) NUSAP1","0.0","9606.ENSP00000405726","9606.ENSP00000499238","0.0","false","interacts with","CDC45 (interacts with) NUSAP1"
"0.746","0.685","0.917","0.0","0.0","0.0","0.0","interacts with","CDC45 (interacts with) TOP2A","0.0","9606.ENSP00000405726","9606.ENSP00000411532","0.0","false","interacts with","CDC45 (interacts with) TOP2A"
"0.652","0.782","0.921","0.0","0.0","0.0","0.0","interacts with","CDCA5 (interacts with) DLGAP5","0.0","9606.ENSP00000275517","9606.ENSP00000247191","0.0","false","interacts with","CDCA5 (interacts with) DLGAP5"
"0.447","0.518","0.722","0.0","0.0","0.0","0.0","interacts with","CDCA5 (interacts with) NEK2","0.0","9606.ENSP00000275517","9606.ENSP00000355966","0.0","false","interacts with","CDCA5 (interacts with) NEK2"
"0.187","0.682","0.73","0.0","0.0","0.0","0.0","interacts with","CDCA5 (interacts with) TYMS","0.0","9606.ENSP00000275517","9606.ENSP00000315644","0.0","false","interacts with","CDCA5 (interacts with) TYMS"
"0.325","0.622","0.734","0.0","0.0","0.0","0.0","interacts with","CDCA5 (interacts with) TTK","0.0","9606.ENSP00000275517","9606.ENSP00000358813","0.0","false","interacts with","CDCA5 (interacts with) TTK"
"0.356","0.646","0.762","0.0","0.0","0.0","0.0","interacts with","CDCA5 (interacts with) UHRF1","0.0","9606.ENSP00000275517","9606.ENSP00000479617","0.0","false","interacts with","CDCA5 (interacts with) UHRF1"
"0.256","0.773","0.823","0.0","0.0","0.0","0.0","interacts with","CDCA5 (interacts with) UBE2T","0.0","9606.ENSP00000275517","9606.ENSP00000494957","0.0","false","interacts with","CDCA5 (interacts with) UBE2T"
"0.269","0.779","0.831","0.0","0.0","0.0","0.0","interacts with","CDCA5 (interacts with) HMMR","0.0","9606.ENSP00000275517","9606.ENSP00000377492","0.0","false","interacts with","CDCA5 (interacts with) HMMR"
"0.435","0.716","0.832","0.0","0.0","0.0","0.0","interacts with","CDCA5 (interacts with) NUSAP1","0.0","9606.ENSP00000275517","9606.ENSP00000499238","0.0","false","interacts with","CDCA5 (interacts with) NUSAP1"
"0.48","0.696","0.835","0.0","0.0","0.0","0.0","interacts with","CDCA5 (interacts with) UBE2C","0.0","9606.ENSP00000275517","9606.ENSP00000348838","0.0","false","interacts with","CDCA5 (interacts with) UBE2C"
"0.66","0.54","0.857","0.0","0.162","0.0","0.0","interacts with","CDCA5 (interacts with) CENPF","0.0","9606.ENSP00000275517","9606.ENSP00000355922","0.0","false","interacts with","CDCA5 (interacts with) CENPF"
"0.388","0.783","0.861","0.0","0.0","0.0","0.0","interacts with","CDCA5 (interacts with) HJURP","0.0","9606.ENSP00000275517","9606.ENSP00000414109","0.0","false","interacts with","CDCA5 (interacts with) HJURP"
"0.433","0.785","0.873","0.0","0.0","0.0","0.0","interacts with","CDCA5 (interacts with) CEP55","0.0","9606.ENSP00000275517","9606.ENSP00000360540","0.0","false","interacts with","CDCA5 (interacts with) CEP55"
"0.437","0.787","0.875","0.0","0.0","0.0","0.0","interacts with","CDCA5 (interacts with) MELK","0.0","9606.ENSP00000275517","9606.ENSP00000298048","0.0","false","interacts with","CDCA5 (interacts with) MELK"
"0.474","0.782","0.88","0.0","0.0","0.0","0.0","interacts with","CDCA5 (interacts with) KIF20A","0.0","9606.ENSP00000275517","9606.ENSP00000378356","0.0","false","interacts with","CDCA5 (interacts with) KIF20A"
"0.478","0.785","0.883","0.0","0.0","0.0","0.0","interacts with","CDCA5 (interacts with) TPX2","0.0","9606.ENSP00000275517","9606.ENSP00000300403","0.0","false","interacts with","CDCA5 (interacts with) TPX2"
"0.506","0.781","0.887","0.0","0.0","0.0","0.0","interacts with","CDCA5 (interacts with) KIF4A","0.0","9606.ENSP00000275517","9606.ENSP00000363524","0.0","false","interacts with","CDCA5 (interacts with) KIF4A"
"0.612","0.775","0.908","0.0","0.0","0.0","0.0","interacts with","CDCA5 (interacts with) ZWINT","0.0","9606.ENSP00000275517","9606.ENSP00000363055","0.0","false","interacts with","CDCA5 (interacts with) ZWINT"
"0.638","0.781","0.917","0.0","0.0","0.0","0.0","interacts with","CDCA5 (interacts with) TOP2A","0.0","9606.ENSP00000275517","9606.ENSP00000411532","0.0","false","interacts with","CDCA5 (interacts with) TOP2A"
"0.81","0.805","0.961","0.0","0.0","0.0","0.0","interacts with","CDCA5 (interacts with) CDCA8","0.0","9606.ENSP00000275517","9606.ENSP00000362146","0.0","false","interacts with","CDCA5 (interacts with) CDCA8"
"0.604","0.906","0.961","0.0","0.0","0.0","0.0","interacts with","CDCA8 (interacts with) DLGAP5","0.0","9606.ENSP00000362146","9606.ENSP00000247191","0.0","false","interacts with","CDCA8 (interacts with) DLGAP5"
"0.247","0.706","0.769","0.0","0.0","0.0","0.0","interacts with","CDCA8 (interacts with) E2F8","0.0","9606.ENSP00000362146","9606.ENSP00000250024","0.0","false","interacts with","CDCA8 (interacts with) E2F8"
"0.643","0.731","0.902","0.0","0.064","0.0","0.0","interacts with","CDCA8 (interacts with) MELK","0.0","9606.ENSP00000362146","9606.ENSP00000298048","0.0","false","interacts with","CDCA8 (interacts with) MELK"
"0.397","0.743","0.839","0.0","0.0","0.0","0.0","interacts with","CDCA8 (interacts with) PCLAF","0.0","9606.ENSP00000362146","9606.ENSP00000300035","0.0","false","interacts with","CDCA8 (interacts with) PCLAF"
"0.584","0.814","0.919","0.0","0.0","0.0","0.0","interacts with","CDCA8 (interacts with) TPX2","0.0","9606.ENSP00000362146","9606.ENSP00000300403","0.0","false","interacts with","CDCA8 (interacts with) TPX2"
"0.66","0.902","0.966","0.0","0.068","0.0","0.0","interacts with","CDCA8 (interacts with) UBE2C","0.0","9606.ENSP00000362146","9606.ENSP00000348838","0.0","false","interacts with","CDCA8 (interacts with) UBE2C"
"0.659","0.611","0.861","0.0","0.0","0.0","0.0","interacts with","CDCA8 (interacts with) RRM2","0.0","9606.ENSP00000362146","9606.ENSP00000353770","0.0","false","interacts with","CDCA8 (interacts with) RRM2"
"0.75","0.854","0.962","0.0","0.0","0.0","0.0","interacts with","CDCA8 (interacts with) CENPF","0.0","9606.ENSP00000362146","9606.ENSP00000355922","0.0","false","interacts with","CDCA8 (interacts with) CENPF"
"0.46","0.812","0.9","0.0","0.091","0.0","0.0","interacts with","CDCA8 (interacts with) NEK2","0.0","9606.ENSP00000362146","9606.ENSP00000355966","0.0","false","interacts with","CDCA8 (interacts with) NEK2"
"0.522","0.853","0.946","0.0","0.292","0.0","0.0","interacts with","CDCA8 (interacts with) TTK","0.0","9606.ENSP00000362146","9606.ENSP00000358813","0.0","false","interacts with","CDCA8 (interacts with) TTK"
"0.596","0.819","0.923","0.0","0.0","0.0","0.0","interacts with","CDCA8 (interacts with) CEP55","0.0","9606.ENSP00000362146","9606.ENSP00000360540","0.0","false","interacts with","CDCA8 (interacts with) CEP55"
"0.459","0.55","0.761","0.0","0.095","0.0","0.0","interacts with","CDCA8 (interacts with) RAD54L","0.0","9606.ENSP00000362146","9606.ENSP00000361043","0.0","false","interacts with","CDCA8 (interacts with) RAD54L"
"0.416","0.498","0.704","0.0","0.0","0.0","0.0","interacts with","CDCA8 (interacts with) TK1","0.07","9606.ENSP00000362146","9606.ENSP00000468425","0.0","false","interacts with","CDCA8 (interacts with) TK1"
"0.221","0.684","0.743","0.0","0.0","0.0","0.0","interacts with","CDCA8 (interacts with) UHRF1","0.0","9606.ENSP00000362146","9606.ENSP00000479617","0.0","false","interacts with","CDCA8 (interacts with) UHRF1"
"0.344","0.666","0.772","0.0","0.0","0.0","0.0","interacts with","CDCA8 (interacts with) DEPDC1","0.0","9606.ENSP00000362146","9606.ENSP00000412292","0.0","false","interacts with","CDCA8 (interacts with) DEPDC1"
"0.394","0.652","0.78","0.0","0.0","0.0","0.0","interacts with","CDCA8 (interacts with) ZWINT","0.0","9606.ENSP00000362146","9606.ENSP00000363055","0.0","false","interacts with","CDCA8 (interacts with) ZWINT"
"0.41","0.78","0.864","0.0","0.0","0.0","0.0","interacts with","CDCA8 (interacts with) HMMR","0.0","9606.ENSP00000362146","9606.ENSP00000377492","0.0","false","interacts with","CDCA8 (interacts with) HMMR"
"0.624","0.796","0.92","0.0","0.0","0.0","0.0","interacts with","CDCA8 (interacts with) TOP2A","0.0","9606.ENSP00000362146","9606.ENSP00000411532","0.0","false","interacts with","CDCA8 (interacts with) TOP2A"
"0.475","0.86","0.923","0.0","0.0","0.0","0.0","interacts with","CDCA8 (interacts with) HJURP","0.0","9606.ENSP00000362146","9606.ENSP00000414109","0.0","false","interacts with","CDCA8 (interacts with) HJURP"
"0.591","0.84","0.932","0.0","0.0","0.0","0.0","interacts with","CDCA8 (interacts with) KIF4A","0.0","9606.ENSP00000362146","9606.ENSP00000363524","0.0","false","interacts with","CDCA8 (interacts with) KIF4A"
"0.723","0.825","0.949","0.0","0.0","0.0","0.0","interacts with","CDCA8 (interacts with) NUSAP1","0.0","9606.ENSP00000362146","9606.ENSP00000499238","0.0","false","interacts with","CDCA8 (interacts with) NUSAP1"
"0.656","0.907","0.98","0.0","0.434","0.0","0.0","interacts with","CDCA8 (interacts with) KIF20A","0.0","9606.ENSP00000362146","9606.ENSP00000378356","0.0","false","interacts with","CDCA8 (interacts with) KIF20A"
"0.693","0.0","0.723","0.0","0.135","0.0","0.0","interacts with","CDH1 (interacts with) KRAS","0.0","9606.ENSP00000261769","9606.ENSP00000256078","0.0","false","interacts with","CDH1 (interacts with) KRAS"
"0.704","0.059","0.819","0.4","0.048","0.0","0.0","interacts with","CDH1 (interacts with) MMP7","0.0","9606.ENSP00000261769","9606.ENSP00000260227","0.0","false","interacts with","CDH1 (interacts with) MMP7"
"0.712","0.0","0.713","0.0","0.046","0.0","0.0","interacts with","CDH1 (interacts with) CDKN2A","0.0","9606.ENSP00000261769","9606.ENSP00000418915","0.0","false","interacts with","CDH1 (interacts with) CDKN2A"
"0.722","0.054","0.726","0.0","0.0","0.0","0.0","interacts with","CDH1 (interacts with) CXCL12","0.0","9606.ENSP00000261769","9606.ENSP00000379140","0.0","false","interacts with","CDH1 (interacts with) CXCL12"
"0.726","0.055","0.73","0.0","0.0","0.0","0.0","interacts with","CDH1 (interacts with) SOX2","0.0","9606.ENSP00000261769","9606.ENSP00000323588","0.0","false","interacts with","CDH1 (interacts with) SOX2"
"0.581","0.0","0.739","0.4","0.048","0.0","0.0","interacts with","CDH1 (interacts with) MMP3","0.0","9606.ENSP00000261769","9606.ENSP00000299855","0.0","false","interacts with","CDH1 (interacts with) MMP3"
"0.791","0.042","0.804","0.0","0.101","0.0","0.0","interacts with","CDH1 (interacts with) MYC","0.0","9606.ENSP00000261769","9606.ENSP00000478887","0.0","false","interacts with","CDH1 (interacts with) MYC"
"0.742","0.0","0.809","0.0","0.292","0.0","0.0","interacts with","CDH1 (interacts with) KLF4","0.0","9606.ENSP00000261769","9606.ENSP00000363804","0.0","false","interacts with","CDH1 (interacts with) KLF4"
"0.167","0.047","0.829","0.0","0.802","0.0","0.0","interacts with","CDH1 (interacts with) RPSA","0.0","9606.ENSP00000261769","9606.ENSP00000389351","0.0","false","interacts with","CDH1 (interacts with) RPSA"
"0.851","0.0","0.851","0.0","0.0","0.0","0.0","interacts with","CDH1 (interacts with) ITGA1","0.0","9606.ENSP00000261769","9606.ENSP00000282588","0.0","false","interacts with","CDH1 (interacts with) ITGA1"
"0.851","0.043","0.852","0.0","0.0","0.0","0.0","interacts with","CDH1 (interacts with) EGF","0.0","9606.ENSP00000261769","9606.ENSP00000265171","0.0","false","interacts with","CDH1 (interacts with) EGF"
"0.847","0.043","0.862","0.0","0.134","0.0","0.0","interacts with","CDH1 (interacts with) CTNND2","0.0","9606.ENSP00000261769","9606.ENSP00000307134","0.0","false","interacts with","CDH1 (interacts with) CTNND2"
"0.929","0.053","0.93","0.0","0.0","0.0","0.0","interacts with","CDH1 (interacts with) PTEN","0.0","9606.ENSP00000261769","9606.ENSP00000361021","0.0","false","interacts with","CDH1 (interacts with) PTEN"
"0.932","0.0","0.932","0.0","0.0","0.0","0.0","interacts with","CDH1 (interacts with) ERVFRD-1","0.0","9606.ENSP00000261769","9606.ENSP00000420174","0.0","false","interacts with","CDH1 (interacts with) ERVFRD-1"
"0.944","0.042","0.944","0.0","0.046","0.0","0.0","interacts with","CDH1 (interacts with) S100A8","0.0","9606.ENSP00000261769","9606.ENSP00000357721","0.0","false","interacts with","CDH1 (interacts with) S100A8"
"0.836","0.044","0.957","0.75","0.048","0.0","0.0","interacts with","CDH1 (interacts with) MMP9","0.0","9606.ENSP00000261769","9606.ENSP00000361405","0.0","false","interacts with","CDH1 (interacts with) MMP9"
"0.943","0.05","0.959","0.0","0.311","0.0","0.0","interacts with","CDH1 (interacts with) MET","0.0","9606.ENSP00000261769","9606.ENSP00000317272","0.0","false","interacts with","CDH1 (interacts with) MET"
"0.879","0.255","0.967","0.54","0.292","0.0","0.953","interacts with","CDH1 (interacts with) CDH3","0.0","9606.ENSP00000261769","9606.ENSP00000264012","0.061","false","interacts with","CDH1 (interacts with) CDH3"
"0.964","0.139","0.97","0.0","0.108","0.0","0.0","interacts with","CDH1 (interacts with) ERBB2","0.0","9606.ENSP00000261769","9606.ENSP00000269571","0.0","false","interacts with","CDH1 (interacts with) ERBB2"
"0.969","0.0","0.985","0.54","0.0","0.0","0.732","interacts with","CDH1 (interacts with) CDH5","0.0","9606.ENSP00000261769","9606.ENSP00000497290","0.0","false","interacts with","CDH1 (interacts with) CDH5"
"0.995","0.055","0.999","0.0","0.815","0.0","0.0","interacts with","CDH1 (interacts with) EGFR","0.0","9606.ENSP00000261769","9606.ENSP00000275493","0.0","false","interacts with","CDH1 (interacts with) EGFR"
"0.435","0.0","0.728","0.54","0.0","0.0","0.795","interacts with","CDH13 (interacts with) CDH3","0.0","9606.ENSP00000268613","9606.ENSP00000264012","0.0","false","interacts with","CDH13 (interacts with) CDH3"
"0.746","0.0","0.747","0.0","0.046","0.0","0.0","interacts with","CDH13 (interacts with) CDKN2A","0.0","9606.ENSP00000268613","9606.ENSP00000418915","0.0","false","interacts with","CDH13 (interacts with) CDKN2A"
"0.906","0.0","0.906","0.0","0.0","0.0","0.0","interacts with","CDH13 (interacts with) RASSF1","0.0","9606.ENSP00000268613","9606.ENSP00000349547","0.0","false","interacts with","CDH13 (interacts with) RASSF1"
"0.46","0.0","0.74","0.54","0.0","0.0","0.742","interacts with","CDH19 (interacts with) CDH3","0.0","9606.ENSP00000262150","9606.ENSP00000264012","0.0","false","interacts with","CDH19 (interacts with) CDH3"
"0.624","0.253","0.707","0.0","0.0","0.0","0.0","interacts with","CDH5 (interacts with) LYVE1","0.0","9606.ENSP00000497290","9606.ENSP00000256178","0.0","false","interacts with","CDH5 (interacts with) LYVE1"
"0.823","0.351","0.881","0.0","0.042","0.0","0.0","interacts with","CDH5 (interacts with) VWF","0.0","9606.ENSP00000497290","9606.ENSP00000261405","0.0","false","interacts with","CDH5 (interacts with) VWF"
"0.411","0.0","0.736","0.0","0.57","0.0","0.0","interacts with","CDH5 (interacts with) EGFR","0.0","9606.ENSP00000497290","9606.ENSP00000275493","0.0","false","interacts with","CDH5 (interacts with) EGFR"
"0.81","0.24","0.85","0.0","0.0","0.0","0.0","interacts with","CDH5 (interacts with) ESAM","0.0","9606.ENSP00000497290","9606.ENSP00000278927","0.0","false","interacts with","CDH5 (interacts with) ESAM"
"0.605","0.48","0.786","0.0","0.0","0.0","0.0","interacts with","CDH5 (interacts with) EMCN","0.0","9606.ENSP00000497290","9606.ENSP00000296420","0.0","false","interacts with","CDH5 (interacts with) EMCN"
"0.512","0.424","0.707","0.0","0.0","0.0","0.0","interacts with","CDH5 (interacts with) ROBO4","0.0","9606.ENSP00000497290","9606.ENSP00000304945","0.0","false","interacts with","CDH5 (interacts with) ROBO4"
"0.977","0.2","0.98","0.0","0.049","0.0","0.0","interacts with","CDH5 (interacts with) SELE","0.0","9606.ENSP00000497290","9606.ENSP00000331736","0.0","false","interacts with","CDH5 (interacts with) SELE"
"0.949","0.509","0.982","0.0","0.345","0.0","0.0","interacts with","CDH5 (interacts with) PTPRB","0.0","9606.ENSP00000497290","9606.ENSP00000334928","0.0","false","interacts with","CDH5 (interacts with) PTPRB"
"0.687","0.407","0.807","0.0","0.045","0.0","0.0","interacts with","CDH5 (interacts with) TIE1","0.0","9606.ENSP00000497290","9606.ENSP00000361554","0.0","false","interacts with","CDH5 (interacts with) TIE1"
"0.869","0.272","0.901","0.0","0.045","0.0","0.0","interacts with","CDH5 (interacts with) TEK","0.0","9606.ENSP00000497290","9606.ENSP00000369375","0.0","false","interacts with","CDH5 (interacts with) TEK"
"0.988","0.404","0.993","0.0","0.0","0.0","0.0","interacts with","CDH5 (interacts with) CLDN5","0.0","9606.ENSP00000497290","9606.ENSP00000385477","0.0","false","interacts with","CDH5 (interacts with) CLDN5"
"0.999","0.501","0.999","0.8","0.045","0.0","0.0","interacts with","CDH5 (interacts with) PECAM1","0.0","9606.ENSP00000497290","9606.ENSP00000457421","0.0","false","interacts with","CDH5 (interacts with) PECAM1"
"0.855","0.0","0.855","0.0","0.0","0.0","0.0","interacts with","CDKN2A (interacts with) MLH1","0.0","9606.ENSP00000418915","9606.ENSP00000231790","0.0","false","interacts with","CDKN2A (interacts with) MLH1"
"0.917","0.055","0.992","0.9","0.102","0.0","0.0","interacts with","CDKN2A (interacts with) KRAS","0.0","9606.ENSP00000418915","9606.ENSP00000256078","0.0","false","interacts with","CDKN2A (interacts with) KRAS"
"0.648","0.0","0.741","0.0","0.294","0.0","0.0","interacts with","CDKN2A (interacts with) TP63","0.0","9606.ENSP00000418915","9606.ENSP00000264731","0.0","false","interacts with","CDKN2A (interacts with) TP63"
"0.767","0.062","0.773","0.0","0.045","0.0","0.0","interacts with","CDKN2A (interacts with) ERBB2","0.0","9606.ENSP00000418915","9606.ENSP00000269571","0.0","false","interacts with","CDKN2A (interacts with) ERBB2"
"0.906","0.069","0.91","0.0","0.045","0.0","0.0","interacts with","CDKN2A (interacts with) EGFR","0.0","9606.ENSP00000418915","9606.ENSP00000275493","0.0","false","interacts with","CDKN2A (interacts with) EGFR"
"0.067","0.169","0.951","0.9","0.44","0.0","0.972","interacts with","CDKN2A (interacts with) CDKN2B","0.0","9606.ENSP00000418915","9606.ENSP00000276925","0.053","false","interacts with","CDKN2A (interacts with) CDKN2B"
"0.875","0.042","0.876","0.0","0.0","0.0","0.0","interacts with","CDKN2A (interacts with) MGMT","0.042","9606.ENSP00000418915","9606.ENSP00000302111","0.0","false","interacts with","CDKN2A (interacts with) MGMT"
"0.705","0.044","0.706","0.0","0.041","0.0","0.0","interacts with","CDKN2A (interacts with) SOX2","0.0","9606.ENSP00000418915","9606.ENSP00000323588","0.0","false","interacts with","CDKN2A (interacts with) SOX2"
"0.921","0.067","0.969","0.0","0.621","0.0","0.0","interacts with","CDKN2A (interacts with) E2F1","0.0","9606.ENSP00000418915","9606.ENSP00000345571","0.0","false","interacts with","CDKN2A (interacts with) E2F1"
"0.878","0.0","0.894","0.0","0.173","0.0","0.0","interacts with","CDKN2A (interacts with) RASSF1","0.0","9606.ENSP00000418915","9606.ENSP00000349547","0.0","false","interacts with","CDKN2A (interacts with) RASSF1"
"0.908","0.053","0.923","0.0","0.188","0.0","0.0","interacts with","CDKN2A (interacts with) PTEN","0.0","9606.ENSP00000418915","9606.ENSP00000361021","0.0","false","interacts with","CDKN2A (interacts with) PTEN"
"0.661","0.044","0.789","0.4","0.0","0.0","0.0","interacts with","CDKN2A (interacts with) RUNX3","0.0","9606.ENSP00000418915","9606.ENSP00000382800","0.0","false","interacts with","CDKN2A (interacts with) RUNX3"
"0.7","0.0","0.701","0.0","0.047","0.0","0.0","interacts with","CDKN2A (interacts with) FHIT","0.0","9606.ENSP00000418915","9606.ENSP00000418582","0.0","false","interacts with","CDKN2A (interacts with) FHIT"
"0.929","0.055","0.998","0.9","0.783","0.0","0.0","interacts with","CDKN2A (interacts with) MYC","0.0","9606.ENSP00000418915","9606.ENSP00000478887","0.0","false","interacts with","CDKN2A (interacts with) MYC"
"0.621","0.055","0.966","0.9","0.166","0.0","0.0","interacts with","CDKN2B (interacts with) MYC","0.0","9606.ENSP00000276925","9606.ENSP00000478887","0.0","false","interacts with","CDKN2B (interacts with) MYC"
"0.266","0.0","0.932","0.911","0.0","0.0","0.0","interacts with","CDO1 (interacts with) GAD1","0.0","9606.ENSP00000250535","9606.ENSP00000350928","0.0","false","interacts with","CDO1 (interacts with) GAD1"
"0.88","0.128","0.909","0.0","0.188","0.0","0.957","interacts with","CEACAM1 (interacts with) CEACAM5","0.0","9606.ENSP00000161559","9606.ENSP00000221992","0.059","false","interacts with","CEACAM1 (interacts with) CEACAM5"
"0.716","0.0","0.717","0.0","0.045","0.0","0.0","interacts with","CEACAM5 (interacts with) KRAS","0.0","9606.ENSP00000221992","9606.ENSP00000256078","0.0","false","interacts with","CEACAM5 (interacts with) KRAS"
"0.72","0.0","0.72","0.0","0.0","0.0","0.0","interacts with","CEACAM5 (interacts with) EGFR","0.0","9606.ENSP00000221992","9606.ENSP00000275493","0.0","false","interacts with","CEACAM5 (interacts with) EGFR"
"0.764","0.058","0.768","0.0","0.0","0.0","0.0","interacts with","CEACAM5 (interacts with) ERBB2","0.0","9606.ENSP00000221992","9606.ENSP00000269571","0.0","false","interacts with","CEACAM5 (interacts with) ERBB2"
"0.538","0.053","0.789","0.4","0.292","0.0","0.0","interacts with","CEBPD (interacts with) SOX2","0.0","9606.ENSP00000386165","9606.ENSP00000323588","0.0","false","interacts with","CEBPD (interacts with) SOX2"
"0.743","0.913","0.976","0.0","0.0","0.0","0.0","interacts with","CENPF (interacts with) DLGAP5","0.0","9606.ENSP00000355922","9606.ENSP00000247191","0.0","false","interacts with","CENPF (interacts with) DLGAP5"
"0.542","0.587","0.803","0.0","0.0","0.0","0.0","interacts with","CENPF (interacts with) E2F8","0.0","9606.ENSP00000355922","9606.ENSP00000250024","0.0","false","interacts with","CENPF (interacts with) E2F8"
"0.595","0.809","0.919","0.0","0.0","0.0","0.0","interacts with","CENPF (interacts with) MELK","0.0","9606.ENSP00000355922","9606.ENSP00000298048","0.0","false","interacts with","CENPF (interacts with) MELK"
"0.509","0.802","0.898","0.0","0.0","0.0","0.0","interacts with","CENPF (interacts with) PCLAF","0.0","9606.ENSP00000355922","9606.ENSP00000300035","0.0","false","interacts with","CENPF (interacts with) PCLAF"
"0.746","0.829","0.954","0.0","0.0","0.0","0.0","interacts with","CENPF (interacts with) TPX2","0.0","9606.ENSP00000355922","9606.ENSP00000300403","0.0","false","interacts with","CENPF (interacts with) TPX2"
"0.753","0.769","0.94","0.0","0.0","0.0","0.0","interacts with","CENPF (interacts with) UBE2C","0.0","9606.ENSP00000355922","9606.ENSP00000348838","0.0","false","interacts with","CENPF (interacts with) UBE2C"
"0.638","0.53","0.822","0.0","0.0","0.0","0.0","interacts with","CENPF (interacts with) RRM2","0.0","9606.ENSP00000355922","9606.ENSP00000353770","0.0","false","interacts with","CENPF (interacts with) RRM2"
"0.549","0.788","0.9","0.0","0.0","0.0","0.0","interacts with","CENPF (interacts with) EXO1","0.0","9606.ENSP00000355922","9606.ENSP00000355506","0.0","false","interacts with","CENPF (interacts with) EXO1"
"0.63","0.434","0.782","0.0","0.0","0.0","0.0","interacts with","CENPF (interacts with) TK1","0.0","9606.ENSP00000355922","9606.ENSP00000468425","0.0","false","interacts with","CENPF (interacts with) TK1"
"0.392","0.754","0.844","0.0","0.0","0.0","0.0","interacts with","CENPF (interacts with) DEPDC1","0.0","9606.ENSP00000355922","9606.ENSP00000412292","0.0","false","interacts with","CENPF (interacts with) DEPDC1"
"0.333","0.788","0.853","0.0","0.0","0.0","0.0","interacts with","CENPF (interacts with) UBE2T","0.0","9606.ENSP00000355922","9606.ENSP00000494957","0.0","false","interacts with","CENPF (interacts with) UBE2T"
"0.571","0.73","0.879","0.0","0.0","0.0","0.0","interacts with","CENPF (interacts with) KIF4A","0.0","9606.ENSP00000355922","9606.ENSP00000363524","0.0","false","interacts with","CENPF (interacts with) KIF4A"
"0.669","0.787","0.927","0.0","0.045","0.0","0.0","interacts with","CENPF (interacts with) HMMR","0.0","9606.ENSP00000355922","9606.ENSP00000377492","0.0","false","interacts with","CENPF (interacts with) HMMR"
"0.631","0.855","0.944","0.0","0.0","0.0","0.0","interacts with","CENPF (interacts with) NUSAP1","0.0","9606.ENSP00000355922","9606.ENSP00000499238","0.0","false","interacts with","CENPF (interacts with) NUSAP1"
"0.64","0.856","0.946","0.0","0.0","0.0","0.0","interacts with","CENPF (interacts with) HJURP","0.0","9606.ENSP00000355922","9606.ENSP00000414109","0.0","false","interacts with","CENPF (interacts with) HJURP"
"0.877","0.638","0.953","0.0","0.0","0.0","0.0","interacts with","CENPF (interacts with) ZWINT","0.0","9606.ENSP00000355922","9606.ENSP00000363055","0.0","false","interacts with","CENPF (interacts with) ZWINT"
"0.745","0.847","0.959","0.0","0.0","0.0","0.0","interacts with","CENPF (interacts with) CEP55","0.0","9606.ENSP00000355922","9606.ENSP00000360540","0.0","false","interacts with","CENPF (interacts with) CEP55"
"0.627","0.899","0.96","0.0","0.0","0.0","0.0","interacts with","CENPF (interacts with) KIF20A","0.0","9606.ENSP00000355922","9606.ENSP00000378356","0.0","false","interacts with","CENPF (interacts with) KIF20A"
"0.723","0.886","0.967","0.0","0.0","0.0","0.0","interacts with","CENPF (interacts with) TTK","0.0","9606.ENSP00000355922","9606.ENSP00000358813","0.0","false","interacts with","CENPF (interacts with) TTK"
"0.759","0.882","0.97","0.0","0.0","0.0","0.0","interacts with","CENPF (interacts with) NEK2","0.0","9606.ENSP00000355922","9606.ENSP00000355966","0.0","false","interacts with","CENPF (interacts with) NEK2"
"0.804","0.876","0.974","0.0","0.0","0.0","0.0","interacts with","CENPF (interacts with) TOP2A","0.0","9606.ENSP00000355922","9606.ENSP00000411532","0.0","false","interacts with","CENPF (interacts with) TOP2A"
"0.755","0.999","0.999","0.0","0.0","0.0","0.0","interacts with","CEP55 (interacts with) DLGAP5","0.0","9606.ENSP00000360540","9606.ENSP00000247191","0.0","false","interacts with","CEP55 (interacts with) DLGAP5"
"0.249","0.789","0.834","0.0","0.0","0.0","0.0","interacts with","CEP55 (interacts with) DEPDC1B","0.0","9606.ENSP00000360540","9606.ENSP00000265036","0.0","false","interacts with","CEP55 (interacts with) DEPDC1B"
"0.751","0.83","0.956","0.0","0.0","0.0","0.0","interacts with","CEP55 (interacts with) MELK","0.0","9606.ENSP00000360540","9606.ENSP00000298048","0.0","false","interacts with","CEP55 (interacts with) MELK"
"0.5","0.733","0.861","0.0","0.0","0.0","0.0","interacts with","CEP55 (interacts with) PCLAF","0.0","9606.ENSP00000360540","9606.ENSP00000300035","0.0","false","interacts with","CEP55 (interacts with) PCLAF"
"0.727","0.804","0.944","0.0","0.0","0.0","0.0","interacts with","CEP55 (interacts with) TPX2","0.0","9606.ENSP00000360540","9606.ENSP00000300403","0.0","false","interacts with","CEP55 (interacts with) TPX2"
"0.53","0.524","0.767","0.0","0.0","0.0","0.0","interacts with","CEP55 (interacts with) TYMS","0.0","9606.ENSP00000360540","9606.ENSP00000315644","0.0","false","interacts with","CEP55 (interacts with) TYMS"
"0.691","0.81","0.938","0.0","0.0","0.0","0.0","interacts with","CEP55 (interacts with) UBE2C","0.0","9606.ENSP00000360540","9606.ENSP00000348838","0.0","false","interacts with","CEP55 (interacts with) UBE2C"
"0.739","0.801","0.945","0.0","0.0","0.0","0.0","interacts with","CEP55 (interacts with) RRM2","0.0","9606.ENSP00000360540","9606.ENSP00000353770","0.0","false","interacts with","CEP55 (interacts with) RRM2"
"0.541","0.816","0.912","0.0","0.0","0.0","0.0","interacts with","CEP55 (interacts with) NEK2","0.0","9606.ENSP00000360540","9606.ENSP00000355966","0.0","false","interacts with","CEP55 (interacts with) NEK2"
"0.66","0.846","0.945","0.0","0.0","0.0","0.0","interacts with","CEP55 (interacts with) TTK","0.0","9606.ENSP00000360540","9606.ENSP00000358813","0.0","false","interacts with","CEP55 (interacts with) TTK"
"0.48","0.557","0.76","0.0","0.0","0.0","0.0","interacts with","CEP55 (interacts with) UHRF1","0.0","9606.ENSP00000360540","9606.ENSP00000479617","0.0","false","interacts with","CEP55 (interacts with) UHRF1"
"0.585","0.465","0.768","0.0","0.0","0.0","0.0","interacts with","CEP55 (interacts with) UBE2T","0.0","9606.ENSP00000360540","9606.ENSP00000494957","0.0","false","interacts with","CEP55 (interacts with) UBE2T"
"0.622","0.498","0.802","0.0","0.0","0.0","0.0","interacts with","CEP55 (interacts with) TK1","0.0","9606.ENSP00000360540","9606.ENSP00000468425","0.0","false","interacts with","CEP55 (interacts with) TK1"
"0.418","0.781","0.867","0.0","0.0","0.0","0.0","interacts with","CEP55 (interacts with) ZWINT","0.0","9606.ENSP00000360540","9606.ENSP00000363055","0.0","false","interacts with","CEP55 (interacts with) ZWINT"
"0.417","0.799","0.877","0.0","0.0","0.0","0.0","interacts with","CEP55 (interacts with) DEPDC1","0.0","9606.ENSP00000360540","9606.ENSP00000412292","0.0","false","interacts with","CEP55 (interacts with) DEPDC1"
"0.623","0.798","0.921","0.0","0.0","0.0","0.0","interacts with","CEP55 (interacts with) HJURP","0.0","9606.ENSP00000360540","9606.ENSP00000414109","0.0","false","interacts with","CEP55 (interacts with) HJURP"
"0.443","0.873","0.926","0.0","0.0","0.0","0.0","interacts with","CEP55 (interacts with) HMMR","0.0","9606.ENSP00000360540","9606.ENSP00000377492","0.0","false","interacts with","CEP55 (interacts with) HMMR"
"0.596","0.829","0.928","0.0","0.0","0.0","0.0","interacts with","CEP55 (interacts with) TOP2A","0.0","9606.ENSP00000360540","9606.ENSP00000411532","0.0","false","interacts with","CEP55 (interacts with) TOP2A"
"0.584","0.839","0.93","0.0","0.0","0.0","0.0","interacts with","CEP55 (interacts with) NUSAP1","0.0","9606.ENSP00000360540","9606.ENSP00000499238","0.0","false","interacts with","CEP55 (interacts with) NUSAP1"
"0.748","0.814","0.951","0.0","0.0","0.0","0.0","interacts with","CEP55 (interacts with) KIF4A","0.0","9606.ENSP00000360540","9606.ENSP00000363524","0.0","false","interacts with","CEP55 (interacts with) KIF4A"
"0.782","0.833","0.962","0.0","0.053","0.0","0.0","interacts with","CEP55 (interacts with) KIF20A","0.0","9606.ENSP00000360540","9606.ENSP00000378356","0.0","false","interacts with","CEP55 (interacts with) KIF20A"
"0.606","0.065","0.887","0.72","0.0","0.0","0.0","interacts with","CETP (interacts with) CLU","0.0","9606.ENSP00000200676","9606.ENSP00000315130","0.0","false","interacts with","CETP (interacts with) CLU"
"0.874","0.056","0.94","0.54","0.0","0.0","0.0","interacts with","CETP (interacts with) LPL","0.0","9606.ENSP00000200676","9606.ENSP00000497642","0.0","false","interacts with","CETP (interacts with) LPL"
"0.793","0.215","0.845","0.0","0.125","0.0","0.0","interacts with","CFD (interacts with) CFP","0.0","9606.ENSP00000468253","9606.ENSP00000247153","0.0","false","interacts with","CFD (interacts with) CFP"
"0.724","0.056","0.748","0.0","0.113","0.0","0.0","interacts with","CFP (interacts with) COMP","0.0","9606.ENSP00000247153","9606.ENSP00000222271","0.0","false","interacts with","CFP (interacts with) COMP"
"0.675","0.044","0.704","0.0","0.125","0.0","0.0","interacts with","CFP (interacts with) MASP1","0.0","9606.ENSP00000247153","9606.ENSP00000296280","0.0","false","interacts with","CFP (interacts with) MASP1"
"0.61","0.06","0.717","0.0","0.292","0.0","0.0","interacts with","CFP (interacts with) CLU","0.0","9606.ENSP00000247153","9606.ENSP00000315130","0.0","false","interacts with","CFP (interacts with) CLU"
"0.595","0.522","0.809","0.0","0.091","0.0","0.0","interacts with","CFP (interacts with) FCN1","0.0","9606.ENSP00000247153","9606.ENSP00000360871","0.0","false","interacts with","CFP (interacts with) FCN1"
"0.204","0.047","0.711","0.65","0.0","0.0","0.0","interacts with","CLDN11 (interacts with) ESAM","0.0","9606.ENSP00000064724","9606.ENSP00000278927","0.0","false","interacts with","CLDN11 (interacts with) ESAM"
"0.236","0.066","0.728","0.65","0.0","0.0","0.722","interacts with","CLDN11 (interacts with) CLDN5","0.0","9606.ENSP00000064724","9606.ENSP00000385477","0.0","false","interacts with","CLDN11 (interacts with) CLDN5"
"0.189","0.042","0.704","0.65","0.0","0.0","0.743","interacts with","CLDN18 (interacts with) CLDN5","0.0","9606.ENSP00000340939","9606.ENSP00000385477","0.0","false","interacts with","CLDN18 (interacts with) CLDN5"
"0.669","0.77","0.92","0.0","0.0","0.0","0.0","interacts with","CLDN5 (interacts with) VWF","0.0","9606.ENSP00000385477","9606.ENSP00000261405","0.0","false","interacts with","CLDN5 (interacts with) VWF"
"0.753","0.686","0.97","0.65","0.0","0.0","0.0","interacts with","CLDN5 (interacts with) ESAM","0.0","9606.ENSP00000385477","9606.ENSP00000278927","0.0","false","interacts with","CLDN5 (interacts with) ESAM"
"0.344","0.608","0.732","0.0","0.0","0.0","0.0","interacts with","CLDN5 (interacts with) ROBO4","0.0","9606.ENSP00000385477","9606.ENSP00000304945","0.0","false","interacts with","CLDN5 (interacts with) ROBO4"
"0.745","0.083","0.756","0.0","0.0","0.0","0.0","interacts with","CLDN5 (interacts with) MMP9","0.0","9606.ENSP00000385477","9606.ENSP00000361405","0.0","false","interacts with","CLDN5 (interacts with) MMP9"
"0.708","0.043","0.708","0.0","0.0","0.0","0.0","interacts with","CLDN5 (interacts with) IL6","0.0","9606.ENSP00000385477","9606.ENSP00000385675","0.0","false","interacts with","CLDN5 (interacts with) IL6"
"0.8","0.26","0.845","0.0","0.0","0.0","0.0","interacts with","CLDN5 (interacts with) PECAM1","0.0","9606.ENSP00000385477","9606.ENSP00000457421","0.0","false","interacts with","CLDN5 (interacts with) PECAM1"
"0.864","0.263","0.927","0.0","0.334","0.0","0.0","interacts with","CLEC14A (interacts with) MMRN2","0.0","9606.ENSP00000353013","9606.ENSP00000361097","0.0","false","interacts with","CLEC14A (interacts with) MMRN2"
"0.7","0.184","0.794","0.0","0.226","0.0","0.0","interacts with","CLU (interacts with) CP","0.0","9606.ENSP00000315130","9606.ENSP00000264613","0.0","false","interacts with","CLU (interacts with) CP"
"0.614","0.054","0.718","0.0","0.292","0.0","0.0","interacts with","CLU (interacts with) MMP9","0.0","9606.ENSP00000315130","9606.ENSP00000361405","0.0","false","interacts with","CLU (interacts with) MMP9"
"0.7","0.137","0.73","0.0","0.0","0.0","0.0","interacts with","CLU (interacts with) SPP1","0.0","9606.ENSP00000315130","9606.ENSP00000378517","0.0","false","interacts with","CLU (interacts with) SPP1"
"0.519","0.059","0.773","0.54","0.0","0.0","0.0","interacts with","CLU (interacts with) LPL","0.0","9606.ENSP00000315130","9606.ENSP00000497642","0.0","false","interacts with","CLU (interacts with) LPL"
"0.636","0.067","0.861","0.0","0.625","0.0","0.0","interacts with","CLU (interacts with) SNCA","0.0","9606.ENSP00000315130","9606.ENSP00000500990","0.0","false","interacts with","CLU (interacts with) SNCA"
"0.865","0.076","0.896","0.0","0.235","0.0","0.0","interacts with","CLU (interacts with) SERPINA1","0.0","9606.ENSP00000315130","9606.ENSP00000416066","0.0","false","interacts with","CLU (interacts with) SERPINA1"
"0.617","0.524","0.812","0.0","0.05","0.0","0.0","interacts with","COL10A1 (interacts with) MMP11","0.0","9606.ENSP00000327368","9606.ENSP00000215743","0.0","false","interacts with","COL10A1 (interacts with) MMP11"
"0.546","0.479","0.768","0.0","0.099","0.0","0.0","interacts with","COL10A1 (interacts with) COMP","0.0","9606.ENSP00000327368","9606.ENSP00000222271","0.0","false","interacts with","COL10A1 (interacts with) COMP"
"0.521","0.208","0.781","0.4","0.0","0.0","0.744","interacts with","COL10A1 (interacts with) COL1A1","0.0","9606.ENSP00000327368","9606.ENSP00000225964","0.152","false","interacts with","COL10A1 (interacts with) COL1A1"
"0.732","0.234","0.787","0.0","0.045","0.0","0.0","interacts with","COL10A1 (interacts with) IBSP","0.0","9606.ENSP00000327368","9606.ENSP00000226284","0.0","false","interacts with","COL10A1 (interacts with) IBSP"
"0.903","0.362","0.936","0.0","0.05","0.0","0.0","interacts with","COL10A1 (interacts with) MMP13","0.0","9606.ENSP00000327368","9606.ENSP00000260302","0.0","false","interacts with","COL10A1 (interacts with) MMP13"
"0.496","0.136","0.755","0.4","0.0","0.0","0.718","interacts with","COL10A1 (interacts with) COL1A2","0.0","9606.ENSP00000327368","9606.ENSP00000297268","0.173","false","interacts with","COL10A1 (interacts with) COL1A2"
"0.453","0.245","0.762","0.4","0.0","0.0","0.75","interacts with","COL10A1 (interacts with) COL3A1","0.0","9606.ENSP00000327368","9606.ENSP00000304408","0.155","false","interacts with","COL10A1 (interacts with) COL3A1"
"0.454","0.213","0.753","0.4","0.0","0.0","0.719","interacts with","COL10A1 (interacts with) COL5A2","0.0","9606.ENSP00000327368","9606.ENSP00000364000","0.156","false","interacts with","COL10A1 (interacts with) COL5A2"
"0.472","0.623","0.877","0.4","0.0","0.0","0.765","interacts with","COL10A1 (interacts with) COL11A1","0.0","9606.ENSP00000327368","9606.ENSP00000359114","0.091","false","interacts with","COL10A1 (interacts with) COL11A1"
"0.616","0.323","0.732","0.0","0.05","0.0","0.0","interacts with","COL11A1 (interacts with) MMP11","0.0","9606.ENSP00000359114","9606.ENSP00000215743","0.0","false","interacts with","COL11A1 (interacts with) MMP11"
"0.841","0.244","0.965","0.72","0.0","0.0","0.847","interacts with","COL11A1 (interacts with) COL1A1","0.0","9606.ENSP00000359114","9606.ENSP00000225964","0.095","false","interacts with","COL11A1 (interacts with) COL1A1"
"0.899","0.295","0.992","0.9","0.069","0.0","0.841","interacts with","COL11A1 (interacts with) COL1A2","0.0","9606.ENSP00000359114","9606.ENSP00000297268","0.093","false","interacts with","COL11A1 (interacts with) COL1A2"
"0.817","0.353","0.965","0.72","0.0","0.0","0.84","interacts with","COL11A1 (interacts with) COL3A1","0.0","9606.ENSP00000359114","9606.ENSP00000304408","0.092","false","interacts with","COL11A1 (interacts with) COL3A1"
"0.858","0.269","0.898","0.0","0.099","0.0","0.0","interacts with","COL11A1 (interacts with) THBS2","0.0","9606.ENSP00000359114","9606.ENSP00000355751","0.0","false","interacts with","COL11A1 (interacts with) THBS2"
"0.479","0.217","0.877","0.72","0.0","0.0","0.975","interacts with","COL11A1 (interacts with) COL5A1","0.0","9606.ENSP00000359114","9606.ENSP00000360882","0.053","false","interacts with","COL11A1 (interacts with) COL5A1"
"0.855","0.405","0.976","0.72","0.099","0.0","0.84","interacts with","COL11A1 (interacts with) COL5A2","0.0","9606.ENSP00000359114","9606.ENSP00000364000","0.079","false","interacts with","COL11A1 (interacts with) COL5A2"
"0.935","0.178","0.972","0.5","0.068","0.0","0.0","interacts with","COL17A1 (interacts with) LAMA3","0.0","9606.ENSP00000497653","9606.ENSP00000324532","0.0","false","interacts with","COL17A1 (interacts with) LAMA3"
"0.68","0.099","0.702","0.0","0.05","0.0","0.0","interacts with","COL1A1 (interacts with) MMP13","0.0","9606.ENSP00000225964","9606.ENSP00000260302","0.0","false","interacts with","COL1A1 (interacts with) MMP13"
"0.458","0.075","0.703","0.4","0.129","0.0","0.0","interacts with","COL1A1 (interacts with) PCOLCE2","0.0","9606.ENSP00000225964","9606.ENSP00000295992","0.0","false","interacts with","COL1A1 (interacts with) PCOLCE2"
"0.705","0.063","0.713","0.0","0.045","0.0","0.0","interacts with","COL1A1 (interacts with) IBSP","0.0","9606.ENSP00000225964","9606.ENSP00000226284","0.0","false","interacts with","COL1A1 (interacts with) IBSP"
"0.742","0.061","0.747","0.0","0.0","0.0","0.0","interacts with","COL1A1 (interacts with) SPP1","0.0","9606.ENSP00000225964","9606.ENSP00000378517","0.0","false","interacts with","COL1A1 (interacts with) SPP1"
"0.341","0.062","0.765","0.65","0.0","0.0","0.0","interacts with","COL1A1 (interacts with) ITGA8","0.0","9606.ENSP00000225964","9606.ENSP00000367316","0.0","false","interacts with","COL1A1 (interacts with) ITGA8"
"0.738","0.139","0.767","0.0","0.05","0.0","0.0","interacts with","COL1A1 (interacts with) MMP1","0.0","9606.ENSP00000225964","9606.ENSP00000322788","0.0","false","interacts with","COL1A1 (interacts with) MMP1"
"0.706","0.333","0.795","0.0","0.0","0.0","0.0","interacts with","COL1A1 (interacts with) CTHRC1","0.0","9606.ENSP00000225964","9606.ENSP00000330523","0.0","false","interacts with","COL1A1 (interacts with) CTHRC1"
"0.722","0.368","0.828","0.0","0.099","0.0","0.0","interacts with","COL1A1 (interacts with) THBS2","0.0","9606.ENSP00000225964","9606.ENSP00000355751","0.0","false","interacts with","COL1A1 (interacts with) THBS2"
"0.83","0.089","0.84","0.0","0.05","0.0","0.0","interacts with","COL1A1 (interacts with) MMP9","0.0","9606.ENSP00000225964","9606.ENSP00000361405","0.0","false","interacts with","COL1A1 (interacts with) MMP9"
"0.821","0.103","0.877","0.0","0.294","0.0","0.0","interacts with","COL1A1 (interacts with) VWF","0.0","9606.ENSP00000225964","9606.ENSP00000261405","0.0","false","interacts with","COL1A1 (interacts with) VWF"
"0.65","0.095","0.879","0.65","0.0","0.0","0.0","interacts with","COL1A1 (interacts with) ITGA1","0.0","9606.ENSP00000225964","9606.ENSP00000282588","0.0","false","interacts with","COL1A1 (interacts with) ITGA1"
"0.744","0.743","0.968","0.0","0.554","0.0","0.0","interacts with","COL1A1 (interacts with) SPARC","0.0","9606.ENSP00000225964","9606.ENSP00000231061","0.0","false","interacts with","COL1A1 (interacts with) SPARC"
"0.88","0.795","0.994","0.72","0.23","0.0","0.845","interacts with","COL1A1 (interacts with) COL5A1","0.0","9606.ENSP00000225964","9606.ENSP00000360882","0.091","false","interacts with","COL1A1 (interacts with) COL5A1"
"0.912","0.839","0.995","0.72","0.0","0.0","0.948","interacts with","COL1A1 (interacts with) COL5A2","0.0","9606.ENSP00000225964","9606.ENSP00000364000","0.064","false","interacts with","COL1A1 (interacts with) COL5A2"
"0.965","0.958","0.999","0.9","0.0","0.0","0.95","interacts with","COL1A1 (interacts with) COL3A1","0.0","9606.ENSP00000225964","9606.ENSP00000304408","0.065","false","interacts with","COL1A1 (interacts with) COL3A1"
"0.981","0.964","0.999","0.9","0.649","0.0","0.957","interacts with","COL1A1 (interacts with) COL1A2","0.0","9606.ENSP00000225964","9606.ENSP00000297268","0.061","false","interacts with","COL1A1 (interacts with) COL1A2"
"0.733","0.849","0.959","0.0","0.07","0.0","0.0","interacts with","COL1A2 (interacts with) SPARC","0.0","9606.ENSP00000297268","9606.ENSP00000231061","0.0","false","interacts with","COL1A2 (interacts with) SPARC"
"0.575","0.107","0.855","0.65","0.0","0.0","0.0","interacts with","COL1A2 (interacts with) ITGA1","0.0","9606.ENSP00000297268","9606.ENSP00000282588","0.0","false","interacts with","COL1A2 (interacts with) ITGA1"
"0.626","0.3","0.727","0.0","0.0","0.0","0.0","interacts with","COL1A2 (interacts with) CXCL12","0.0","9606.ENSP00000297268","9606.ENSP00000379140","0.0","false","interacts with","COL1A2 (interacts with) CXCL12"
"0.276","0.084","0.747","0.65","0.0","0.0","0.0","interacts with","COL1A2 (interacts with) ITGA8","0.0","9606.ENSP00000297268","9606.ENSP00000367316","0.0","false","interacts with","COL1A2 (interacts with) ITGA8"
"0.716","0.489","0.858","0.0","0.099","0.0","0.0","interacts with","COL1A2 (interacts with) THBS2","0.0","9606.ENSP00000297268","9606.ENSP00000355751","0.0","false","interacts with","COL1A2 (interacts with) THBS2"
"0.9","0.075","0.904","0.0","0.05","0.0","0.0","interacts with","COL1A2 (interacts with) MMP9","0.0","9606.ENSP00000297268","9606.ENSP00000361405","0.0","false","interacts with","COL1A2 (interacts with) MMP9"
"0.864","0.66","0.989","0.72","0.259","0.0","0.834","interacts with","COL1A2 (interacts with) COL5A1","0.0","9606.ENSP00000297268","9606.ENSP00000360882","0.091","false","interacts with","COL1A2 (interacts with) COL5A1"
"0.949","0.884","0.998","0.72","0.098","0.0","0.934","interacts with","COL1A2 (interacts with) COL5A2","0.0","9606.ENSP00000297268","9606.ENSP00000364000","0.072","false","interacts with","COL1A2 (interacts with) COL5A2"
"0.966","0.999","0.999","0.9","0.229","0.0","0.928","interacts with","COL1A2 (interacts with) COL3A1","0.0","9606.ENSP00000297268","9606.ENSP00000304408","0.076","false","interacts with","COL1A2 (interacts with) COL3A1"
"0.499","0.553","0.911","0.0","0.635","0.0","0.0","interacts with","COL3A1 (interacts with) SPARC","0.0","9606.ENSP00000304408","9606.ENSP00000231061","0.0","false","interacts with","COL3A1 (interacts with) SPARC"
"0.566","0.443","0.748","0.0","0.0","0.0","0.0","interacts with","COL3A1 (interacts with) SULF1","0.0","9606.ENSP00000304408","9606.ENSP00000260128","0.0","false","interacts with","COL3A1 (interacts with) SULF1"
"0.624","0.112","0.723","0.0","0.236","0.0","0.0","interacts with","COL3A1 (interacts with) ITGA1","0.0","9606.ENSP00000304408","9606.ENSP00000282588","0.0","false","interacts with","COL3A1 (interacts with) ITGA1"
"0.598","0.377","0.739","0.0","0.0","0.0","0.0","interacts with","COL3A1 (interacts with) CXCL12","0.0","9606.ENSP00000304408","9606.ENSP00000379140","0.0","false","interacts with","COL3A1 (interacts with) CXCL12"
"0.728","0.091","0.745","0.0","0.05","0.0","0.0","interacts with","COL3A1 (interacts with) MMP9","0.0","9606.ENSP00000304408","9606.ENSP00000361405","0.0","false","interacts with","COL3A1 (interacts with) MMP9"
"0.727","0.082","0.75","0.0","0.084","0.0","0.0","interacts with","COL3A1 (interacts with) TGFBR2","0.0","9606.ENSP00000304408","9606.ENSP00000351905","0.0","false","interacts with","COL3A1 (interacts with) TGFBR2"
"0.693","0.347","0.804","0.0","0.099","0.0","0.0","interacts with","COL3A1 (interacts with) THBS2","0.0","9606.ENSP00000304408","9606.ENSP00000355751","0.0","false","interacts with","COL3A1 (interacts with) THBS2"
"0.731","0.786","0.983","0.72","0.0","0.0","0.835","interacts with","COL3A1 (interacts with) COL5A1","0.0","9606.ENSP00000304408","9606.ENSP00000360882","0.094","false","interacts with","COL3A1 (interacts with) COL5A1"
"0.962","0.906","0.998","0.72","0.0","0.0","0.929","interacts with","COL3A1 (interacts with) COL5A2","0.0","9606.ENSP00000304408","9606.ENSP00000364000","0.075","false","interacts with","COL3A1 (interacts with) COL5A2"
"0.574","0.381","0.742","0.0","0.099","0.0","0.0","interacts with","COL5A1 (interacts with) THBS2","0.0","9606.ENSP00000360882","9606.ENSP00000355751","0.0","false","interacts with","COL5A1 (interacts with) THBS2"
"0.928","0.777","0.996","0.8","0.126","0.0","0.832","interacts with","COL5A1 (interacts with) COL5A2","0.0","9606.ENSP00000360882","9606.ENSP00000364000","0.087","false","interacts with","COL5A1 (interacts with) COL5A2"
"0.696","0.41","0.824","0.0","0.099","0.0","0.0","interacts with","COL5A2 (interacts with) THBS2","0.0","9606.ENSP00000364000","9606.ENSP00000355751","0.0","false","interacts with","COL5A2 (interacts with) THBS2"
"0.347","0.062","0.767","0.65","0.0","0.0","0.0","interacts with","COL6A6 (interacts with) ITGA8","0.0","9606.ENSP00000351310","9606.ENSP00000367316","0.0","false","interacts with","COL6A6 (interacts with) ITGA8"
"0.225","0.049","0.72","0.65","0.045","0.0","0.0","interacts with","COMP (interacts with) ITGA1","0.0","9606.ENSP00000222271","9606.ENSP00000282588","0.0","false","interacts with","COMP (interacts with) ITGA1"
"0.923","0.128","0.944","0.0","0.238","0.0","0.0","interacts with","CP (interacts with) SERPINA1","0.0","9606.ENSP00000264613","9606.ENSP00000416066","0.0","false","interacts with","CP (interacts with) SERPINA1"
"0.537","0.511","0.764","0.0","0.0","0.0","0.0","interacts with","CPB2 (interacts with) SERPIND1","0.0","9606.ENSP00000181383","9606.ENSP00000215727","0.0","false","interacts with","CPB2 (interacts with) SERPIND1"
"0.958","0.0","0.958","0.0","0.0","0.0","0.0","interacts with","CPB2 (interacts with) THBD","0.0","9606.ENSP00000181383","9606.ENSP00000366307","0.0","false","interacts with","CPB2 (interacts with) THBD"
"0.791","0.061","0.795","0.0","0.0","0.0","0.0","interacts with","CR2 (interacts with) MME","0.0","9606.ENSP00000356024","9606.ENSP00000418525","0.0","false","interacts with","CR2 (interacts with) MME"
"0.811","0.0","0.902","0.5","0.05","0.0","0.0","interacts with","CRABP2 (interacts with) RARA","0.0","9606.ENSP00000482841","9606.ENSP00000254066","0.0","false","interacts with","CRABP2 (interacts with) RARA"
"0.724","0.084","0.736","0.0","0.0","0.0","0.0","interacts with","CRYAB (interacts with) LDB3","0.0","9606.ENSP00000433560","9606.ENSP00000401437","0.0","false","interacts with","CRYAB (interacts with) LDB3"
"0.381","0.062","0.863","0.0","0.784","0.0","0.0","interacts with","CRYAB (interacts with) SNCA","0.0","9606.ENSP00000433560","9606.ENSP00000500990","0.0","false","interacts with","CRYAB (interacts with) SNCA"
"0.667","0.182","0.716","0.0","0.0","0.0","0.0","interacts with","CSF3 (interacts with) SELE","0.0","9606.ENSP00000225474","9606.ENSP00000331736","0.0","false","interacts with","CSF3 (interacts with) SELE"
"0.786","0.0","0.786","0.0","0.0","0.0","0.0","interacts with","CSF3 (interacts with) CXCL12","0.0","9606.ENSP00000225474","9606.ENSP00000379140","0.0","false","interacts with","CSF3 (interacts with) CXCL12"
"0.42","0.049","0.79","0.65","0.0","0.0","0.0","interacts with","CSF3 (interacts with) IL7R","0.0","9606.ENSP00000225474","9606.ENSP00000306157","0.0","false","interacts with","CSF3 (interacts with) IL7R"
"0.5","0.042","0.817","0.65","0.0","0.0","0.0","interacts with","CSF3 (interacts with) LIFR","0.0","9606.ENSP00000225474","9606.ENSP00000398368","0.0","false","interacts with","CSF3 (interacts with) LIFR"
"0.789","0.196","0.823","0.0","0.0","0.0","0.0","interacts with","CSF3 (interacts with) CXCL5","0.0","9606.ENSP00000225474","9606.ENSP00000296027","0.0","false","interacts with","CSF3 (interacts with) CXCL5"
"0.681","0.174","0.856","0.5","0.0","0.0","0.0","interacts with","CSF3 (interacts with) SOCS3","0.0","9606.ENSP00000225474","9606.ENSP00000330341","0.0","false","interacts with","CSF3 (interacts with) SOCS3"
"0.61","0.042","0.857","0.65","0.0","0.0","0.0","interacts with","CSF3 (interacts with) EGFR","0.0","9606.ENSP00000225474","9606.ENSP00000275493","0.0","false","interacts with","CSF3 (interacts with) EGFR"
"0.797","0.222","0.897","0.4","0.0","0.0","0.0","interacts with","CSF3 (interacts with) CXCL2","0.0","9606.ENSP00000225474","9606.ENSP00000427279","0.0","false","interacts with","CSF3 (interacts with) CXCL2"
"0.957","0.0","0.957","0.0","0.0","0.0","0.0","interacts with","CSF3 (interacts with) EGF","0.0","9606.ENSP00000225474","9606.ENSP00000265171","0.0","false","interacts with","CSF3 (interacts with) EGF"
"0.96","0.087","0.961","0.0","0.0","0.0","0.0","interacts with","CSF3 (interacts with) FGF2","0.0","9606.ENSP00000225474","9606.ENSP00000264498","0.0","false","interacts with","CSF3 (interacts with) FGF2"
"0.945","0.201","0.971","0.4","0.0","0.0","0.0","interacts with","CSF3 (interacts with) CXCL8","0.0","9606.ENSP00000225474","9606.ENSP00000306512","0.0","false","interacts with","CSF3 (interacts with) CXCL8"
"0.972","0.369","0.988","0.4","0.0","0.0","0.0","interacts with","CSF3 (interacts with) IL6","0.0","9606.ENSP00000225474","9606.ENSP00000385675","0.0","false","interacts with","CSF3 (interacts with) IL6"
"0.725","0.08","0.813","0.0","0.322","0.0","0.0","interacts with","CSPG4 (interacts with) FGF2","0.0","9606.ENSP00000312506","9606.ENSP00000264498","0.0","false","interacts with","CSPG4 (interacts with) FGF2"
"0.378","0.781","0.858","0.0","0.0","0.0","0.0","interacts with","CSRNP1 (interacts with) GADD45B","0.0","9606.ENSP00000273153","9606.ENSP00000215631","0.0","false","interacts with","CSRNP1 (interacts with) GADD45B"
"0.721","0.0","0.721","0.0","0.0","0.0","0.0","interacts with","CTAG1B (interacts with) MMP7","0.0","9606.ENSP00000332602","9606.ENSP00000260227","0.0","false","interacts with","CTAG1B (interacts with) MMP7"
"0.701","0.074","0.711","0.0","0.0","0.0","0.0","interacts with","CTAG1B (interacts with) DDX53","0.0","9606.ENSP00000332602","9606.ENSP00000368667","0.0","false","interacts with","CTAG1B (interacts with) DDX53"
"0.895","0.073","0.925","0.0","0.292","0.0","0.0","interacts with","CTNND2 (interacts with) PDZD2","0.0","9606.ENSP00000307134","9606.ENSP00000402033","0.0","false","interacts with","CTNND2 (interacts with) PDZD2"
"0.737","0.0","0.737","0.0","0.0","0.0","0.0","interacts with","CXCL12 (interacts with) MIF","0.0","9606.ENSP00000379140","9606.ENSP00000215754","0.0","false","interacts with","CXCL12 (interacts with) MIF"
"0.893","0.067","0.896","0.0","0.0","0.0","0.0","interacts with","CXCL12 (interacts with) FGF2","0.0","9606.ENSP00000379140","9606.ENSP00000264498","0.0","false","interacts with","CXCL12 (interacts with) FGF2"
"0.79","0.0","0.79","0.0","0.0","0.0","0.0","interacts with","CXCL12 (interacts with) EGF","0.0","9606.ENSP00000379140","9606.ENSP00000265171","0.0","false","interacts with","CXCL12 (interacts with) EGF"
"0.895","0.067","0.897","0.0","0.0","0.0","0.0","interacts with","CXCL12 (interacts with) EGFR","0.0","9606.ENSP00000379140","9606.ENSP00000275493","0.0","false","interacts with","CXCL12 (interacts with) EGFR"
"0.925","0.122","0.964","0.5","0.0","0.0","0.0","interacts with","CXCL12 (interacts with) CXCL13","0.0","9606.ENSP00000379140","9606.ENSP00000286758","0.0","false","interacts with","CXCL12 (interacts with) CXCL13"
"0.707","0.06","0.85","0.5","0.0","0.0","0.0","interacts with","CXCL12 (interacts with) CXCL3","0.0","9606.ENSP00000379140","9606.ENSP00000296026","0.0","false","interacts with","CXCL12 (interacts with) CXCL3"
"0.816","0.056","0.905","0.5","0.0","0.0","0.0","interacts with","CXCL12 (interacts with) CXCL5","0.0","9606.ENSP00000379140","9606.ENSP00000296027","0.0","false","interacts with","CXCL12 (interacts with) CXCL5"
"0.934","0.086","0.999","0.5","0.994","0.0","0.0","interacts with","CXCL12 (interacts with) PPBP","0.0","9606.ENSP00000379140","9606.ENSP00000296028","0.0","false","interacts with","CXCL12 (interacts with) PPBP"
"0.904","0.067","0.951","0.5","0.0","0.0","0.0","interacts with","CXCL12 (interacts with) CXCL8","0.0","9606.ENSP00000379140","9606.ENSP00000306512","0.0","false","interacts with","CXCL12 (interacts with) CXCL8"
"0.902","0.0","0.902","0.0","0.0","0.0","0.0","interacts with","CXCL12 (interacts with) MET","0.0","9606.ENSP00000379140","9606.ENSP00000317272","0.0","false","interacts with","CXCL12 (interacts with) MET"
"0.996","0.0","0.998","0.65","0.046","0.0","0.0","interacts with","CXCL12 (interacts with) CXCR2","0.0","9606.ENSP00000379140","9606.ENSP00000319635","0.0","false","interacts with","CXCL12 (interacts with) CXCR2"
"0.713","0.09","0.727","0.0","0.0","0.0","0.0","interacts with","CXCL12 (interacts with) SELE","0.0","9606.ENSP00000379140","9606.ENSP00000331736","0.0","false","interacts with","CXCL12 (interacts with) SELE"
"0.692","0.164","0.998","0.0","0.994","0.0","0.0","interacts with","CXCL12 (interacts with) CXCL14","0.0","9606.ENSP00000379140","9606.ENSP00000337065","0.0","false","interacts with","CXCL12 (interacts with) CXCL14"
"0.888","0.066","0.891","0.0","0.0","0.0","0.0","interacts with","CXCL12 (interacts with) MMP9","0.0","9606.ENSP00000379140","9606.ENSP00000361405","0.0","false","interacts with","CXCL12 (interacts with) MMP9"
"0.806","0.137","0.825","0.0","0.0","0.0","0.0","interacts with","CXCL12 (interacts with) TEK","0.0","9606.ENSP00000379140","9606.ENSP00000369375","0.0","false","interacts with","CXCL12 (interacts with) TEK"
"0.42","0.152","0.733","0.5","0.0","0.0","0.0","interacts with","CXCL12 (interacts with) SLIT2","0.0","9606.ENSP00000379140","9606.ENSP00000422591","0.0","false","interacts with","CXCL12 (interacts with) SLIT2"
"0.697","0.108","0.745","0.0","0.134","0.0","0.0","interacts with","CXCL12 (interacts with) PECAM1","0.0","9606.ENSP00000379140","9606.ENSP00000457421","0.0","false","interacts with","CXCL12 (interacts with) PECAM1"
"0.792","0.13","0.811","0.0","0.0","0.0","0.0","interacts with","CXCL12 (interacts with) IL6","0.0","9606.ENSP00000379140","9606.ENSP00000385675","0.0","false","interacts with","CXCL12 (interacts with) IL6"
"0.868","0.062","0.999","0.5","0.994","0.0","0.0","interacts with","CXCL12 (interacts with) CXCL2","0.0","9606.ENSP00000379140","9606.ENSP00000427279","0.0","false","interacts with","CXCL12 (interacts with) CXCL2"
"0.657","0.164","0.701","0.0","0.0","0.0","0.0","interacts with","CXCL13 (interacts with) MMP9","0.0","9606.ENSP00000286758","9606.ENSP00000361405","0.0","false","interacts with","CXCL13 (interacts with) MMP9"
"0.702","0.118","0.726","0.0","0.0","0.0","0.0","interacts with","CXCL13 (interacts with) IL6","0.0","9606.ENSP00000286758","9606.ENSP00000385675","0.0","false","interacts with","CXCL13 (interacts with) IL6"
"0.581","0.049","0.783","0.5","0.0","0.0","0.797","interacts with","CXCL13 (interacts with) CXCL8","0.0","9606.ENSP00000286758","9606.ENSP00000306512","0.0","false","interacts with","CXCL13 (interacts with) CXCL8"
"0.651","0.072","0.824","0.5","0.0","0.0","0.0","interacts with","CXCL13 (interacts with) CXCL2","0.0","9606.ENSP00000286758","9606.ENSP00000427279","0.0","false","interacts with","CXCL13 (interacts with) CXCL2"
"0.69","0.074","0.844","0.5","0.0","0.0","0.0","interacts with","CXCL13 (interacts with) CXCL3","0.0","9606.ENSP00000286758","9606.ENSP00000296026","0.0","false","interacts with","CXCL13 (interacts with) CXCL3"
"0.704","0.086","0.853","0.5","0.0","0.0","0.0","interacts with","CXCL13 (interacts with) PPBP","0.0","9606.ENSP00000286758","9606.ENSP00000296028","0.0","false","interacts with","CXCL13 (interacts with) PPBP"
"0.807","0.067","0.902","0.5","0.0","0.0","0.0","interacts with","CXCL13 (interacts with) CXCL5","0.0","9606.ENSP00000286758","9606.ENSP00000296027","0.0","false","interacts with","CXCL13 (interacts with) CXCL5"
"0.992","0.074","0.997","0.65","0.0","0.0","0.0","interacts with","CXCL13 (interacts with) CXCR2","0.0","9606.ENSP00000286758","9606.ENSP00000319635","0.0","false","interacts with","CXCL13 (interacts with) CXCR2"
"0.768","0.0","0.768","0.0","0.0","0.0","0.0","interacts with","CXCL14 (interacts with) CXCL3","0.0","9606.ENSP00000337065","9606.ENSP00000296026","0.0","false","interacts with","CXCL14 (interacts with) CXCL3"
"0.536","0.0","0.997","0.0","0.994","0.0","0.0","interacts with","CXCL14 (interacts with) CXCL5","0.0","9606.ENSP00000337065","9606.ENSP00000296027","0.0","false","interacts with","CXCL14 (interacts with) CXCL5"
"0.42","0.0","0.996","0.0","0.994","0.0","0.0","interacts with","CXCL14 (interacts with) PPBP","0.0","9606.ENSP00000337065","9606.ENSP00000296028","0.0","false","interacts with","CXCL14 (interacts with) PPBP"
"0.46","0.0","0.802","0.65","0.0","0.0","0.0","interacts with","CXCL14 (interacts with) CXCR2","0.0","9606.ENSP00000337065","9606.ENSP00000319635","0.0","false","interacts with","CXCL14 (interacts with) CXCR2"
"0.2","0.042","0.995","0.0","0.994","0.0","0.762","interacts with","CXCL14 (interacts with) CXCL2","0.0","9606.ENSP00000337065","9606.ENSP00000427279","0.0","false","interacts with","CXCL14 (interacts with) CXCL2"
"0.555","0.781","0.995","0.9","0.61","0.0","0.979","interacts with","CXCL2 (interacts with) CXCL3","0.0","9606.ENSP00000427279","9606.ENSP00000296026","0.051","false","interacts with","CXCL2 (interacts with) CXCL3"
"0.441","0.275","0.998","0.4","0.994","0.0","0.895","interacts with","CXCL2 (interacts with) CXCL5","0.0","9606.ENSP00000427279","9606.ENSP00000296027","0.074","false","interacts with","CXCL2 (interacts with) CXCL5"
"0.621","0.072","0.775","0.4","0.0","0.0","0.895","interacts with","CXCL2 (interacts with) PPBP","0.0","9606.ENSP00000427279","9606.ENSP00000296028","0.059","false","interacts with","CXCL2 (interacts with) PPBP"
"0.866","0.794","0.982","0.4","0.0","0.0","0.87","interacts with","CXCL2 (interacts with) CXCL8","0.0","9606.ENSP00000427279","9606.ENSP00000306512","0.062","false","interacts with","CXCL2 (interacts with) CXCL8"
"0.998","0.056","0.999","0.9","0.287","0.0","0.0","interacts with","CXCL2 (interacts with) CXCR2","0.0","9606.ENSP00000427279","9606.ENSP00000319635","0.0","false","interacts with","CXCL2 (interacts with) CXCR2"
"0.679","0.46","0.819","0.0","0.0","0.0","0.0","interacts with","CXCL2 (interacts with) PTGS2","0.0","9606.ENSP00000427279","9606.ENSP00000356438","0.0","false","interacts with","CXCL2 (interacts with) PTGS2"
"0.855","0.639","0.966","0.4","0.0","0.0","0.0","interacts with","CXCL2 (interacts with) IL6","0.0","9606.ENSP00000427279","9606.ENSP00000385675","0.0","false","interacts with","CXCL2 (interacts with) IL6"
"0.599","0.082","0.765","0.4","0.0","0.0","0.886","interacts with","CXCL3 (interacts with) PPBP","0.0","9606.ENSP00000296026","9606.ENSP00000296028","0.061","false","interacts with","CXCL3 (interacts with) PPBP"
"0.642","0.491","0.81","0.0","0.0","0.0","0.0","interacts with","CXCL3 (interacts with) IL6","0.0","9606.ENSP00000296026","9606.ENSP00000385675","0.0","false","interacts with","CXCL3 (interacts with) IL6"
"0.54","0.652","0.895","0.4","0.0","0.0","0.86","interacts with","CXCL3 (interacts with) CXCL8","0.0","9606.ENSP00000296026","9606.ENSP00000306512","0.0","false","interacts with","CXCL3 (interacts with) CXCL8"
"0.744","0.368","0.999","0.4","0.994","0.0","0.899","interacts with","CXCL3 (interacts with) CXCL5","0.0","9606.ENSP00000296026","9606.ENSP00000296027","0.075","false","interacts with","CXCL3 (interacts with) CXCL5"
"0.997","0.06","0.999","0.9","0.287","0.0","0.0","interacts with","CXCL3 (interacts with) CXCR2","0.0","9606.ENSP00000296026","9606.ENSP00000319635","0.0","false","interacts with","CXCL3 (interacts with) CXCR2"
"0.678","0.194","0.729","0.0","0.0","0.0","0.0","interacts with","CXCL5 (interacts with) MMP1","0.0","9606.ENSP00000296027","9606.ENSP00000322788","0.0","false","interacts with","CXCL5 (interacts with) MMP1"
"0.742","0.145","0.83","0.0","0.292","0.0","0.0","interacts with","CXCL5 (interacts with) MMP9","0.0","9606.ENSP00000296027","9606.ENSP00000361405","0.0","false","interacts with","CXCL5 (interacts with) MMP9"
"0.601","0.36","0.833","0.4","0.0","0.0","0.886","interacts with","CXCL5 (interacts with) PPBP","0.0","9606.ENSP00000296027","9606.ENSP00000296028","0.0","false","interacts with","CXCL5 (interacts with) PPBP"
"0.834","0.206","0.862","0.0","0.0","0.0","0.0","interacts with","CXCL5 (interacts with) IL6","0.0","9606.ENSP00000296027","9606.ENSP00000385675","0.0","false","interacts with","CXCL5 (interacts with) IL6"
"0.463","0.855","0.951","0.4","0.0","0.0","0.844","interacts with","CXCL5 (interacts with) CXCL8","0.0","9606.ENSP00000296027","9606.ENSP00000306512","0.068","false","interacts with","CXCL5 (interacts with) CXCL8"
"0.998","0.086","0.999","0.9","0.287","0.0","0.0","interacts with","CXCL5 (interacts with) CXCR2","0.0","9606.ENSP00000296027","9606.ENSP00000319635","0.0","false","interacts with","CXCL5 (interacts with) CXCR2"
"0.726","0.063","0.732","0.0","0.0","0.0","0.0","interacts with","CXCL8 (interacts with) MMP13","0.0","9606.ENSP00000306512","9606.ENSP00000260302","0.0","false","interacts with","CXCL8 (interacts with) MMP13"
"0.962","0.0","0.962","0.0","0.0","0.0","0.0","interacts with","CXCL8 (interacts with) VWF","0.0","9606.ENSP00000306512","9606.ENSP00000261405","0.0","false","interacts with","CXCL8 (interacts with) VWF"
"0.854","0.066","0.857","0.0","0.0","0.0","0.0","interacts with","CXCL8 (interacts with) FGF2","0.0","9606.ENSP00000306512","9606.ENSP00000264498","0.0","false","interacts with","CXCL8 (interacts with) FGF2"
"0.717","0.0","0.717","0.0","0.0","0.0","0.0","interacts with","CXCL8 (interacts with) EGF","0.0","9606.ENSP00000306512","9606.ENSP00000265171","0.0","false","interacts with","CXCL8 (interacts with) EGF"
"0.431","0.0","0.703","0.5","0.0","0.0","0.0","interacts with","CXCL8 (interacts with) SSTR1","0.0","9606.ENSP00000306512","9606.ENSP00000267377","0.0","false","interacts with","CXCL8 (interacts with) SSTR1"
"0.792","0.0","0.792","0.0","0.0","0.0","0.0","interacts with","CXCL8 (interacts with) EGFR","0.0","9606.ENSP00000306512","9606.ENSP00000275493","0.0","false","interacts with","CXCL8 (interacts with) EGFR"
"0.804","0.127","0.821","0.0","0.0","0.0","0.0","interacts with","CXCL8 (interacts with) MMP3","0.0","9606.ENSP00000306512","9606.ENSP00000299855","0.0","false","interacts with","CXCL8 (interacts with) MMP3"
"0.464","0.042","0.721","0.5","0.0","0.0","0.0","interacts with","CXCL8 (interacts with) GPR37","0.0","9606.ENSP00000306512","9606.ENSP00000306449","0.0","false","interacts with","CXCL8 (interacts with) GPR37"
"0.702","0.0","0.702","0.0","0.0","0.0","0.0","interacts with","CXCL8 (interacts with) SFTPD","0.0","9606.ENSP00000306512","9606.ENSP00000361366","0.0","false","interacts with","CXCL8 (interacts with) SFTPD"
"0.731","0.049","0.733","0.0","0.0","0.0","0.0","interacts with","CXCL8 (interacts with) PECAM1","0.0","9606.ENSP00000306512","9606.ENSP00000457421","0.0","false","interacts with","CXCL8 (interacts with) PECAM1"
"0.732","0.124","0.755","0.0","0.0","0.0","0.0","interacts with","CXCL8 (interacts with) SPP1","0.0","9606.ENSP00000306512","9606.ENSP00000378517","0.0","false","interacts with","CXCL8 (interacts with) SPP1"
"0.72","0.186","0.762","0.0","0.0","0.0","0.0","interacts with","CXCL8 (interacts with) MMP1","0.0","9606.ENSP00000306512","9606.ENSP00000322788","0.0","false","interacts with","CXCL8 (interacts with) MMP1"
"0.731","0.157","0.763","0.0","0.0","0.0","0.0","interacts with","CXCL8 (interacts with) S100A8","0.0","9606.ENSP00000306512","9606.ENSP00000357721","0.0","false","interacts with","CXCL8 (interacts with) S100A8"
"0.798","0.048","0.799","0.0","0.0","0.0","0.0","interacts with","CXCL8 (interacts with) IL33","0.0","9606.ENSP00000306512","9606.ENSP00000370842","0.0","false","interacts with","CXCL8 (interacts with) IL33"
"0.795","0.079","0.803","0.0","0.0","0.0","0.0","interacts with","CXCL8 (interacts with) EDN1","0.0","9606.ENSP00000306512","9606.ENSP00000368683","0.0","false","interacts with","CXCL8 (interacts with) EDN1"
"0.698","0.29","0.815","0.0","0.0","0.0","0.0","interacts with","CXCL8 (interacts with) S100A12","0.0","9606.ENSP00000306512","9606.ENSP00000357726","0.207","false","interacts with","CXCL8 (interacts with) S100A12"
"0.845","0.084","0.851","0.0","0.0","0.0","0.0","interacts with","CXCL8 (interacts with) SELE","0.0","9606.ENSP00000306512","9606.ENSP00000331736","0.0","false","interacts with","CXCL8 (interacts with) SELE"
"0.867","0.14","0.88","0.0","0.0","0.0","0.0","interacts with","CXCL8 (interacts with) MMP9","0.0","9606.ENSP00000306512","9606.ENSP00000361405","0.0","false","interacts with","CXCL8 (interacts with) MMP9"
"0.901","0.767","0.975","0.0","0.0","0.0","0.0","interacts with","CXCL8 (interacts with) PTGS2","0.0","9606.ENSP00000306512","9606.ENSP00000356438","0.0","false","interacts with","CXCL8 (interacts with) PTGS2"
"0.976","0.445","0.991","0.4","0.0","0.0","0.0","interacts with","CXCL8 (interacts with) IL6","0.0","9606.ENSP00000306512","9606.ENSP00000385675","0.0","false","interacts with","CXCL8 (interacts with) IL6"
"0.999","0.146","0.999","0.9","0.999","0.0","0.0","interacts with","CXCL8 (interacts with) CXCR2","0.0","9606.ENSP00000306512","9606.ENSP00000319635","0.0","false","interacts with","CXCL8 (interacts with) CXCR2"
"0.991","0.0","0.993","0.0","0.292","0.0","0.0","interacts with","CXCR2 (interacts with) MIF","0.0","9606.ENSP00000319635","9606.ENSP00000215754","0.0","false","interacts with","CXCR2 (interacts with) MIF"
"0.996","0.223","0.999","0.9","0.287","0.0","0.0","interacts with","CXCR2 (interacts with) PPBP","0.0","9606.ENSP00000319635","9606.ENSP00000296028","0.0","false","interacts with","CXCR2 (interacts with) PPBP"
"0.747","0.165","0.78","0.0","0.0","0.0","0.0","interacts with","CXCR2 (interacts with) MMP9","0.0","9606.ENSP00000319635","9606.ENSP00000361405","0.0","false","interacts with","CXCR2 (interacts with) MMP9"
"0.804","0.081","0.812","0.0","0.0","0.0","0.0","interacts with","CXCR2 (interacts with) IL6","0.0","9606.ENSP00000319635","9606.ENSP00000385675","0.0","false","interacts with","CXCR2 (interacts with) IL6"
"0.702","0.628","0.884","0.0","0.0","0.0","0.0","interacts with","CXCR2 (interacts with) FCGR3B","0.0","9606.ENSP00000319635","9606.ENSP00000433642","0.0","false","interacts with","CXCR2 (interacts with) FCGR3B"
"0.783","0.0","0.783","0.0","0.0","0.0","0.0","interacts with","DAPK1 (interacts with) MGMT","0.0","9606.ENSP00000386135","9606.ENSP00000302111","0.0","false","interacts with","DAPK1 (interacts with) MGMT"
"0.811","0.0","0.811","0.0","0.0","0.0","0.0","interacts with","DAPK1 (interacts with) RASSF1","0.0","9606.ENSP00000386135","9606.ENSP00000349547","0.0","false","interacts with","DAPK1 (interacts with) RASSF1"
"0.707","0.052","0.858","0.5","0.099","0.0","0.0","interacts with","DCC (interacts with) SLIT2","0.0","9606.ENSP00000389140","9606.ENSP00000422591","0.0","false","interacts with","DCC (interacts with) SLIT2"
"0.404","0.809","0.881","0.0","0.0","0.0","0.0","interacts with","DEPDC1 (interacts with) DLGAP5","0.0","9606.ENSP00000412292","9606.ENSP00000247191","0.0","false","interacts with","DEPDC1 (interacts with) DLGAP5"
"0.086","0.782","0.798","0.0","0.0","0.0","0.915","interacts with","DEPDC1 (interacts with) DEPDC1B","0.0","9606.ENSP00000412292","9606.ENSP00000265036","0.068","false","interacts with","DEPDC1 (interacts with) DEPDC1B"
"0.256","0.679","0.751","0.0","0.0","0.0","0.0","interacts with","DEPDC1 (interacts with) MELK","0.0","9606.ENSP00000412292","9606.ENSP00000298048","0.0","false","interacts with","DEPDC1 (interacts with) MELK"
"0.573","0.782","0.903","0.0","0.0","0.0","0.0","interacts with","DEPDC1 (interacts with) TPX2","0.0","9606.ENSP00000412292","9606.ENSP00000300403","0.0","false","interacts with","DEPDC1 (interacts with) TPX2"
"0.303","0.789","0.847","0.0","0.0","0.0","0.0","interacts with","DEPDC1 (interacts with) NEK2","0.0","9606.ENSP00000412292","9606.ENSP00000355966","0.0","false","interacts with","DEPDC1 (interacts with) NEK2"
"0.66","0.806","0.931","0.0","0.0","0.0","0.0","interacts with","DEPDC1 (interacts with) TTK","0.0","9606.ENSP00000412292","9606.ENSP00000358813","0.0","false","interacts with","DEPDC1 (interacts with) TTK"
"0.348","0.702","0.797","0.0","0.0","0.0","0.0","interacts with","DEPDC1 (interacts with) KIF4A","0.0","9606.ENSP00000412292","9606.ENSP00000363524","0.0","false","interacts with","DEPDC1 (interacts with) KIF4A"
"0.592","0.781","0.907","0.0","0.049","0.0","0.0","interacts with","DEPDC1 (interacts with) HMMR","0.0","9606.ENSP00000412292","9606.ENSP00000377492","0.0","false","interacts with","DEPDC1 (interacts with) HMMR"
"0.526","0.798","0.9","0.0","0.0","0.0","0.0","interacts with","DEPDC1 (interacts with) KIF20A","0.0","9606.ENSP00000412292","9606.ENSP00000378356","0.0","false","interacts with","DEPDC1 (interacts with) KIF20A"
"0.348","0.608","0.733","0.0","0.0","0.0","0.0","interacts with","DEPDC1 (interacts with) TOP2A","0.0","9606.ENSP00000412292","9606.ENSP00000411532","0.0","false","interacts with","DEPDC1 (interacts with) TOP2A"
"0.33","0.587","0.711","0.0","0.0","0.0","0.0","interacts with","DEPDC1 (interacts with) NUSAP1","0.0","9606.ENSP00000412292","9606.ENSP00000499238","0.0","false","interacts with","DEPDC1 (interacts with) NUSAP1"
"0.27","0.779","0.832","0.0","0.0","0.0","0.0","interacts with","DEPDC1 (interacts with) HJURP","0.0","9606.ENSP00000412292","9606.ENSP00000414109","0.0","false","interacts with","DEPDC1 (interacts with) HJURP"
"0.406","0.803","0.878","0.0","0.0","0.0","0.0","interacts with","DEPDC1B (interacts with) DLGAP5","0.0","9606.ENSP00000265036","9606.ENSP00000247191","0.0","false","interacts with","DEPDC1B (interacts with) DLGAP5"
"0.286","0.466","0.706","0.0","0.292","0.0","0.0","interacts with","DEPDC1B (interacts with) UBE2T","0.0","9606.ENSP00000265036","9606.ENSP00000494957","0.0","false","interacts with","DEPDC1B (interacts with) UBE2T"
"0.165","0.682","0.723","0.0","0.0","0.0","0.0","interacts with","DEPDC1B (interacts with) NEK2","0.0","9606.ENSP00000265036","9606.ENSP00000355966","0.0","false","interacts with","DEPDC1B (interacts with) NEK2"
"0.406","0.669","0.795","0.0","0.0","0.0","0.0","interacts with","DEPDC1B (interacts with) KIF20A","0.0","9606.ENSP00000265036","9606.ENSP00000378356","0.0","false","interacts with","DEPDC1B (interacts with) KIF20A"
"0.171","0.781","0.812","0.0","0.049","0.0","0.0","interacts with","DEPDC1B (interacts with) HMMR","0.0","9606.ENSP00000265036","9606.ENSP00000377492","0.0","false","interacts with","DEPDC1B (interacts with) HMMR"
"0.479","0.08","0.759","0.5","0.114","0.0","0.0","interacts with","DLG3 (interacts with) SHANK3","0.0","9606.ENSP00000363480","9606.ENSP00000489407","0.0","false","interacts with","DLG3 (interacts with) SHANK3"
"0.507","0.068","0.771","0.5","0.123","0.0","0.697","interacts with","DLG3 (interacts with) LIN7A","0.0","9606.ENSP00000363480","9606.ENSP00000447488","0.0","false","interacts with","DLG3 (interacts with) LIN7A"
"0.605","0.057","0.815","0.5","0.125","0.0","0.0","interacts with","DLG3 (interacts with) GRIA1","0.0","9606.ENSP00000363480","9606.ENSP00000428994","0.0","false","interacts with","DLG3 (interacts with) GRIA1"
"0.104","0.054","0.922","0.9","0.197","0.0","0.0","interacts with","DLG3 (interacts with) NEDD4L","0.0","9606.ENSP00000363480","9606.ENSP00000383199","0.0","false","interacts with","DLG3 (interacts with) NEDD4L"
"0.517","0.445","0.72","0.0","0.0","0.0","0.0","interacts with","DLGAP5 (interacts with) GINS2","0.0","9606.ENSP00000247191","9606.ENSP00000253462","0.0","false","interacts with","DLGAP5 (interacts with) GINS2"
"0.308","0.705","0.787","0.0","0.0","0.0","0.0","interacts with","DLGAP5 (interacts with) EXO1","0.0","9606.ENSP00000247191","9606.ENSP00000355506","0.0","false","interacts with","DLGAP5 (interacts with) EXO1"
"0.296","0.726","0.799","0.0","0.0","0.0","0.0","interacts with","DLGAP5 (interacts with) E2F8","0.0","9606.ENSP00000247191","9606.ENSP00000250024","0.0","false","interacts with","DLGAP5 (interacts with) E2F8"
"0.618","0.527","0.811","0.0","0.0","0.0","0.0","interacts with","DLGAP5 (interacts with) TK1","0.0","9606.ENSP00000247191","9606.ENSP00000468425","0.0","false","interacts with","DLGAP5 (interacts with) TK1"
"0.505","0.769","0.881","0.0","0.0","0.0","0.0","interacts with","DLGAP5 (interacts with) PCLAF","0.0","9606.ENSP00000247191","9606.ENSP00000300035","0.0","false","interacts with","DLGAP5 (interacts with) PCLAF"
"0.643","0.787","0.92","0.0","0.0","0.0","0.0","interacts with","DLGAP5 (interacts with) ZWINT","0.0","9606.ENSP00000247191","9606.ENSP00000363055","0.0","false","interacts with","DLGAP5 (interacts with) ZWINT"
"0.678","0.84","0.946","0.0","0.0","0.0","0.0","interacts with","DLGAP5 (interacts with) HJURP","0.0","9606.ENSP00000247191","9606.ENSP00000414109","0.0","false","interacts with","DLGAP5 (interacts with) HJURP"
"0.683","0.848","0.95","0.0","0.0","0.0","0.0","interacts with","DLGAP5 (interacts with) RRM2","0.0","9606.ENSP00000247191","9606.ENSP00000353770","0.0","false","interacts with","DLGAP5 (interacts with) RRM2"
"0.741","0.859","0.962","0.0","0.0","0.0","0.0","interacts with","DLGAP5 (interacts with) KIF4A","0.0","9606.ENSP00000247191","9606.ENSP00000363524","0.0","false","interacts with","DLGAP5 (interacts with) KIF4A"
"0.691","0.886","0.963","0.0","0.0","0.0","0.0","interacts with","DLGAP5 (interacts with) NEK2","0.0","9606.ENSP00000247191","9606.ENSP00000355966","0.0","false","interacts with","DLGAP5 (interacts with) NEK2"
"0.752","0.865","0.965","0.0","0.0","0.0","0.0","interacts with","DLGAP5 (interacts with) NUSAP1","0.0","9606.ENSP00000247191","9606.ENSP00000499238","0.0","false","interacts with","DLGAP5 (interacts with) NUSAP1"
"0.72","0.892","0.968","0.0","0.046","0.0","0.0","interacts with","DLGAP5 (interacts with) UBE2C","0.0","9606.ENSP00000247191","9606.ENSP00000348838","0.0","false","interacts with","DLGAP5 (interacts with) UBE2C"
"0.741","0.889","0.97","0.0","0.0","0.0","0.0","interacts with","DLGAP5 (interacts with) KIF20A","0.0","9606.ENSP00000247191","9606.ENSP00000378356","0.0","false","interacts with","DLGAP5 (interacts with) KIF20A"
"0.582","0.947","0.977","0.0","0.0","0.0","0.0","interacts with","DLGAP5 (interacts with) TTK","0.0","9606.ENSP00000247191","9606.ENSP00000358813","0.0","false","interacts with","DLGAP5 (interacts with) TTK"
"0.831","0.88","0.978","0.0","0.0","0.0","0.0","interacts with","DLGAP5 (interacts with) TPX2","0.0","9606.ENSP00000247191","9606.ENSP00000300403","0.0","false","interacts with","DLGAP5 (interacts with) TPX2"
"0.754","0.916","0.978","0.0","0.0","0.0","0.0","interacts with","DLGAP5 (interacts with) TOP2A","0.0","9606.ENSP00000247191","9606.ENSP00000411532","0.0","false","interacts with","DLGAP5 (interacts with) TOP2A"
"0.813","0.91","0.982","0.0","0.0","0.0","0.0","interacts with","DLGAP5 (interacts with) MELK","0.0","9606.ENSP00000247191","9606.ENSP00000298048","0.0","false","interacts with","DLGAP5 (interacts with) MELK"
"0.594","0.999","0.999","0.0","0.072","0.0","0.0","interacts with","DLGAP5 (interacts with) HMMR","0.0","9606.ENSP00000247191","9606.ENSP00000377492","0.0","false","interacts with","DLGAP5 (interacts with) HMMR"
"0.703","0.067","0.711","0.0","0.0","0.0","0.0","interacts with","DUOX1 (interacts with) XDH","0.0","9606.ENSP00000317997","9606.ENSP00000368727","0.0","false","interacts with","DUOX1 (interacts with) XDH"
"0.539","0.231","0.928","0.75","0.292","0.0","0.573","interacts with","E2F1 (interacts with) E2F8","0.0","9606.ENSP00000345571","9606.ENSP00000250024","0.0","false","interacts with","E2F1 (interacts with) E2F8"
"0.734","0.0","0.734","0.0","0.0","0.0","0.0","interacts with","E2F1 (interacts with) EGFR","0.0","9606.ENSP00000345571","9606.ENSP00000275493","0.0","false","interacts with","E2F1 (interacts with) EGFR"
"0.512","0.21","0.748","0.4","0.0","0.0","0.0","interacts with","E2F1 (interacts with) TYMS","0.0","9606.ENSP00000345571","9606.ENSP00000315644","0.0","false","interacts with","E2F1 (interacts with) TYMS"
"0.505","0.249","0.798","0.5","0.0","0.0","0.0","interacts with","E2F1 (interacts with) RRM2","0.0","9606.ENSP00000345571","9606.ENSP00000353770","0.0","false","interacts with","E2F1 (interacts with) RRM2"
"0.386","0.337","0.836","0.5","0.292","0.0","0.0","interacts with","E2F1 (interacts with) TK1","0.0","9606.ENSP00000345571","9606.ENSP00000468425","0.0","false","interacts with","E2F1 (interacts with) TK1"
"0.779","0.055","0.839","0.0","0.292","0.0","0.0","interacts with","E2F1 (interacts with) PTEN","0.0","9606.ENSP00000345571","9606.ENSP00000361021","0.0","false","interacts with","E2F1 (interacts with) PTEN"
"0.99","0.084","0.995","0.5","0.166","0.0","0.0","interacts with","E2F1 (interacts with) MYC","0.0","9606.ENSP00000345571","9606.ENSP00000478887","0.0","false","interacts with","E2F1 (interacts with) MYC"
"0.498","0.453","0.714","0.0","0.0","0.0","0.0","interacts with","E2F8 (interacts with) TK1","0.0","9606.ENSP00000250024","9606.ENSP00000468425","0.0","false","interacts with","E2F8 (interacts with) TK1"
"0.267","0.636","0.722","0.0","0.0","0.0","0.0","interacts with","E2F8 (interacts with) KIF20A","0.0","9606.ENSP00000250024","9606.ENSP00000378356","0.0","false","interacts with","E2F8 (interacts with) KIF20A"
"0.482","0.528","0.745","0.0","0.0","0.0","0.0","interacts with","E2F8 (interacts with) MELK","0.0","9606.ENSP00000250024","9606.ENSP00000298048","0.0","false","interacts with","E2F8 (interacts with) MELK"
"0.404","0.602","0.753","0.0","0.0","0.0","0.0","interacts with","E2F8 (interacts with) NEK2","0.0","9606.ENSP00000250024","9606.ENSP00000355966","0.0","false","interacts with","E2F8 (interacts with) NEK2"
"0.378","0.639","0.766","0.0","0.0","0.0","0.0","interacts with","E2F8 (interacts with) ZWINT","0.0","9606.ENSP00000250024","9606.ENSP00000363055","0.0","false","interacts with","E2F8 (interacts with) ZWINT"
"0.484","0.575","0.771","0.0","0.0","0.0","0.0","interacts with","E2F8 (interacts with) HJURP","0.0","9606.ENSP00000250024","9606.ENSP00000414109","0.0","false","interacts with","E2F8 (interacts with) HJURP"
"0.395","0.661","0.786","0.0","0.0","0.0","0.0","interacts with","E2F8 (interacts with) TTK","0.0","9606.ENSP00000250024","9606.ENSP00000358813","0.0","false","interacts with","E2F8 (interacts with) TTK"
"0.401","0.688","0.805","0.0","0.0","0.0","0.0","interacts with","E2F8 (interacts with) RRM2","0.0","9606.ENSP00000250024","9606.ENSP00000353770","0.0","false","interacts with","E2F8 (interacts with) RRM2"
"0.323","0.728","0.808","0.0","0.0","0.0","0.0","interacts with","E2F8 (interacts with) TOP2A","0.0","9606.ENSP00000250024","9606.ENSP00000411532","0.0","false","interacts with","E2F8 (interacts with) TOP2A"
"0.895","0.068","0.898","0.0","0.0","0.0","0.0","interacts with","EDN1 (interacts with) VWF","0.0","9606.ENSP00000368683","9606.ENSP00000261405","0.0","false","interacts with","EDN1 (interacts with) VWF"
"0.748","0.094","0.762","0.0","0.0","0.0","0.0","interacts with","EDN1 (interacts with) FGF2","0.0","9606.ENSP00000368683","9606.ENSP00000264498","0.0","false","interacts with","EDN1 (interacts with) FGF2"
"0.795","0.0","0.795","0.0","0.0","0.0","0.0","interacts with","EDN1 (interacts with) EGF","0.0","9606.ENSP00000368683","9606.ENSP00000265171","0.0","false","interacts with","EDN1 (interacts with) EGF"
"0.096","0.0","0.7","0.65","0.128","0.0","0.0","interacts with","EDN1 (interacts with) SSTR1","0.0","9606.ENSP00000368683","9606.ENSP00000267377","0.0","false","interacts with","EDN1 (interacts with) SSTR1"
"0.648","0.044","0.963","0.9","0.0","0.0","0.0","interacts with","EDN1 (interacts with) MMP9","0.0","9606.ENSP00000368683","9606.ENSP00000361405","0.0","false","interacts with","EDN1 (interacts with) MMP9"
"0.999","0.0","0.999","0.9","0.994","0.0","0.0","interacts with","EDN1 (interacts with) EDNRB","0.0","9606.ENSP00000368683","9606.ENSP00000366416","0.0","false","interacts with","EDN1 (interacts with) EDNRB"
"0.742","0.128","0.765","0.0","0.0","0.0","0.0","interacts with","EDN1 (interacts with) IL6","0.0","9606.ENSP00000368683","9606.ENSP00000385675","0.0","false","interacts with","EDN1 (interacts with) IL6"
"0.9","0.0","0.9","0.0","0.0","0.0","0.0","interacts with","EDNRB (interacts with) GDNF","0.0","9606.ENSP00000366416","9606.ENSP00000409007","0.0","false","interacts with","EDNRB (interacts with) GDNF"
"0.851","0.184","0.877","0.0","0.075","0.0","0.0","interacts with","EFEMP1 (interacts with) EGFR","0.0","9606.ENSP00000378058","9606.ENSP00000275493","0.0","false","interacts with","EFEMP1 (interacts with) EGFR"
"0.533","0.123","0.784","0.5","0.069","0.0","0.0","interacts with","EFEMP1 (interacts with) MFAP4","0.0","9606.ENSP00000378058","9606.ENSP00000378957","0.0","false","interacts with","EFEMP1 (interacts with) MFAP4"
"0.223","0.055","0.72","0.65","0.0","0.0","0.0","interacts with","EFNA4 (interacts with) ERBB2","0.0","9606.ENSP00000414378","9606.ENSP00000269571","0.0","false","interacts with","EFNA4 (interacts with) ERBB2"
"0.256","0.0","0.728","0.65","0.0","0.0","0.0","interacts with","EFNA4 (interacts with) EGFR","0.0","9606.ENSP00000414378","9606.ENSP00000275493","0.0","false","interacts with","EFNA4 (interacts with) EGFR"
"0.175","0.124","0.741","0.65","0.098","0.0","0.0","interacts with","EFNA4 (interacts with) MET","0.0","9606.ENSP00000414378","9606.ENSP00000317272","0.0","false","interacts with","EFNA4 (interacts with) MET"
"0.968","0.087","0.985","0.5","0.098","0.0","0.0","interacts with","EFNA4 (interacts with) EPHA10","0.0","9606.ENSP00000414378","9606.ENSP00000362139","0.0","false","interacts with","EFNA4 (interacts with) EPHA10"
"0.831","0.093","0.921","0.5","0.098","0.0","0.0","interacts with","EFNA4 (interacts with) EPHB2","0.0","9606.ENSP00000414378","9606.ENSP00000383053","0.0","false","interacts with","EFNA4 (interacts with) EPHB2"
"0.988","0.0","0.992","0.4","0.0","0.0","0.0","interacts with","EGF (interacts with) HBEGF","0.0","9606.ENSP00000265171","9606.ENSP00000230990","0.0","false","interacts with","EGF (interacts with) HBEGF"
"0.72","0.0","0.854","0.5","0.0","0.0","0.0","interacts with","EGF (interacts with) KRAS","0.0","9606.ENSP00000265171","9606.ENSP00000256078","0.0","false","interacts with","EGF (interacts with) KRAS"
"0.704","0.063","0.711","0.0","0.0","0.0","0.0","interacts with","EGF (interacts with) VWF","0.0","9606.ENSP00000265171","9606.ENSP00000261405","0.0","false","interacts with","EGF (interacts with) VWF"
"0.968","0.0","0.969","0.0","0.053","0.0","0.0","interacts with","EGF (interacts with) FGF2","0.0","9606.ENSP00000265171","9606.ENSP00000264498","0.0","false","interacts with","EGF (interacts with) FGF2"
"0.432","0.042","0.704","0.5","0.0","0.0","0.0","interacts with","EGF (interacts with) SH3GL2","0.0","9606.ENSP00000265171","9606.ENSP00000369981","0.0","false","interacts with","EGF (interacts with) SH3GL2"
"0.22","0.0","0.715","0.65","0.0","0.0","0.0","interacts with","EGF (interacts with) IL7R","0.0","9606.ENSP00000265171","9606.ENSP00000306157","0.0","false","interacts with","EGF (interacts with) IL7R"
"0.715","0.0","0.715","0.0","0.0","0.0","0.0","interacts with","EGF (interacts with) SPP1","0.0","9606.ENSP00000265171","9606.ENSP00000378517","0.0","false","interacts with","EGF (interacts with) SPP1"
"0.725","0.0","0.725","0.0","0.0","0.0","0.0","interacts with","EGF (interacts with) SOX2","0.0","9606.ENSP00000265171","9606.ENSP00000323588","0.0","false","interacts with","EGF (interacts with) SOX2"
"0.495","0.0","0.736","0.5","0.0","0.0","0.0","interacts with","EGF (interacts with) SH3GL3","0.0","9606.ENSP00000265171","9606.ENSP00000320092","0.0","false","interacts with","EGF (interacts with) SH3GL3"
"0.741","0.0","0.741","0.0","0.0","0.0","0.0","interacts with","EGF (interacts with) GDNF","0.0","9606.ENSP00000265171","9606.ENSP00000409007","0.0","false","interacts with","EGF (interacts with) GDNF"
"0.741","0.0","0.741","0.0","0.0","0.0","0.0","interacts with","EGF (interacts with) MMP9","0.0","9606.ENSP00000265171","9606.ENSP00000361405","0.0","false","interacts with","EGF (interacts with) MMP9"
"0.285","0.056","0.743","0.65","0.0","0.0","0.0","interacts with","EGF (interacts with) GHR","0.0","9606.ENSP00000265171","9606.ENSP00000483403","0.0","false","interacts with","EGF (interacts with) GHR"
"0.738","0.065","0.746","0.0","0.045","0.0","0.0","interacts with","EGF (interacts with) PTEN","0.0","9606.ENSP00000265171","9606.ENSP00000361021","0.0","false","interacts with","EGF (interacts with) PTEN"
"0.778","0.0","0.778","0.0","0.0","0.0","0.0","interacts with","EGF (interacts with) MMP1","0.0","9606.ENSP00000265171","9606.ENSP00000322788","0.0","false","interacts with","EGF (interacts with) MMP1"
"0.399","0.0","0.78","0.65","0.0","0.0","0.0","interacts with","EGF (interacts with) FGFR4","0.0","9606.ENSP00000265171","9606.ENSP00000292408","0.0","false","interacts with","EGF (interacts with) FGFR4"
"0.78","0.0","0.78","0.0","0.0","0.0","0.0","interacts with","EGF (interacts with) TAC1","0.0","9606.ENSP00000265171","9606.ENSP00000321106","0.0","false","interacts with","EGF (interacts with) TAC1"
"0.416","0.044","0.788","0.65","0.045","0.0","0.0","interacts with","EGF (interacts with) LIFR","0.0","9606.ENSP00000265171","9606.ENSP00000398368","0.0","false","interacts with","EGF (interacts with) LIFR"
"0.836","0.0","0.836","0.0","0.0","0.0","0.0","interacts with","EGF (interacts with) MYC","0.0","9606.ENSP00000265171","9606.ENSP00000478887","0.0","false","interacts with","EGF (interacts with) MYC"
"0.861","0.0","0.861","0.0","0.0","0.0","0.0","interacts with","EGF (interacts with) RSPO1","0.0","9606.ENSP00000265171","9606.ENSP00000348944","0.0","false","interacts with","EGF (interacts with) RSPO1"
"0.89","0.0","0.89","0.0","0.0","0.0","0.0","interacts with","EGF (interacts with) IL6","0.0","9606.ENSP00000265171","9606.ENSP00000385675","0.0","false","interacts with","EGF (interacts with) IL6"
"0.719","0.042","0.897","0.65","0.0","0.0","0.0","interacts with","EGF (interacts with) TEK","0.0","9606.ENSP00000265171","9606.ENSP00000369375","0.0","false","interacts with","EGF (interacts with) TEK"
"0.851","0.0","0.945","0.65","0.0","0.0","0.0","interacts with","EGF (interacts with) MET","0.0","9606.ENSP00000265171","9606.ENSP00000317272","0.0","false","interacts with","EGF (interacts with) MET"
"0.998","0.128","0.999","0.9","0.314","0.0","0.0","interacts with","EGF (interacts with) ERBB2","0.0","9606.ENSP00000265171","9606.ENSP00000269571","0.0","false","interacts with","EGF (interacts with) ERBB2"
"0.999","0.128","0.999","0.9","0.999","0.0","0.0","interacts with","EGF (interacts with) EGFR","0.0","9606.ENSP00000265171","9606.ENSP00000275493","0.0","false","interacts with","EGF (interacts with) EGFR"
"0.998","0.0","0.999","0.9","0.812","0.0","0.0","interacts with","EGFR (interacts with) HBEGF","0.0","9606.ENSP00000275493","9606.ENSP00000230990","0.0","false","interacts with","EGFR (interacts with) HBEGF"
"0.918","0.053","0.997","0.9","0.662","0.0","0.0","interacts with","EGFR (interacts with) KRAS","0.0","9606.ENSP00000275493","9606.ENSP00000256078","0.0","false","interacts with","EGFR (interacts with) KRAS"
"0.796","0.161","0.821","0.0","0.0","0.0","0.0","interacts with","EGFR (interacts with) EPAS1","0.0","9606.ENSP00000275493","9606.ENSP00000263734","0.0","false","interacts with","EGFR (interacts with) EPAS1"
"0.877","0.099","0.957","0.65","0.0","0.0","0.0","interacts with","EGFR (interacts with) FGF2","0.0","9606.ENSP00000275493","9606.ENSP00000264498","0.0","false","interacts with","EGFR (interacts with) FGF2"
"0.536","0.067","0.835","0.65","0.0","0.0","0.0","interacts with","EGFR (interacts with) EPN3","0.0","9606.ENSP00000275493","9606.ENSP00000268933","0.0","false","interacts with","EGFR (interacts with) EPN3"
"0.983","0.08","0.999","0.9","0.998","0.0","0.939","interacts with","EGFR (interacts with) ERBB2","0.0","9606.ENSP00000275493","9606.ENSP00000269571","0.064","false","interacts with","EGFR (interacts with) ERBB2"
"0.702","0.0","0.702","0.0","0.0","0.0","0.0","interacts with","EGFR (interacts with) SPINK1","0.0","9606.ENSP00000275493","9606.ENSP00000296695","0.0","false","interacts with","EGFR (interacts with) SPINK1"
"0.132","0.0","0.713","0.0","0.683","0.0","0.0","interacts with","EGFR (interacts with) SH2D3C","0.0","9606.ENSP00000275493","9606.ENSP00000317817","0.0","false","interacts with","EGFR (interacts with) SH2D3C"
"0.431","0.055","0.713","0.0","0.51","0.0","0.0","interacts with","EGFR (interacts with) GSTP1","0.0","9606.ENSP00000275493","9606.ENSP00000381607","0.0","false","interacts with","EGFR (interacts with) GSTP1"
"0.197","0.067","0.714","0.65","0.0","0.0","0.0","interacts with","EGFR (interacts with) PLCB4","0.0","9606.ENSP00000275493","9606.ENSP00000367762","0.0","false","interacts with","EGFR (interacts with) PLCB4"
"0.313","0.0","0.728","0.0","0.621","0.0","0.0","interacts with","EGFR (interacts with) SNCA","0.0","9606.ENSP00000275493","9606.ENSP00000500990","0.0","false","interacts with","EGFR (interacts with) SNCA"
"0.479","0.073","0.737","0.5","0.0","0.0","0.0","interacts with","EGFR (interacts with) MMP3","0.0","9606.ENSP00000275493","9606.ENSP00000299855","0.0","false","interacts with","EGFR (interacts with) MMP3"
"0.665","0.0","0.758","0.0","0.307","0.0","0.0","interacts with","EGFR (interacts with) SOX2","0.0","9606.ENSP00000275493","9606.ENSP00000323588","0.0","false","interacts with","EGFR (interacts with) SOX2"
"0.778","0.0","0.778","0.0","0.0","0.0","0.0","interacts with","EGFR (interacts with) FCGR3A","0.0","9606.ENSP00000275493","9606.ENSP00000356946","0.0","false","interacts with","EGFR (interacts with) FCGR3A"
"0.644","0.147","0.779","0.0","0.331","0.0","0.0","interacts with","EGFR (interacts with) LRIG3","0.0","9606.ENSP00000275493","9606.ENSP00000326759","0.0","false","interacts with","EGFR (interacts with) LRIG3"
"0.812","0.0","0.812","0.0","0.0","0.0","0.0","interacts with","EGFR (interacts with) SPP1","0.0","9606.ENSP00000275493","9606.ENSP00000378517","0.0","false","interacts with","EGFR (interacts with) SPP1"
"0.301","0.073","0.818","0.65","0.292","0.0","0.0","interacts with","EGFR (interacts with) NEDD4L","0.0","9606.ENSP00000275493","9606.ENSP00000383199","0.0","false","interacts with","EGFR (interacts with) NEDD4L"
"0.509","0.624","0.819","0.0","0.1","0.0","0.0","interacts with","EGFR (interacts with) S100A10","0.0","9606.ENSP00000275493","9606.ENSP00000357801","0.0","false","interacts with","EGFR (interacts with) S100A10"
"0.821","0.0","0.821","0.0","0.0","0.0","0.0","interacts with","EGFR (interacts with) MGMT","0.0","9606.ENSP00000275493","9606.ENSP00000302111","0.0","false","interacts with","EGFR (interacts with) MGMT"
"0.825","0.055","0.827","0.0","0.0","0.0","0.0","interacts with","EGFR (interacts with) MMP9","0.0","9606.ENSP00000275493","9606.ENSP00000361405","0.0","false","interacts with","EGFR (interacts with) MMP9"
"0.831","0.068","0.836","0.0","0.0","0.0","0.0","interacts with","EGFR (interacts with) PTGS2","0.0","9606.ENSP00000275493","9606.ENSP00000356438","0.0","false","interacts with","EGFR (interacts with) PTGS2"
"0.443","0.0","0.841","0.0","0.726","0.0","0.0","interacts with","EGFR (interacts with) SOCS3","0.0","9606.ENSP00000275493","9606.ENSP00000330341","0.0","false","interacts with","EGFR (interacts with) SOCS3"
"0.84","0.06","0.843","0.0","0.0","0.0","0.0","interacts with","EGFR (interacts with) GPER1","0.0","9606.ENSP00000275493","9606.ENSP00000380281","0.0","false","interacts with","EGFR (interacts with) GPER1"
"0.866","0.044","0.875","0.0","0.103","0.0","0.0","interacts with","EGFR (interacts with) MYC","0.0","9606.ENSP00000275493","9606.ENSP00000478887","0.0","false","interacts with","EGFR (interacts with) MYC"
"0.177","0.0","0.881","0.65","0.621","0.0","0.0","interacts with","EGFR (interacts with) SH3GL3","0.0","9606.ENSP00000275493","9606.ENSP00000320092","0.0","false","interacts with","EGFR (interacts with) SH3GL3"
"0.322","0.097","0.884","0.0","0.826","0.0","0.0","interacts with","EGFR (interacts with) SFN","0.0","9606.ENSP00000275493","9606.ENSP00000340989","0.0","false","interacts with","EGFR (interacts with) SFN"
"0.898","0.08","0.927","0.0","0.292","0.0","0.0","interacts with","EGFR (interacts with) LAPTM4B","0.0","9606.ENSP00000275493","9606.ENSP00000402301","0.0","false","interacts with","EGFR (interacts with) LAPTM4B"
"0.925","0.0","0.969","0.0","0.608","0.0","0.0","interacts with","EGFR (interacts with) PTEN","0.0","9606.ENSP00000275493","9606.ENSP00000361021","0.0","false","interacts with","EGFR (interacts with) PTEN"
"0.604","0.0","0.972","0.65","0.814","0.0","0.0","interacts with","EGFR (interacts with) SH3GL2","0.0","9606.ENSP00000275493","9606.ENSP00000369981","0.0","false","interacts with","EGFR (interacts with) SH3GL2"
"0.943","0.042","0.979","0.65","0.0","0.0","0.0","interacts with","EGFR (interacts with) IL6","0.0","9606.ENSP00000275493","9606.ENSP00000385675","0.0","false","interacts with","EGFR (interacts with) IL6"
"0.978","0.25","0.996","0.0","0.806","0.0","0.582","interacts with","EGFR (interacts with) MET","0.0","9606.ENSP00000275493","9606.ENSP00000317272","0.0","false","interacts with","EGFR (interacts with) MET"
"0.753","0.138","0.778","0.0","0.0","0.0","0.0","interacts with","EGR1 (interacts with) IL6","0.0","9606.ENSP00000239938","9606.ENSP00000385675","0.0","false","interacts with","EGR1 (interacts with) IL6"
"0.705","0.047","0.789","0.0","0.311","0.0","0.0","interacts with","EGR1 (interacts with) PTEN","0.0","9606.ENSP00000239938","9606.ENSP00000361021","0.0","false","interacts with","EGR1 (interacts with) PTEN"
"0.722","0.328","0.808","0.0","0.052","0.0","0.0","interacts with","EGR1 (interacts with) NR4A2","0.0","9606.ENSP00000239938","9606.ENSP00000344479","0.0","false","interacts with","EGR1 (interacts with) NR4A2"
"0.867","0.084","0.873","0.0","0.045","0.0","0.0","interacts with","EGR1 (interacts with) MYC","0.0","9606.ENSP00000239938","9606.ENSP00000478887","0.0","false","interacts with","EGR1 (interacts with) MYC"
"0.721","0.561","0.873","0.0","0.052","0.0","0.0","interacts with","EGR1 (interacts with) NR4A1","0.0","9606.ENSP00000239938","9606.ENSP00000440864","0.0","false","interacts with","EGR1 (interacts with) NR4A1"
"0.448","0.636","0.876","0.4","0.0","0.0","0.882","interacts with","EGR1 (interacts with) EGR3","0.0","9606.ENSP00000239938","9606.ENSP00000318057","0.093","false","interacts with","EGR1 (interacts with) EGR3"
"0.88","0.798","0.987","0.5","0.066","0.0","0.0","interacts with","EGR1 (interacts with) FOSB","0.0","9606.ENSP00000239938","9606.ENSP00000245919","0.0","false","interacts with","EGR1 (interacts with) FOSB"
"0.845","0.469","0.956","0.5","0.066","0.0","0.0","interacts with","EGR3 (interacts with) FOSB","0.0","9606.ENSP00000318057","9606.ENSP00000245919","0.0","false","interacts with","EGR3 (interacts with) FOSB"
"0.496","0.44","0.709","0.0","0.052","0.0","0.0","interacts with","EGR3 (interacts with) NR4A3","0.0","9606.ENSP00000318057","9606.ENSP00000482027","0.0","false","interacts with","EGR3 (interacts with) NR4A3"
"0.752","0.415","0.85","0.0","0.052","0.0","0.0","interacts with","EGR3 (interacts with) NR4A1","0.0","9606.ENSP00000318057","9606.ENSP00000440864","0.0","false","interacts with","EGR3 (interacts with) NR4A1"
"0.677","0.247","0.746","0.0","0.0","0.0","0.0","interacts with","EMCN (interacts with) LYVE1","0.0","9606.ENSP00000296420","9606.ENSP00000256178","0.0","false","interacts with","EMCN (interacts with) LYVE1"
"0.528","0.5","0.754","0.0","0.0","0.0","0.0","interacts with","EMCN (interacts with) TEK","0.0","9606.ENSP00000296420","9606.ENSP00000369375","0.0","false","interacts with","EMCN (interacts with) TEK"
"0.721","0.324","0.803","0.0","0.0","0.0","0.0","interacts with","EMCN (interacts with) PECAM1","0.0","9606.ENSP00000296420","9606.ENSP00000457421","0.0","false","interacts with","EMCN (interacts with) PECAM1"
"0.402","0.08","0.704","0.5","0.054","0.0","0.0","interacts with","EPAS1 (interacts with) KLF4","0.0","9606.ENSP00000263734","9606.ENSP00000363804","0.0","false","interacts with","EPAS1 (interacts with) KLF4"
"0.483","0.051","0.874","0.75","0.095","0.0","0.0","interacts with","EPAS1 (interacts with) SOX2","0.0","9606.ENSP00000263734","9606.ENSP00000323588","0.0","false","interacts with","EPAS1 (interacts with) SOX2"
"0.929","0.074","0.932","0.0","0.052","0.0","0.0","interacts with","EPAS1 (interacts with) MYC","0.0","9606.ENSP00000263734","9606.ENSP00000478887","0.0","false","interacts with","EPAS1 (interacts with) MYC"
"0.241","0.129","0.894","0.8","0.294","0.0","0.0","interacts with","EPB41L3 (interacts with) SPTBN1","0.0","9606.ENSP00000343158","9606.ENSP00000349259","0.0","false","interacts with","EPB41L3 (interacts with) SPTBN1"
"0.911","0.0","0.944","0.4","0.0","0.0","0.0","interacts with","ERBB2 (interacts with) HBEGF","0.0","9606.ENSP00000269571","9606.ENSP00000230990","0.0","false","interacts with","ERBB2 (interacts with) HBEGF"
"0.923","0.053","0.966","0.5","0.199","0.0","0.0","interacts with","ERBB2 (interacts with) KRAS","0.0","9606.ENSP00000269571","9606.ENSP00000256078","0.0","false","interacts with","ERBB2 (interacts with) KRAS"
"0.604","0.055","0.857","0.65","0.0","0.0","0.0","interacts with","ERBB2 (interacts with) FGF2","0.0","9606.ENSP00000269571","9606.ENSP00000264498","0.0","false","interacts with","ERBB2 (interacts with) FGF2"
"0.239","0.107","0.717","0.0","0.617","0.0","0.586","interacts with","ERBB2 (interacts with) NTRK3","0.0","9606.ENSP00000269571","9606.ENSP00000354207","0.0","false","interacts with","ERBB2 (interacts with) NTRK3"
"0.752","0.0","0.752","0.0","0.0","0.0","0.0","interacts with","ERBB2 (interacts with) IL6","0.0","9606.ENSP00000269571","9606.ENSP00000385675","0.0","false","interacts with","ERBB2 (interacts with) IL6"
"0.789","0.0","0.789","0.0","0.0","0.0","0.0","interacts with","ERBB2 (interacts with) FCGR3B","0.0","9606.ENSP00000269571","9606.ENSP00000433642","0.0","false","interacts with","ERBB2 (interacts with) FCGR3B"
"0.76","0.068","0.828","0.0","0.292","0.0","0.0","interacts with","ERBB2 (interacts with) PTGS2","0.0","9606.ENSP00000269571","9606.ENSP00000356438","0.0","false","interacts with","ERBB2 (interacts with) PTGS2"
"0.516","0.084","0.829","0.0","0.645","0.0","0.619","interacts with","ERBB2 (interacts with) FGFR4","0.0","9606.ENSP00000269571","9606.ENSP00000292408","0.0","false","interacts with","ERBB2 (interacts with) FGFR4"
"0.839","0.0","0.839","0.0","0.0","0.0","0.0","interacts with","ERBB2 (interacts with) FCGR3A","0.0","9606.ENSP00000269571","9606.ENSP00000356946","0.0","false","interacts with","ERBB2 (interacts with) FCGR3A"
"0.604","0.072","0.847","0.0","0.617","0.0","0.581","interacts with","ERBB2 (interacts with) MET","0.0","9606.ENSP00000269571","9606.ENSP00000317272","0.0","false","interacts with","ERBB2 (interacts with) MET"
"0.864","0.0","0.868","0.0","0.07","0.0","0.0","interacts with","ERBB2 (interacts with) PTEN","0.0","9606.ENSP00000269571","9606.ENSP00000361021","0.0","false","interacts with","ERBB2 (interacts with) PTEN"
"0.87","0.0","0.886","0.0","0.166","0.0","0.0","interacts with","ERBB2 (interacts with) MYC","0.0","9606.ENSP00000269571","9606.ENSP00000478887","0.0","false","interacts with","ERBB2 (interacts with) MYC"
"0.623","0.148","0.848","0.54","0.092","0.0","0.0","interacts with","ERCC4 (interacts with) MLH1","0.0","9606.ENSP00000310520","9606.ENSP00000231790","0.0","false","interacts with","ERCC4 (interacts with) MLH1"
"0.817","0.108","0.886","0.36","0.0","0.0","0.0","interacts with","ERCC4 (interacts with) XRCC1","0.0","9606.ENSP00000310520","9606.ENSP00000262887","0.0","false","interacts with","ERCC4 (interacts with) XRCC1"
"0.606","0.094","0.83","0.4","0.301","0.0","0.0","interacts with","ERCC4 (interacts with) EXO1","0.0","9606.ENSP00000310520","9606.ENSP00000355506","0.0","false","interacts with","ERCC4 (interacts with) EXO1"
"0.653","0.054","0.832","0.5","0.099","0.0","0.0","interacts with","ERCC4 (interacts with) UBE2T","0.0","9606.ENSP00000310520","9606.ENSP00000494957","0.0","false","interacts with","ERCC4 (interacts with) UBE2T"
"0.972","0.126","0.998","0.9","0.301","0.0","0.0","interacts with","ERCC4 (interacts with) ERCC5","0.0","9606.ENSP00000310520","9606.ENSP00000498881","0.0","false","interacts with","ERCC4 (interacts with) ERCC5"
"0.527","0.123","0.823","0.54","0.183","0.0","0.0","interacts with","ERCC5 (interacts with) MLH1","0.0","9606.ENSP00000498881","9606.ENSP00000231790","0.0","false","interacts with","ERCC5 (interacts with) MLH1"
"0.807","0.116","0.881","0.36","0.0","0.0","0.0","interacts with","ERCC5 (interacts with) XRCC1","0.0","9606.ENSP00000498881","9606.ENSP00000262887","0.0","false","interacts with","ERCC5 (interacts with) XRCC1"
"0.726","0.044","0.726","0.0","0.0","0.0","0.0","interacts with","ERO1A (interacts with) PPP1R15A","0.0","9606.ENSP00000379042","9606.ENSP00000200453","0.0","false","interacts with","ERO1A (interacts with) PPP1R15A"
"0.654","0.364","0.77","0.0","0.0","0.0","0.0","interacts with","ESAM (interacts with) VWF","0.0","9606.ENSP00000278927","9606.ENSP00000261405","0.0","false","interacts with","ESAM (interacts with) VWF"
"0.638","0.278","0.728","0.0","0.0","0.0","0.0","interacts with","ESAM (interacts with) PECAM1","0.0","9606.ENSP00000278927","9606.ENSP00000457421","0.0","false","interacts with","ESAM (interacts with) PECAM1"
"0.734","0.074","0.743","0.0","0.0","0.0","0.0","interacts with","ESAM (interacts with) SELE","0.0","9606.ENSP00000278927","9606.ENSP00000331736","0.0","false","interacts with","ESAM (interacts with) SELE"
"0.719","0.0","0.719","0.0","0.0","0.0","0.0","interacts with","ETV4 (interacts with) GDNF","0.0","9606.ENSP00000321835","9606.ENSP00000409007","0.0","false","interacts with","ETV4 (interacts with) GDNF"
"0.997","0.126","0.999","0.5","0.943","0.0","0.0","interacts with","EXO1 (interacts with) MLH1","0.0","9606.ENSP00000355506","9606.ENSP00000231790","0.0","false","interacts with","EXO1 (interacts with) MLH1"
"0.722","0.11","0.742","0.0","0.0","0.0","0.0","interacts with","EXO1 (interacts with) XRCC1","0.0","9606.ENSP00000355506","9606.ENSP00000262887","0.0","false","interacts with","EXO1 (interacts with) XRCC1"
"0.363","0.849","0.9","0.0","0.0","0.0","0.0","interacts with","EXO1 (interacts with) MELK","0.0","9606.ENSP00000355506","9606.ENSP00000298048","0.0","false","interacts with","EXO1 (interacts with) MELK"
"0.522","0.614","0.807","0.0","0.0","0.0","0.0","interacts with","EXO1 (interacts with) TPX2","0.0","9606.ENSP00000355506","9606.ENSP00000300403","0.0","false","interacts with","EXO1 (interacts with) TPX2"
"0.68","0.0","0.709","0.0","0.07","0.0","0.0","interacts with","EXO1 (interacts with) MGMT","0.1","9606.ENSP00000355506","9606.ENSP00000302111","0.0","false","interacts with","EXO1 (interacts with) MGMT"
"0.601","0.364","0.887","0.5","0.0","0.0","0.0","interacts with","EXO1 (interacts with) RMI2","0.0","9606.ENSP00000355506","9606.ENSP00000310356","0.214","false","interacts with","EXO1 (interacts with) RMI2"
"0.421","0.496","0.701","0.0","0.0","0.0","0.0","interacts with","EXO1 (interacts with) TYMS","0.057","9606.ENSP00000355506","9606.ENSP00000315644","0.0","false","interacts with","EXO1 (interacts with) TYMS"
"0.475","0.6","0.788","0.0","0.071","0.0","0.0","interacts with","EXO1 (interacts with) RRM2","0.0","9606.ENSP00000355506","9606.ENSP00000353770","0.0","false","interacts with","EXO1 (interacts with) RRM2"
"0.511","0.459","0.724","0.0","0.0","0.0","0.0","interacts with","EXO1 (interacts with) ZWINT","0.0","9606.ENSP00000355506","9606.ENSP00000363055","0.0","false","interacts with","EXO1 (interacts with) ZWINT"
"0.408","0.582","0.742","0.0","0.0","0.0","0.0","interacts with","EXO1 (interacts with) NUSAP1","0.0","9606.ENSP00000355506","9606.ENSP00000499238","0.0","false","interacts with","EXO1 (interacts with) NUSAP1"
"0.501","0.513","0.746","0.0","0.0","0.0","0.0","interacts with","EXO1 (interacts with) HJURP","0.0","9606.ENSP00000355506","9606.ENSP00000414109","0.0","false","interacts with","EXO1 (interacts with) HJURP"
"0.515","0.591","0.797","0.0","0.0","0.0","0.0","interacts with","EXO1 (interacts with) TOP2A","0.058","9606.ENSP00000355506","9606.ENSP00000411532","0.0","false","interacts with","EXO1 (interacts with) TOP2A"
"0.604","0.567","0.832","0.0","0.098","0.0","0.0","interacts with","EXO1 (interacts with) RAD54L","0.0","9606.ENSP00000355506","9606.ENSP00000361043","0.0","false","interacts with","EXO1 (interacts with) RAD54L"
"0.402","0.833","0.896","0.0","0.0","0.0","0.0","interacts with","EXO1 (interacts with) TTK","0.0","9606.ENSP00000355506","9606.ENSP00000358813","0.0","false","interacts with","EXO1 (interacts with) TTK"
"0.882","0.465","0.965","0.5","0.0","0.0","0.0","interacts with","FABP4 (interacts with) LPL","0.0","9606.ENSP00000256104","9606.ENSP00000497642","0.0","false","interacts with","FABP4 (interacts with) LPL"
"0.743","0.25","0.799","0.0","0.0","0.0","0.0","interacts with","FCGR3A (interacts with) GZMB","0.0","9606.ENSP00000356946","9606.ENSP00000216341","0.0","false","interacts with","FCGR3A (interacts with) GZMB"
"0.84","0.152","0.858","0.0","0.0","0.0","0.0","interacts with","FCGR3A (interacts with) IL7R","0.0","9606.ENSP00000356946","9606.ENSP00000306157","0.0","false","interacts with","FCGR3A (interacts with) IL7R"
"0.791","0.087","0.801","0.0","0.0","0.0","0.0","interacts with","FCGR3A (interacts with) KLRD1","0.0","9606.ENSP00000356946","9606.ENSP00000338130","0.0","false","interacts with","FCGR3A (interacts with) KLRD1"
"0.666","0.267","0.781","0.0","0.176","0.0","0.0","interacts with","FCGR3A (interacts with) PECAM1","0.0","9606.ENSP00000356946","9606.ENSP00000457421","0.0","false","interacts with","FCGR3A (interacts with) PECAM1"
"0.785","0.088","0.796","0.0","0.0","0.0","0.0","interacts with","FCGR3A (interacts with) IL6","0.0","9606.ENSP00000356946","9606.ENSP00000385675","0.0","false","interacts with","FCGR3A (interacts with) IL6"
"0.514","0.566","0.811","0.0","0.176","0.0","0.0","interacts with","FCGR3A (interacts with) LILRB2","0.0","9606.ENSP00000356946","9606.ENSP00000375629","0.0","false","interacts with","FCGR3A (interacts with) LILRB2"
"0.368","0.774","0.851","0.0","0.0","0.0","0.0","interacts with","FCGR3A (interacts with) MNDA","0.0","9606.ENSP00000356946","9606.ENSP00000357123","0.0","false","interacts with","FCGR3A (interacts with) MNDA"
"0.864","0.235","0.891","0.0","0.0","0.0","0.0","interacts with","FCGR3A (interacts with) PRF1","0.0","9606.ENSP00000356946","9606.ENSP00000398568","0.0","false","interacts with","FCGR3A (interacts with) PRF1"
"0.442","0.421","0.978","0.9","0.421","0.0","0.986","interacts with","FCGR3A (interacts with) FCGR3B","0.0","9606.ENSP00000356946","9606.ENSP00000433642","0.047","false","interacts with","FCGR3A (interacts with) FCGR3B"
"0.736","0.149","0.765","0.0","0.0","0.0","0.0","interacts with","FCGR3B (interacts with) GZMB","0.0","9606.ENSP00000433642","9606.ENSP00000216341","0.0","false","interacts with","FCGR3B (interacts with) GZMB"
"0.841","0.118","0.853","0.0","0.0","0.0","0.0","interacts with","FCGR3B (interacts with) IL7R","0.0","9606.ENSP00000433642","9606.ENSP00000306157","0.0","false","interacts with","FCGR3B (interacts with) IL7R"
"0.781","0.102","0.795","0.0","0.0","0.0","0.0","interacts with","FCGR3B (interacts with) KLRD1","0.0","9606.ENSP00000433642","9606.ENSP00000338130","0.0","false","interacts with","FCGR3B (interacts with) KLRD1"
"0.397","0.531","0.705","0.0","0.0","0.0","0.0","interacts with","FCGR3B (interacts with) MNDA","0.0","9606.ENSP00000433642","9606.ENSP00000357123","0.0","false","interacts with","FCGR3B (interacts with) MNDA"
"0.527","0.442","0.724","0.0","0.0","0.0","0.0","interacts with","FCGR3B (interacts with) S100A12","0.0","9606.ENSP00000433642","9606.ENSP00000357726","0.0","false","interacts with","FCGR3B (interacts with) S100A12"
"0.784","0.096","0.796","0.0","0.0","0.0","0.0","interacts with","FCGR3B (interacts with) IL6","0.0","9606.ENSP00000433642","9606.ENSP00000385675","0.0","false","interacts with","FCGR3B (interacts with) IL6"
"0.858","0.256","0.889","0.0","0.0","0.0","0.0","interacts with","FCGR3B (interacts with) PRF1","0.0","9606.ENSP00000433642","9606.ENSP00000398568","0.0","false","interacts with","FCGR3B (interacts with) PRF1"
"0.668","0.141","0.744","0.0","0.176","0.0","0.0","interacts with","FCGR3B (interacts with) PECAM1","0.0","9606.ENSP00000433642","9606.ENSP00000457421","0.0","false","interacts with","FCGR3B (interacts with) PECAM1"
"0.659","0.054","0.904","0.72","0.0","0.0","0.926","interacts with","FCN1 (interacts with) FCN3","0.0","9606.ENSP00000360871","9606.ENSP00000270879","0.067","false","interacts with","FCN1 (interacts with) FCN3"
"0.937","0.084","0.982","0.0","0.726","0.0","0.0","interacts with","FCN1 (interacts with) PTX3","0.0","9606.ENSP00000360871","9606.ENSP00000295927","0.0","false","interacts with","FCN1 (interacts with) PTX3"
"0.996","0.0","0.999","0.72","0.292","0.0","0.0","interacts with","FCN1 (interacts with) MASP1","0.0","9606.ENSP00000360871","9606.ENSP00000296280","0.0","false","interacts with","FCN1 (interacts with) MASP1"
"0.996","0.056","0.999","0.72","0.812","0.0","0.0","interacts with","FCN3 (interacts with) MASP1","0.0","9606.ENSP00000270879","9606.ENSP00000296280","0.0","false","interacts with","FCN3 (interacts with) MASP1"
"0.829","0.0","0.829","0.0","0.0","0.0","0.0","interacts with","FGF2 (interacts with) HBEGF","0.0","9606.ENSP00000264498","9606.ENSP00000230990","0.0","false","interacts with","FGF2 (interacts with) HBEGF"
"0.648","0.055","0.82","0.5","0.045","0.0","0.0","interacts with","FGF2 (interacts with) KRAS","0.0","9606.ENSP00000264498","9606.ENSP00000256078","0.0","false","interacts with","FGF2 (interacts with) KRAS"
"0.655","0.0","0.701","0.0","0.168","0.0","0.0","interacts with","FGF2 (interacts with) TIE1","0.0","9606.ENSP00000264498","9606.ENSP00000361554","0.0","false","interacts with","FGF2 (interacts with) TIE1"
"0.601","0.042","0.706","0.0","0.292","0.0","0.0","interacts with","FGF2 (interacts with) GPC3","0.0","9606.ENSP00000264498","9606.ENSP00000377836","0.0","false","interacts with","FGF2 (interacts with) GPC3"
"0.708","0.042","0.708","0.0","0.0","0.0","0.0","interacts with","FGF2 (interacts with) MYC","0.0","9606.ENSP00000264498","9606.ENSP00000478887","0.0","false","interacts with","FGF2 (interacts with) MYC"
"0.578","0.043","0.737","0.4","0.0","0.0","0.0","interacts with","FGF2 (interacts with) MMP1","0.0","9606.ENSP00000264498","9606.ENSP00000322788","0.0","false","interacts with","FGF2 (interacts with) MMP1"
"0.58","0.062","0.743","0.4","0.0","0.0","0.0","interacts with","FGF2 (interacts with) MMP3","0.0","9606.ENSP00000264498","9606.ENSP00000299855","0.0","false","interacts with","FGF2 (interacts with) MMP3"
"0.742","0.042","0.743","0.0","0.045","0.0","0.0","interacts with","FGF2 (interacts with) KLF4","0.0","9606.ENSP00000264498","9606.ENSP00000363804","0.0","false","interacts with","FGF2 (interacts with) KLF4"
"0.775","0.104","0.79","0.0","0.0","0.0","0.0","interacts with","FGF2 (interacts with) PTGS2","0.0","9606.ENSP00000264498","9606.ENSP00000356438","0.0","false","interacts with","FGF2 (interacts with) PTGS2"
"0.791","0.087","0.801","0.0","0.0","0.0","0.0","interacts with","FGF2 (interacts with) PECAM1","0.0","9606.ENSP00000264498","9606.ENSP00000457421","0.0","false","interacts with","FGF2 (interacts with) PECAM1"
"0.863","0.049","0.864","0.0","0.0","0.0","0.0","interacts with","FGF2 (interacts with) GDNF","0.0","9606.ENSP00000264498","9606.ENSP00000409007","0.0","false","interacts with","FGF2 (interacts with) GDNF"
"0.788","0.151","0.882","0.4","0.0","0.0","0.0","interacts with","FGF2 (interacts with) IL6","0.0","9606.ENSP00000264498","9606.ENSP00000385675","0.0","false","interacts with","FGF2 (interacts with) IL6"
"0.725","0.092","0.905","0.65","0.0","0.0","0.0","interacts with","FGF2 (interacts with) MET","0.0","9606.ENSP00000264498","9606.ENSP00000317272","0.0","false","interacts with","FGF2 (interacts with) MET"
"0.87","0.049","0.919","0.4","0.0","0.0","0.0","interacts with","FGF2 (interacts with) MMP9","0.0","9606.ENSP00000264498","9606.ENSP00000361405","0.0","false","interacts with","FGF2 (interacts with) MMP9"
"0.868","0.067","0.933","0.5","0.0","0.0","0.0","interacts with","FGF2 (interacts with) SOX2","0.0","9606.ENSP00000264498","9606.ENSP00000323588","0.0","false","interacts with","FGF2 (interacts with) SOX2"
"0.805","0.08","0.941","0.65","0.168","0.0","0.0","interacts with","FGF2 (interacts with) TEK","0.0","9606.ENSP00000264498","9606.ENSP00000369375","0.0","false","interacts with","FGF2 (interacts with) TEK"
"0.92","0.084","0.982","0.0","0.777","0.0","0.0","interacts with","FGF2 (interacts with) PTX3","0.0","9606.ENSP00000264498","9606.ENSP00000295927","0.0","false","interacts with","FGF2 (interacts with) PTX3"
"0.992","0.058","0.999","0.9","0.541","0.0","0.0","interacts with","FGF2 (interacts with) FGFR4","0.0","9606.ENSP00000264498","9606.ENSP00000292408","0.0","false","interacts with","FGF2 (interacts with) FGFR4"
"0.583","0.473","0.77","0.0","0.0","0.0","0.0","interacts with","FGFBP2 (interacts with) NKG7","0.0","9606.ENSP00000259989","9606.ENSP00000221978","0.0","false","interacts with","FGFBP2 (interacts with) NKG7"
"0.591","0.65","0.85","0.0","0.0","0.0","0.0","interacts with","FGFBP2 (interacts with) GNLY","0.0","9606.ENSP00000259989","9606.ENSP00000436423","0.0","false","interacts with","FGFBP2 (interacts with) GNLY"
"0.47","0.0","0.948","0.9","0.099","0.0","0.0","interacts with","FGFR4 (interacts with) KRAS","0.0","9606.ENSP00000292408","9606.ENSP00000256078","0.0","false","interacts with","FGFR4 (interacts with) KRAS"
"0.999","0.064","0.999","0.8","0.345","0.0","0.0","interacts with","FGFR4 (interacts with) KLB","0.0","9606.ENSP00000292408","9606.ENSP00000257408","0.0","false","interacts with","FGFR4 (interacts with) KLB"
"0.986","0.062","0.992","0.4","0.154","0.0","0.0","interacts with","FGFR4 (interacts with) KL","0.0","9606.ENSP00000292408","9606.ENSP00000369442","0.0","false","interacts with","FGFR4 (interacts with) KL"
"0.72","0.0","0.72","0.0","0.0","0.0","0.0","interacts with","FHIT (interacts with) RASSF1","0.0","9606.ENSP00000418582","9606.ENSP00000349547","0.0","false","interacts with","FHIT (interacts with) RASSF1"
"0.418","0.089","0.712","0.5","0.0","0.0","0.0","interacts with","FOSB (interacts with) MYC","0.0","9606.ENSP00000245919","9606.ENSP00000478887","0.0","false","interacts with","FOSB (interacts with) MYC"
"0.513","0.464","0.736","0.0","0.068","0.0","0.0","interacts with","FOSB (interacts with) NR4A3","0.0","9606.ENSP00000245919","9606.ENSP00000482027","0.0","false","interacts with","FOSB (interacts with) NR4A3"
"0.692","0.689","0.903","0.0","0.068","0.0","0.0","interacts with","FOSB (interacts with) NR4A2","0.0","9606.ENSP00000245919","9606.ENSP00000344479","0.0","false","interacts with","FOSB (interacts with) NR4A2"
"0.75","0.632","0.907","0.0","0.068","0.0","0.0","interacts with","FOSB (interacts with) NR4A1","0.0","9606.ENSP00000245919","9606.ENSP00000440864","0.0","false","interacts with","FOSB (interacts with) NR4A1"
"0.939","0.057","0.94","0.0","0.0","0.0","0.0","interacts with","FOXE1 (interacts with) PAX8","0.0","9606.ENSP00000364265","9606.ENSP00000263334","0.0","false","interacts with","FOXE1 (interacts with) PAX8"
"0.405","0.08","0.94","0.9","0.0","0.0","0.0","interacts with","FRAS1 (interacts with) ITGA8","0.0","9606.ENSP00000422834","9606.ENSP00000367316","0.0","false","interacts with","FRAS1 (interacts with) ITGA8"
"0.349","0.079","0.869","0.8","0.0","0.0","0.0","interacts with","FRAS1 (interacts with) NPNT","0.0","9606.ENSP00000422834","9606.ENSP00000389252","0.0","false","interacts with","FRAS1 (interacts with) NPNT"
"0.746","0.078","0.756","0.0","0.0","0.0","0.0","interacts with","FXYD1 (interacts with) TAC1","0.0","9606.ENSP00000481244","9606.ENSP00000321106","0.0","false","interacts with","FXYD1 (interacts with) TAC1"
"0.58","0.048","0.96","0.9","0.126","0.0","0.0","interacts with","GDF15 (interacts with) TGFBR2","0.0","9606.ENSP00000252809","9606.ENSP00000351905","0.0","false","interacts with","GDF15 (interacts with) TGFBR2"
"0.557","0.044","0.72","0.0","0.0","0.0","0.0","interacts with","GDNF (interacts with) HBEGF","0.0","9606.ENSP00000409007","9606.ENSP00000230990","0.394","false","interacts with","GDNF (interacts with) HBEGF"
"0.99","0.0","0.997","0.4","0.645","0.0","0.0","interacts with","GDNF (interacts with) GFRA3","0.0","9606.ENSP00000409007","9606.ENSP00000274721","0.0","false","interacts with","GDNF (interacts with) GFRA3"
"0.719","0.0","0.719","0.0","0.0","0.0","0.0","interacts with","GDNF (interacts with) SOX2","0.0","9606.ENSP00000409007","9606.ENSP00000323588","0.0","false","interacts with","GDNF (interacts with) SOX2"
"0.972","0.042","0.972","0.0","0.0","0.0","0.0","interacts with","GDNF (interacts with) NTRK3","0.0","9606.ENSP00000409007","9606.ENSP00000354207","0.0","false","interacts with","GDNF (interacts with) NTRK3"
"0.609","0.0","0.85","0.5","0.294","0.0","0.0","interacts with","GHR (interacts with) SOCS3","0.0","9606.ENSP00000483403","9606.ENSP00000330341","0.0","false","interacts with","GHR (interacts with) SOCS3"
"0.314","0.0","0.749","0.65","0.0","0.0","0.0","interacts with","GHR (interacts with) IL6","0.0","9606.ENSP00000483403","9606.ENSP00000385675","0.0","false","interacts with","GHR (interacts with) IL6"
"0.952","0.056","0.993","0.5","0.736","0.0","0.0","interacts with","GHR (interacts with) SOCS2","0.0","9606.ENSP00000483403","9606.ENSP00000481249","0.0","false","interacts with","GHR (interacts with) SOCS2"
"0.998","0.701","0.999","0.8","0.999","0.0","0.0","interacts with","GINS1 (interacts with) GINS2","0.0","9606.ENSP00000262460","9606.ENSP00000253462","0.0","false","interacts with","GINS1 (interacts with) GINS2"
"0.534","0.384","0.701","0.0","0.0","0.0","0.0","interacts with","GINS1 (interacts with) UBE2C","0.0","9606.ENSP00000262460","9606.ENSP00000348838","0.0","false","interacts with","GINS1 (interacts with) UBE2C"
"0.551","0.614","0.819","0.0","0.0","0.0","0.0","interacts with","GINS1 (interacts with) RRM2","0.0","9606.ENSP00000262460","9606.ENSP00000353770","0.0","false","interacts with","GINS1 (interacts with) RRM2"
"0.376","0.768","0.849","0.0","0.0","0.0","0.0","interacts with","GINS1 (interacts with) ZWINT","0.0","9606.ENSP00000262460","9606.ENSP00000363055","0.0","false","interacts with","GINS1 (interacts with) ZWINT"
"0.306","0.6","0.711","0.0","0.0","0.0","0.0","interacts with","GINS2 (interacts with) TOP2A","0.0","9606.ENSP00000253462","9606.ENSP00000411532","0.0","false","interacts with","GINS2 (interacts with) TOP2A"
"0.376","0.605","0.743","0.0","0.0","0.0","0.0","interacts with","GINS2 (interacts with) TYMS","0.0","9606.ENSP00000253462","9606.ENSP00000315644","0.0","false","interacts with","GINS2 (interacts with) TYMS"
"0.188","0.0","0.703","0.65","0.0","0.0","0.0","interacts with","GNG11 (interacts with) PLCB4","0.0","9606.ENSP00000248564","9606.ENSP00000367762","0.0","false","interacts with","GNG11 (interacts with) PLCB4"
"0.446","0.0","0.711","0.5","0.0","0.0","0.0","interacts with","GNG11 (interacts with) NMU","0.0","9606.ENSP00000248564","9606.ENSP00000264218","0.0","false","interacts with","GNG11 (interacts with) NMU"
"0.977","0.799","0.995","0.0","0.0","0.0","0.0","interacts with","GNLY (interacts with) GZMB","0.0","9606.ENSP00000436423","9606.ENSP00000216341","0.0","false","interacts with","GNLY (interacts with) GZMB"
"0.783","0.787","0.951","0.0","0.0","0.0","0.0","interacts with","GNLY (interacts with) NKG7","0.0","9606.ENSP00000436423","9606.ENSP00000221978","0.0","false","interacts with","GNLY (interacts with) NKG7"
"0.581","0.78","0.904","0.0","0.0","0.0","0.0","interacts with","GNLY (interacts with) KLRD1","0.0","9606.ENSP00000436423","9606.ENSP00000338130","0.0","false","interacts with","GNLY (interacts with) KLRD1"
"0.683","0.152","0.719","0.0","0.0","0.0","0.0","interacts with","GNLY (interacts with) STX11","0.0","9606.ENSP00000436423","9606.ENSP00000356540","0.0","false","interacts with","GNLY (interacts with) STX11"
"0.62","0.251","0.703","0.0","0.0","0.0","0.0","interacts with","GNLY (interacts with) LILRB2","0.0","9606.ENSP00000436423","9606.ENSP00000375629","0.0","false","interacts with","GNLY (interacts with) LILRB2"
"0.998","0.869","0.999","0.0","0.0","0.0","0.0","interacts with","GNLY (interacts with) PRF1","0.0","9606.ENSP00000436423","9606.ENSP00000398568","0.0","false","interacts with","GNLY (interacts with) PRF1"
"0.484","0.525","0.744","0.0","0.0","0.0","0.0","interacts with","GNLY (interacts with) KLRF1","0.0","9606.ENSP00000436423","9606.ENSP00000483713","0.0","false","interacts with","GNLY (interacts with) KLRF1"
"0.736","0.0","0.736","0.0","0.0","0.0","0.0","interacts with","GOLM1 (interacts with) GPC3","0.0","9606.ENSP00000373364","9606.ENSP00000377836","0.0","false","interacts with","GOLM1 (interacts with) GPC3"
"0.705","0.12","0.729","0.0","0.0","0.0","0.0","interacts with","GPC3 (interacts with) SALL4","0.0","9606.ENSP00000377836","9606.ENSP00000217086","0.0","false","interacts with","GPC3 (interacts with) SALL4"
"0.568","0.122","0.752","0.4","0.0","0.0","0.0","interacts with","GPC3 (interacts with) HS6ST2","0.0","9606.ENSP00000377836","9606.ENSP00000429473","0.0","false","interacts with","GPC3 (interacts with) HS6ST2"
"0.271","0.056","0.85","0.8","0.0","0.0","0.0","interacts with","GPD1 (interacts with) PLPP2","0.042","9606.ENSP00000301149","9606.ENSP00000329697","0.0","false","interacts with","GPD1 (interacts with) PLPP2"
"0.435","0.047","0.707","0.5","0.0","0.0","0.0","interacts with","GPER1 (interacts with) NMU","0.0","9606.ENSP00000380281","9606.ENSP00000264218","0.0","false","interacts with","GPER1 (interacts with) NMU"
"0.998","0.122","0.999","0.7","0.966","0.0","0.0","interacts with","GPIHBP1 (interacts with) LPL","0.0","9606.ENSP00000480053","9606.ENSP00000497642","0.0","false","interacts with","GPIHBP1 (interacts with) LPL"
"0.4","0.084","0.701","0.5","0.0","0.0","0.581","interacts with","GPR37 (interacts with) SSTR1","0.0","9606.ENSP00000306449","9606.ENSP00000267377","0.0","false","interacts with","GPR37 (interacts with) SSTR1"
"0.781","0.126","0.8","0.0","0.0","0.0","0.0","interacts with","GPR37 (interacts with) SNCA","0.0","9606.ENSP00000306449","9606.ENSP00000500990","0.0","false","interacts with","GPR37 (interacts with) SNCA"
"0.821","0.126","0.887","0.301","0.088","0.0","0.0","interacts with","GPX3 (interacts with) SOD1","0.0","9606.ENSP00000373477","9606.ENSP00000270142","0.0","false","interacts with","GPX3 (interacts with) SOD1"
"0.732","0.044","0.733","0.0","0.0","0.0","0.0","interacts with","GPX3 (interacts with) NQO1","0.0","9606.ENSP00000373477","9606.ENSP00000319788","0.0","false","interacts with","GPX3 (interacts with) NQO1"
"0.419","0.111","0.803","0.65","0.0","0.0","0.0","interacts with","GPX3 (interacts with) GSTM3","0.0","9606.ENSP00000373477","9606.ENSP00000354357","0.0","false","interacts with","GPX3 (interacts with) GSTM3"
"0.88","0.044","0.881","0.0","0.0","0.0","0.0","interacts with","GPX3 (interacts with) XDH","0.0","9606.ENSP00000373477","9606.ENSP00000368727","0.0","false","interacts with","GPX3 (interacts with) XDH"
"0.732","0.044","0.733","0.0","0.0","0.0","0.0","interacts with","GPX3 (interacts with) IL6","0.0","9606.ENSP00000373477","9606.ENSP00000385675","0.0","false","interacts with","GPX3 (interacts with) IL6"
"0.398","0.075","0.788","0.65","0.0","0.0","0.0","interacts with","GPX3 (interacts with) MGST1","0.0","9606.ENSP00000373477","9606.ENSP00000379512","0.0","false","interacts with","GPX3 (interacts with) MGST1"
"0.545","0.078","0.84","0.65","0.0","0.0","0.0","interacts with","GPX3 (interacts with) GSTP1","0.0","9606.ENSP00000373477","9606.ENSP00000381607","0.0","false","interacts with","GPX3 (interacts with) GSTP1"
"0.738","0.127","0.761","0.0","0.0","0.0","0.0","interacts with","GREM1 (interacts with) SCG5","0.0","9606.ENSP00000498748","9606.ENSP00000300175","0.0","false","interacts with","GREM1 (interacts with) SCG5"
"0.727","0.134","0.754","0.0","0.0","0.0","0.0","interacts with","GRIA1 (interacts with) SYN2","0.0","9606.ENSP00000428994","9606.ENSP00000480050","0.0","false","interacts with","GRIA1 (interacts with) SYN2"
"0.272","0.059","0.758","0.65","0.112","0.0","0.821","interacts with","GSTM3 (interacts with) GSTP1","0.0","9606.ENSP00000354357","9606.ENSP00000381607","0.0","false","interacts with","GSTM3 (interacts with) GSTP1"
"0.475","0.059","0.812","0.65","0.0","0.0","0.0","interacts with","GSTM3 (interacts with) MGST1","0.0","9606.ENSP00000354357","9606.ENSP00000379512","0.0","false","interacts with","GSTM3 (interacts with) MGST1"
"0.853","0.058","0.927","0.5","0.074","0.0","0.0","interacts with","GSTM3 (interacts with) GSTZ1","0.0","9606.ENSP00000354357","9606.ENSP00000451976","0.0","false","interacts with","GSTM3 (interacts with) GSTZ1"
"0.652","0.107","0.718","0.0","0.164","0.0","0.0","interacts with","GSTP1 (interacts with) SOD1","0.0","9606.ENSP00000381607","9606.ENSP00000270142","0.0","false","interacts with","GSTP1 (interacts with) SOD1"
"0.719","0.063","0.725","0.0","0.0","0.0","0.0","interacts with","GSTP1 (interacts with) MGMT","0.0","9606.ENSP00000381607","9606.ENSP00000302111","0.0","false","interacts with","GSTP1 (interacts with) MGMT"
"0.714","0.087","0.728","0.0","0.0","0.0","0.0","interacts with","GSTP1 (interacts with) NQO1","0.0","9606.ENSP00000381607","9606.ENSP00000319788","0.0","false","interacts with","GSTP1 (interacts with) NQO1"
"0.811","0.0","0.811","0.0","0.0","0.0","0.0","interacts with","GSTP1 (interacts with) RASSF1","0.0","9606.ENSP00000381607","9606.ENSP00000349547","0.0","false","interacts with","GSTP1 (interacts with) RASSF1"
"0.725","0.0","0.725","0.0","0.0","0.0","0.0","interacts with","GSTP1 (interacts with) MTHFR","0.0","9606.ENSP00000381607","9606.ENSP00000365770","0.0","false","interacts with","GSTP1 (interacts with) MTHFR"
"0.53","0.049","0.83","0.65","0.0","0.0","0.0","interacts with","GSTP1 (interacts with) MGST1","0.0","9606.ENSP00000381607","9606.ENSP00000379512","0.0","false","interacts with","GSTP1 (interacts with) MGST1"
"0.889","0.059","0.945","0.5","0.074","0.0","0.0","interacts with","GSTP1 (interacts with) GSTZ1","0.0","9606.ENSP00000381607","9606.ENSP00000451976","0.0","false","interacts with","GSTP1 (interacts with) GSTZ1"
"0.725","0.198","0.996","0.979","0.0","0.0","0.0","interacts with","GSTZ1 (interacts with) HGD","0.099","9606.ENSP00000451976","9606.ENSP00000283871","0.277","false","interacts with","GSTZ1 (interacts with) HGD"
"0.295","0.073","0.804","0.697","0.126","0.0","0.0","interacts with","GUCY1A2 (interacts with) PDE5A","0.0","9606.ENSP00000282249","9606.ENSP00000347046","0.0","false","interacts with","GUCY1A2 (interacts with) PDE5A"
"0.151","0.049","0.912","0.9","0.0","0.0","0.0","interacts with","GUCY1A2 (interacts with) NOS1","0.0","9606.ENSP00000282249","9606.ENSP00000477999","0.0","false","interacts with","GUCY1A2 (interacts with) NOS1"
"0.72","0.221","0.772","0.0","0.0","0.0","0.0","interacts with","GZMB (interacts with) IL7R","0.0","9606.ENSP00000216341","9606.ENSP00000306157","0.0","false","interacts with","GZMB (interacts with) IL7R"
"0.758","0.138","0.783","0.0","0.045","0.0","0.0","interacts with","GZMB (interacts with) KLF2","0.0","9606.ENSP00000216341","9606.ENSP00000248071","0.0","false","interacts with","GZMB (interacts with) KLF2"
"0.703","0.556","0.863","0.0","0.046","0.0","0.0","interacts with","GZMB (interacts with) KLRD1","0.0","9606.ENSP00000216341","9606.ENSP00000338130","0.0","false","interacts with","GZMB (interacts with) KLRD1"
"0.632","0.785","0.917","0.0","0.0","0.0","0.0","interacts with","GZMB (interacts with) NKG7","0.0","9606.ENSP00000216341","9606.ENSP00000221978","0.0","false","interacts with","GZMB (interacts with) NKG7"
"0.999","0.81","0.999","0.0","0.299","0.0","0.0","interacts with","GZMB (interacts with) PRF1","0.0","9606.ENSP00000216341","9606.ENSP00000398568","0.0","false","interacts with","GZMB (interacts with) PRF1"
"0.091","0.045","0.811","0.0","0.8","0.0","0.0","interacts with","H2AC8 (interacts with) SOX2","0.0","9606.ENSP00000303373","9606.ENSP00000323588","0.0","false","interacts with","H2AC8 (interacts with) SOX2"
"0.738","0.298","0.809","0.0","0.045","0.0","0.0","interacts with","HABP2 (interacts with) SERPIND1","0.0","9606.ENSP00000277903","9606.ENSP00000215727","0.0","false","interacts with","HABP2 (interacts with) SERPIND1"
"0.885","0.075","0.889","0.0","0.0","0.0","0.0","interacts with","HBB (interacts with) KLF1","0.0","9606.ENSP00000494175","9606.ENSP00000264834","0.0","false","interacts with","HBB (interacts with) KLF1"
"0.528","0.0","0.758","0.0","0.51","0.0","0.0","interacts with","HBEGF (interacts with) ZBTB16","0.0","9606.ENSP00000230990","9606.ENSP00000338157","0.0","false","interacts with","HBEGF (interacts with) ZBTB16"
"0.766","0.042","0.766","0.0","0.0","0.0","0.0","interacts with","HBEGF (interacts with) ST6GALNAC5","0.0","9606.ENSP00000230990","9606.ENSP00000417583","0.0","false","interacts with","HBEGF (interacts with) ST6GALNAC5"
"0.474","0.087","0.768","0.4","0.292","0.0","0.0","interacts with","HBEGF (interacts with) MMP7","0.0","9606.ENSP00000230990","9606.ENSP00000260227","0.0","false","interacts with","HBEGF (interacts with) MMP7"
"0.785","0.246","0.83","0.0","0.0","0.0","0.0","interacts with","HBEGF (interacts with) PTGS2","0.0","9606.ENSP00000230990","9606.ENSP00000356438","0.0","false","interacts with","HBEGF (interacts with) PTGS2"
"0.401","0.0","0.843","0.75","0.0","0.0","0.0","interacts with","HBEGF (interacts with) MMP3","0.0","9606.ENSP00000230990","9606.ENSP00000299855","0.0","false","interacts with","HBEGF (interacts with) MMP3"
"0.512","0.067","0.95","0.9","0.0","0.0","0.0","interacts with","HBEGF (interacts with) MMP9","0.0","9606.ENSP00000230990","9606.ENSP00000361405","0.0","false","interacts with","HBEGF (interacts with) MMP9"
"0.639","0.798","0.924","0.0","0.0","0.0","0.0","interacts with","HJURP (interacts with) MELK","0.0","9606.ENSP00000414109","9606.ENSP00000298048","0.0","false","interacts with","HJURP (interacts with) MELK"
"0.381","0.633","0.763","0.0","0.0","0.0","0.0","interacts with","HJURP (interacts with) PCLAF","0.0","9606.ENSP00000414109","9606.ENSP00000300035","0.0","false","interacts with","HJURP (interacts with) PCLAF"
"0.447","0.813","0.892","0.0","0.0","0.0","0.0","interacts with","HJURP (interacts with) TPX2","0.0","9606.ENSP00000414109","9606.ENSP00000300403","0.0","false","interacts with","HJURP (interacts with) TPX2"
"0.626","0.806","0.924","0.0","0.0","0.0","0.0","interacts with","HJURP (interacts with) UBE2C","0.0","9606.ENSP00000414109","9606.ENSP00000348838","0.0","false","interacts with","HJURP (interacts with) UBE2C"
"0.564","0.706","0.866","0.0","0.0","0.0","0.0","interacts with","HJURP (interacts with) RRM2","0.0","9606.ENSP00000414109","9606.ENSP00000353770","0.0","false","interacts with","HJURP (interacts with) RRM2"
"0.301","0.742","0.812","0.0","0.0","0.0","0.0","interacts with","HJURP (interacts with) NEK2","0.0","9606.ENSP00000414109","9606.ENSP00000355966","0.0","false","interacts with","HJURP (interacts with) NEK2"
"0.66","0.801","0.929","0.0","0.0","0.0","0.0","interacts with","HJURP (interacts with) TTK","0.0","9606.ENSP00000414109","9606.ENSP00000358813","0.0","false","interacts with","HJURP (interacts with) TTK"
"0.586","0.474","0.773","0.0","0.0","0.0","0.0","interacts with","HJURP (interacts with) ZWINT","0.0","9606.ENSP00000414109","9606.ENSP00000363055","0.0","false","interacts with","HJURP (interacts with) ZWINT"
"0.605","0.802","0.918","0.0","0.0","0.0","0.0","interacts with","HJURP (interacts with) KIF4A","0.0","9606.ENSP00000414109","9606.ENSP00000363524","0.0","false","interacts with","HJURP (interacts with) KIF4A"
"0.471","0.78","0.878","0.0","0.0","0.0","0.0","interacts with","HJURP (interacts with) HMMR","0.0","9606.ENSP00000414109","9606.ENSP00000377492","0.0","false","interacts with","HJURP (interacts with) HMMR"
"0.561","0.858","0.935","0.0","0.0","0.0","0.0","interacts with","HJURP (interacts with) KIF20A","0.0","9606.ENSP00000414109","9606.ENSP00000378356","0.0","false","interacts with","HJURP (interacts with) KIF20A"
"0.417","0.854","0.911","0.0","0.0","0.0","0.0","interacts with","HJURP (interacts with) TOP2A","0.0","9606.ENSP00000414109","9606.ENSP00000411532","0.0","false","interacts with","HJURP (interacts with) TOP2A"
"0.557","0.402","0.723","0.0","0.0","0.0","0.0","interacts with","HJURP (interacts with) TK1","0.0","9606.ENSP00000414109","9606.ENSP00000468425","0.0","false","interacts with","HJURP (interacts with) TK1"
"0.642","0.801","0.926","0.0","0.0","0.0","0.0","interacts with","HJURP (interacts with) NUSAP1","0.0","9606.ENSP00000414109","9606.ENSP00000499238","0.0","false","interacts with","HJURP (interacts with) NUSAP1"
"0.703","0.0","0.853","0.5","0.091","0.0","0.0","interacts with","HMMR (interacts with) LYVE1","0.0","9606.ENSP00000377492","9606.ENSP00000256178","0.0","false","interacts with","HMMR (interacts with) LYVE1"
"0.421","0.804","0.884","0.0","0.065","0.0","0.0","interacts with","HMMR (interacts with) MELK","0.0","9606.ENSP00000377492","9606.ENSP00000298048","0.0","false","interacts with","HMMR (interacts with) MELK"
"0.3","0.662","0.754","0.0","0.0","0.0","0.0","interacts with","HMMR (interacts with) PCLAF","0.0","9606.ENSP00000377492","9606.ENSP00000300035","0.0","false","interacts with","HMMR (interacts with) PCLAF"
"0.856","0.799","0.979","0.0","0.328","0.0","0.0","interacts with","HMMR (interacts with) TPX2","0.0","9606.ENSP00000377492","9606.ENSP00000300403","0.0","false","interacts with","HMMR (interacts with) TPX2"
"0.503","0.79","0.896","0.0","0.08","0.0","0.0","interacts with","HMMR (interacts with) UBE2C","0.0","9606.ENSP00000377492","9606.ENSP00000348838","0.0","false","interacts with","HMMR (interacts with) UBE2C"
"0.414","0.681","0.807","0.0","0.049","0.0","0.0","interacts with","HMMR (interacts with) RRM2","0.0","9606.ENSP00000377492","9606.ENSP00000353770","0.0","false","interacts with","HMMR (interacts with) RRM2"
"0.436","0.779","0.87","0.0","0.043","0.0","0.0","interacts with","HMMR (interacts with) NEK2","0.0","9606.ENSP00000377492","9606.ENSP00000355966","0.0","false","interacts with","HMMR (interacts with) NEK2"
"0.401","0.798","0.881","0.0","0.099","0.0","0.0","interacts with","HMMR (interacts with) TTK","0.0","9606.ENSP00000377492","9606.ENSP00000358813","0.0","false","interacts with","HMMR (interacts with) TTK"
"0.543","0.772","0.891","0.0","0.0","0.0","0.0","interacts with","HMMR (interacts with) ZWINT","0.0","9606.ENSP00000377492","9606.ENSP00000363055","0.0","false","interacts with","HMMR (interacts with) ZWINT"
"0.388","0.797","0.877","0.0","0.091","0.0","0.0","interacts with","HMMR (interacts with) KIF4A","0.0","9606.ENSP00000377492","9606.ENSP00000363524","0.0","false","interacts with","HMMR (interacts with) KIF4A"
"0.73","0.046","0.868","0.5","0.102","0.0","0.0","interacts with","HMMR (interacts with) HYAL2","0.0","9606.ENSP00000377492","9606.ENSP00000401853","0.0","false","interacts with","HMMR (interacts with) HYAL2"
"0.511","0.797","0.896","0.0","0.0","0.0","0.0","interacts with","HMMR (interacts with) NUSAP1","0.0","9606.ENSP00000377492","9606.ENSP00000499238","0.0","false","interacts with","HMMR (interacts with) NUSAP1"
"0.534","0.798","0.902","0.0","0.046","0.0","0.0","interacts with","HMMR (interacts with) TOP2A","0.0","9606.ENSP00000377492","9606.ENSP00000411532","0.0","false","interacts with","HMMR (interacts with) TOP2A"
"0.519","0.819","0.909","0.0","0.045","0.0","0.0","interacts with","HMMR (interacts with) KIF20A","0.0","9606.ENSP00000377492","9606.ENSP00000378356","0.0","false","interacts with","HMMR (interacts with) KIF20A"
"0.77","0.074","0.976","0.9","0.0","0.0","0.0","interacts with","HSD17B6 (interacts with) SRD5A1","0.0","9606.ENSP00000451406","9606.ENSP00000274192","0.0","false","interacts with","HSD17B6 (interacts with) SRD5A1"
"0.458","0.054","0.732","0.5","0.079","0.0","0.0","interacts with","HYAL2 (interacts with) LYVE1","0.0","9606.ENSP00000401853","9606.ENSP00000256178","0.0","false","interacts with","HYAL2 (interacts with) LYVE1"
"0.189","0.049","0.706","0.65","0.0","0.0","0.0","interacts with","IBSP (interacts with) ITGA1","0.0","9606.ENSP00000226284","9606.ENSP00000282588","0.0","false","interacts with","IBSP (interacts with) ITGA1"
"0.92","0.071","0.922","0.0","0.0","0.0","0.0","interacts with","IBSP (interacts with) MMP3","0.0","9606.ENSP00000226284","9606.ENSP00000299855","0.0","false","interacts with","IBSP (interacts with) MMP3"
"0.924","0.099","0.928","0.0","0.0","0.0","0.0","interacts with","IBSP (interacts with) MMP9","0.0","9606.ENSP00000226284","9606.ENSP00000361405","0.0","false","interacts with","IBSP (interacts with) MMP9"
"0.929","0.068","0.931","0.0","0.0","0.0","0.0","interacts with","IBSP (interacts with) SPARC","0.0","9606.ENSP00000226284","9606.ENSP00000231061","0.0","false","interacts with","IBSP (interacts with) SPARC"
"0.99","0.108","0.991","0.0","0.0","0.0","0.0","interacts with","IBSP (interacts with) SPP1","0.0","9606.ENSP00000226284","9606.ENSP00000378517","0.0","false","interacts with","IBSP (interacts with) SPP1"
"0.542","0.189","0.714","0.0","0.292","0.0","0.0","interacts with","IGF2BP3 (interacts with) KIF20A","0.0","9606.ENSP00000258729","9606.ENSP00000378356","0.0","false","interacts with","IGF2BP3 (interacts with) KIF20A"
"0.725","0.049","0.727","0.0","0.0","0.0","0.0","interacts with","IL1RL1 (interacts with) IL7R","0.0","9606.ENSP00000233954","9606.ENSP00000306157","0.0","false","interacts with","IL1RL1 (interacts with) IL7R"
"0.999","0.086","0.999","0.9","0.963","0.0","0.0","interacts with","IL1RL1 (interacts with) IL33","0.0","9606.ENSP00000233954","9606.ENSP00000370842","0.0","false","interacts with","IL1RL1 (interacts with) IL33"
"0.697","0.068","0.705","0.0","0.0","0.0","0.0","interacts with","IL33 (interacts with) IL37","0.0","9606.ENSP00000370842","9606.ENSP00000263326","0.0","false","interacts with","IL33 (interacts with) IL37"
"0.793","0.068","0.798","0.0","0.0","0.0","0.0","interacts with","IL33 (interacts with) IL6","0.0","9606.ENSP00000370842","9606.ENSP00000385675","0.0","false","interacts with","IL33 (interacts with) IL6"
"0.708","0.043","0.708","0.0","0.0","0.0","0.0","interacts with","IL6 (interacts with) MIF","0.0","9606.ENSP00000385675","9606.ENSP00000215754","0.0","false","interacts with","IL6 (interacts with) MIF"
"0.82","0.059","0.823","0.0","0.0","0.0","0.0","interacts with","IL6 (interacts with) KRAS","0.0","9606.ENSP00000385675","9606.ENSP00000256078","0.0","false","interacts with","IL6 (interacts with) KRAS"
"0.743","0.091","0.757","0.0","0.0","0.0","0.0","interacts with","IL6 (interacts with) MMP13","0.0","9606.ENSP00000385675","9606.ENSP00000260302","0.0","false","interacts with","IL6 (interacts with) MMP13"
"0.716","0.0","0.716","0.0","0.0","0.0","0.0","interacts with","IL6 (interacts with) VWF","0.0","9606.ENSP00000385675","9606.ENSP00000261405","0.0","false","interacts with","IL6 (interacts with) VWF"
"0.713","0.213","0.764","0.0","0.0","0.0","0.0","interacts with","IL6 (interacts with) MAP3K8","0.0","9606.ENSP00000385675","9606.ENSP00000263056","0.0","false","interacts with","IL6 (interacts with) MAP3K8"
"0.736","0.297","0.806","0.0","0.0","0.0","0.0","interacts with","IL6 (interacts with) PTX3","0.0","9606.ENSP00000385675","9606.ENSP00000295927","0.0","false","interacts with","IL6 (interacts with) PTX3"
"0.795","0.16","0.887","0.4","0.0","0.0","0.0","interacts with","IL6 (interacts with) MMP3","0.0","9606.ENSP00000385675","9606.ENSP00000299855","0.0","false","interacts with","IL6 (interacts with) MMP3"
"0.753","0.109","0.916","0.65","0.0","0.0","0.0","interacts with","IL6 (interacts with) IL7R","0.0","9606.ENSP00000385675","9606.ENSP00000306157","0.0","false","interacts with","IL6 (interacts with) IL7R"
"0.852","0.067","0.856","0.0","0.0","0.0","0.0","interacts with","IL6 (interacts with) MET","0.0","9606.ENSP00000385675","9606.ENSP00000317272","0.0","false","interacts with","IL6 (interacts with) MET"
"0.731","0.169","0.854","0.4","0.0","0.0","0.0","interacts with","IL6 (interacts with) MMP1","0.0","9606.ENSP00000385675","9606.ENSP00000322788","0.0","false","interacts with","IL6 (interacts with) MMP1"
"0.874","0.236","0.947","0.5","0.0","0.0","0.0","interacts with","IL6 (interacts with) SOCS3","0.0","9606.ENSP00000385675","9606.ENSP00000330341","0.0","false","interacts with","IL6 (interacts with) SOCS3"
"0.848","0.272","0.884","0.0","0.0","0.0","0.0","interacts with","IL6 (interacts with) SELE","0.0","9606.ENSP00000385675","9606.ENSP00000331736","0.0","false","interacts with","IL6 (interacts with) SELE"
"0.926","0.484","0.96","0.0","0.0","0.0","0.0","interacts with","IL6 (interacts with) PTGS2","0.0","9606.ENSP00000385675","9606.ENSP00000356438","0.0","false","interacts with","IL6 (interacts with) PTGS2"
"0.93","0.106","0.959","0.4","0.0","0.0","0.0","interacts with","IL6 (interacts with) MMP9","0.0","9606.ENSP00000385675","9606.ENSP00000361405","0.0","false","interacts with","IL6 (interacts with) MMP9"
"0.717","0.071","0.726","0.0","0.0","0.0","0.0","interacts with","IL6 (interacts with) TEK","0.0","9606.ENSP00000385675","9606.ENSP00000369375","0.0","false","interacts with","IL6 (interacts with) TEK"
"0.747","0.048","0.748","0.0","0.0","0.0","0.0","interacts with","IL6 (interacts with) SPP1","0.0","9606.ENSP00000385675","9606.ENSP00000378517","0.0","false","interacts with","IL6 (interacts with) SPP1"
"0.707","0.0","0.707","0.0","0.0","0.0","0.0","interacts with","IL6 (interacts with) LPL","0.0","9606.ENSP00000385675","9606.ENSP00000497642","0.0","false","interacts with","IL6 (interacts with) LPL"
"0.709","0.042","0.709","0.0","0.0","0.0","0.0","interacts with","IL6 (interacts with) PECAM1","0.0","9606.ENSP00000385675","9606.ENSP00000457421","0.0","false","interacts with","IL6 (interacts with) PECAM1"
"0.702","0.129","0.73","0.0","0.0","0.0","0.0","interacts with","IL6 (interacts with) MYC","0.0","9606.ENSP00000385675","9606.ENSP00000478887","0.0","false","interacts with","IL6 (interacts with) MYC"
"0.718","0.127","0.743","0.0","0.0","0.0","0.0","interacts with","IL6 (interacts with) MMP12","0.0","9606.ENSP00000385675","9606.ENSP00000458585","0.0","false","interacts with","IL6 (interacts with) MMP12"
"0.879","0.049","0.956","0.65","0.0","0.0","0.0","interacts with","IL6 (interacts with) LIFR","0.0","9606.ENSP00000385675","9606.ENSP00000398368","0.0","false","interacts with","IL6 (interacts with) LIFR"
"0.663","0.184","0.713","0.0","0.0","0.0","0.0","interacts with","IL7R (interacts with) PRF1","0.0","9606.ENSP00000306157","9606.ENSP00000398568","0.0","false","interacts with","IL7R (interacts with) PRF1"
"0.152","0.089","0.706","0.65","0.0","0.0","0.549","interacts with","ITGA1 (interacts with) VWF","0.0","9606.ENSP00000282588","9606.ENSP00000261405","0.0","false","interacts with","ITGA1 (interacts with) VWF"
"0.206","0.072","0.72","0.65","0.045","0.0","0.0","interacts with","ITGA1 (interacts with) THBS2","0.0","9606.ENSP00000282588","9606.ENSP00000355751","0.0","false","interacts with","ITGA1 (interacts with) THBS2"
"0.275","0.052","0.746","0.65","0.071","0.0","0.0","interacts with","ITGA1 (interacts with) LAMA3","0.0","9606.ENSP00000282588","9606.ENSP00000324532","0.0","false","interacts with","ITGA1 (interacts with) LAMA3"
"0.29","0.065","0.747","0.65","0.0","0.0","0.0","interacts with","ITGA1 (interacts with) SPP1","0.0","9606.ENSP00000282588","9606.ENSP00000378517","0.0","false","interacts with","ITGA1 (interacts with) SPP1"
"0.228","0.13","0.795","0.72","0.0","0.0","0.594","interacts with","ITGA1 (interacts with) ITGA8","0.0","9606.ENSP00000282588","9606.ENSP00000367316","0.0","false","interacts with","ITGA1 (interacts with) ITGA8"
"0.155","0.092","0.708","0.65","0.0","0.0","0.0","interacts with","ITGA8 (interacts with) VWF","0.0","9606.ENSP00000367316","9606.ENSP00000261405","0.0","false","interacts with","ITGA8 (interacts with) VWF"
"0.437","0.054","0.81","0.65","0.1","0.0","0.0","interacts with","ITGA8 (interacts with) LAMA3","0.0","9606.ENSP00000367316","9606.ENSP00000324532","0.0","false","interacts with","ITGA8 (interacts with) LAMA3"
"0.263","0.072","0.743","0.65","0.054","0.0","0.0","interacts with","ITGA8 (interacts with) THBS2","0.0","9606.ENSP00000367316","9606.ENSP00000355751","0.0","false","interacts with","ITGA8 (interacts with) THBS2"
"0.728","0.074","0.904","0.65","0.0","0.0","0.0","interacts with","ITGA8 (interacts with) SPP1","0.0","9606.ENSP00000367316","9606.ENSP00000378517","0.0","false","interacts with","ITGA8 (interacts with) SPP1"
"0.995","0.127","0.999","0.9","0.295","0.0","0.0","interacts with","ITGA8 (interacts with) NPNT","0.0","9606.ENSP00000367316","9606.ENSP00000389252","0.0","false","interacts with","ITGA8 (interacts with) NPNT"
"0.626","0.086","0.814","0.5","0.0","0.0","0.674","interacts with","KCNK3 (interacts with) KCNK5","0.0","9606.ENSP00000306275","9606.ENSP00000352527","0.0","false","interacts with","KCNK3 (interacts with) KCNK5"
"0.943","0.0","0.957","0.0","0.292","0.0","0.0","interacts with","KCNK3 (interacts with) S100A10","0.0","9606.ENSP00000306275","9606.ENSP00000357801","0.0","false","interacts with","KCNK3 (interacts with) S100A10"
"0.571","0.842","0.929","0.0","0.0","0.0","0.0","interacts with","KIF20A (interacts with) MELK","0.0","9606.ENSP00000378356","9606.ENSP00000298048","0.0","false","interacts with","KIF20A (interacts with) MELK"
"0.489","0.673","0.826","0.0","0.0","0.0","0.0","interacts with","KIF20A (interacts with) PCLAF","0.0","9606.ENSP00000378356","9606.ENSP00000300035","0.0","false","interacts with","KIF20A (interacts with) PCLAF"
"0.734","0.865","0.972","0.0","0.292","0.0","0.0","interacts with","KIF20A (interacts with) TPX2","0.0","9606.ENSP00000378356","9606.ENSP00000300403","0.0","false","interacts with","KIF20A (interacts with) TPX2"
"0.728","0.862","0.961","0.0","0.0","0.0","0.0","interacts with","KIF20A (interacts with) UBE2C","0.0","9606.ENSP00000378356","9606.ENSP00000348838","0.0","false","interacts with","KIF20A (interacts with) UBE2C"
"0.665","0.814","0.935","0.0","0.0","0.0","0.0","interacts with","KIF20A (interacts with) RRM2","0.0","9606.ENSP00000378356","9606.ENSP00000353770","0.0","false","interacts with","KIF20A (interacts with) RRM2"
"0.677","0.847","0.948","0.0","0.0","0.0","0.0","interacts with","KIF20A (interacts with) NEK2","0.0","9606.ENSP00000378356","9606.ENSP00000355966","0.0","false","interacts with","KIF20A (interacts with) NEK2"
"0.521","0.846","0.923","0.0","0.0","0.0","0.0","interacts with","KIF20A (interacts with) TTK","0.0","9606.ENSP00000378356","9606.ENSP00000358813","0.0","false","interacts with","KIF20A (interacts with) TTK"
"0.689","0.652","0.887","0.0","0.0","0.0","0.0","interacts with","KIF20A (interacts with) ZWINT","0.0","9606.ENSP00000378356","9606.ENSP00000363055","0.0","false","interacts with","KIF20A (interacts with) ZWINT"
"0.854","0.922","0.992","0.4","0.067","0.0","0.581","interacts with","KIF20A (interacts with) KIF4A","0.0","9606.ENSP00000378356","9606.ENSP00000363524","0.0","false","interacts with","KIF20A (interacts with) KIF4A"
"0.484","0.557","0.764","0.0","0.051","0.0","0.0","interacts with","KIF20A (interacts with) UHRF1","0.0","9606.ENSP00000378356","9606.ENSP00000479617","0.0","false","interacts with","KIF20A (interacts with) UHRF1"
"0.614","0.481","0.791","0.0","0.0","0.0","0.0","interacts with","KIF20A (interacts with) TK1","0.0","9606.ENSP00000378356","9606.ENSP00000468425","0.0","false","interacts with","KIF20A (interacts with) TK1"
"0.645","0.839","0.956","0.0","0.292","0.0","0.0","interacts with","KIF20A (interacts with) NUSAP1","0.0","9606.ENSP00000378356","9606.ENSP00000499238","0.0","false","interacts with","KIF20A (interacts with) NUSAP1"
"0.75","0.866","0.974","0.0","0.292","0.0","0.0","interacts with","KIF20A (interacts with) TOP2A","0.0","9606.ENSP00000378356","9606.ENSP00000411532","0.0","false","interacts with","KIF20A (interacts with) TOP2A"
"0.75","0.863","0.964","0.0","0.0","0.0","0.0","interacts with","KIF4A (interacts with) MELK","0.0","9606.ENSP00000363524","9606.ENSP00000298048","0.0","false","interacts with","KIF4A (interacts with) MELK"
"0.764","0.861","0.965","0.0","0.0","0.0","0.0","interacts with","KIF4A (interacts with) TPX2","0.0","9606.ENSP00000363524","9606.ENSP00000300403","0.0","false","interacts with","KIF4A (interacts with) TPX2"
"0.632","0.746","0.905","0.0","0.07","0.0","0.0","interacts with","KIF4A (interacts with) UBE2C","0.0","9606.ENSP00000363524","9606.ENSP00000348838","0.0","false","interacts with","KIF4A (interacts with) UBE2C"
"0.642","0.804","0.927","0.0","0.0","0.0","0.0","interacts with","KIF4A (interacts with) RRM2","0.0","9606.ENSP00000363524","9606.ENSP00000353770","0.0","false","interacts with","KIF4A (interacts with) RRM2"
"0.611","0.649","0.858","0.0","0.0","0.0","0.0","interacts with","KIF4A (interacts with) NEK2","0.0","9606.ENSP00000363524","9606.ENSP00000355966","0.0","false","interacts with","KIF4A (interacts with) NEK2"
"0.475","0.856","0.921","0.0","0.0","0.0","0.0","interacts with","KIF4A (interacts with) TTK","0.0","9606.ENSP00000363524","9606.ENSP00000358813","0.0","false","interacts with","KIF4A (interacts with) TTK"
"0.43","0.745","0.848","0.0","0.0","0.0","0.0","interacts with","KIF4A (interacts with) ZWINT","0.0","9606.ENSP00000363524","9606.ENSP00000363055","0.0","false","interacts with","KIF4A (interacts with) ZWINT"
"0.436","0.521","0.718","0.0","0.0","0.0","0.0","interacts with","KIF4A (interacts with) TK1","0.0","9606.ENSP00000363524","9606.ENSP00000468425","0.0","false","interacts with","KIF4A (interacts with) TK1"
"0.537","0.825","0.915","0.0","0.0","0.0","0.0","interacts with","KIF4A (interacts with) TOP2A","0.0","9606.ENSP00000363524","9606.ENSP00000411532","0.0","false","interacts with","KIF4A (interacts with) TOP2A"
"0.581","0.826","0.924","0.0","0.0","0.0","0.0","interacts with","KIF4A (interacts with) NUSAP1","0.0","9606.ENSP00000363524","9606.ENSP00000499238","0.0","false","interacts with","KIF4A (interacts with) NUSAP1"
"0.841","0.06","0.918","0.5","0.0","0.0","0.0","interacts with","KISS1R (interacts with) PROK2","0.0","9606.ENSP00000234371","9606.ENSP00000295619","0.0","false","interacts with","KISS1R (interacts with) PROK2"
"0.792","0.0","0.802","0.0","0.089","0.0","0.0","interacts with","KLF1 (interacts with) LDB2","0.0","9606.ENSP00000264834","9606.ENSP00000306772","0.0","false","interacts with","KLF1 (interacts with) LDB2"
"0.901","0.29","0.928","0.0","0.07","0.0","0.0","interacts with","KLF1 (interacts with) TAL1","0.0","9606.ENSP00000264834","9606.ENSP00000294339","0.0","false","interacts with","KLF1 (interacts with) TAL1"
"0.692","0.063","0.779","0.0","0.294","0.0","0.0","interacts with","KLF2 (interacts with) MYC","0.0","9606.ENSP00000248071","9606.ENSP00000478887","0.0","false","interacts with","KLF2 (interacts with) MYC"
"0.786","0.0","0.798","0.0","0.095","0.0","0.0","interacts with","KLF2 (interacts with) SOX2","0.0","9606.ENSP00000248071","9606.ENSP00000323588","0.0","false","interacts with","KLF2 (interacts with) SOX2"
"0.822","0.225","0.856","0.0","0.0","0.0","0.0","interacts with","KLF2 (interacts with) S1PR1","0.0","9606.ENSP00000248071","9606.ENSP00000305416","0.0","false","interacts with","KLF2 (interacts with) S1PR1"
"0.873","0.067","0.878","0.0","0.054","0.0","0.0","interacts with","KLF4 (interacts with) TBX3","0.0","9606.ENSP00000363804","9606.ENSP00000257566","0.0","false","interacts with","KLF4 (interacts with) TBX3"
"0.994","0.0","0.998","0.8","0.095","0.0","0.0","interacts with","KLF4 (interacts with) SOX2","0.0","9606.ENSP00000363804","9606.ENSP00000323588","0.0","false","interacts with","KLF4 (interacts with) SOX2"
"0.942","0.099","0.945","0.0","0.045","0.0","0.0","interacts with","KLF4 (interacts with) MYC","0.0","9606.ENSP00000363804","9606.ENSP00000478887","0.0","false","interacts with","KLF4 (interacts with) MYC"
"0.58","0.787","0.907","0.0","0.0","0.0","0.0","interacts with","KLRD1 (interacts with) NKG7","0.0","9606.ENSP00000338130","9606.ENSP00000221978","0.0","false","interacts with","KLRD1 (interacts with) NKG7"
"0.238","0.767","0.815","0.0","0.0","0.0","0.699","interacts with","KLRD1 (interacts with) KLRF1","0.0","9606.ENSP00000338130","9606.ENSP00000483713","0.0","false","interacts with","KLRD1 (interacts with) KLRF1"
"0.762","0.792","0.951","0.0","0.101","0.0","0.0","interacts with","KLRD1 (interacts with) PRF1","0.0","9606.ENSP00000338130","9606.ENSP00000398568","0.0","false","interacts with","KLRD1 (interacts with) PRF1"
"0.507","0.482","0.734","0.0","0.045","0.0","0.0","interacts with","KLRF1 (interacts with) PRF1","0.0","9606.ENSP00000483713","9606.ENSP00000398568","0.0","false","interacts with","KLRF1 (interacts with) PRF1"
"0.868","0.044","0.868","0.0","0.0","0.0","0.0","interacts with","KRAS (interacts with) MLH1","0.042","9606.ENSP00000256078","9606.ENSP00000231790","0.0","false","interacts with","KRAS (interacts with) MLH1"
"0.506","0.058","0.71","0.4","0.083","0.0","0.0","interacts with","KRAS (interacts with) RUNX3","0.0","9606.ENSP00000256078","9606.ENSP00000382800","0.0","false","interacts with","KRAS (interacts with) RUNX3"
"0.713","0.055","0.718","0.0","0.045","0.0","0.0","interacts with","KRAS (interacts with) PTGS2","0.0","9606.ENSP00000256078","9606.ENSP00000356438","0.0","false","interacts with","KRAS (interacts with) PTGS2"
"0.258","0.0","0.741","0.65","0.084","0.0","0.0","interacts with","KRAS (interacts with) RASAL1","0.0","9606.ENSP00000256078","9606.ENSP00000450244","0.0","false","interacts with","KRAS (interacts with) RASAL1"
"0.747","0.0","0.747","0.0","0.0","0.0","0.0","interacts with","KRAS (interacts with) PAX8","0.0","9606.ENSP00000256078","9606.ENSP00000263334","0.0","false","interacts with","KRAS (interacts with) PAX8"
"0.481","0.074","0.757","0.5","0.11","0.0","0.0","interacts with","KRAS (interacts with) NTRK3","0.0","9606.ENSP00000256078","9606.ENSP00000354207","0.0","false","interacts with","KRAS (interacts with) NTRK3"
"0.846","0.074","0.862","0.0","0.11","0.0","0.0","interacts with","KRAS (interacts with) ROS1","0.0","9606.ENSP00000256078","9606.ENSP00000357494","0.0","false","interacts with","KRAS (interacts with) ROS1"
"0.865","0.059","0.872","0.0","0.075","0.0","0.0","interacts with","KRAS (interacts with) MYC","0.0","9606.ENSP00000256078","9606.ENSP00000478887","0.0","false","interacts with","KRAS (interacts with) MYC"
"0.071","0.0","0.903","0.9","0.0","0.0","0.0","interacts with","KRAS (interacts with) NOS1","0.0","9606.ENSP00000256078","9606.ENSP00000477999","0.0","false","interacts with","KRAS (interacts with) NOS1"
"0.93","0.078","0.936","0.0","0.099","0.0","0.0","interacts with","KRAS (interacts with) PTEN","0.0","9606.ENSP00000256078","9606.ENSP00000361021","0.0","false","interacts with","KRAS (interacts with) PTEN"
"0.703","0.074","0.979","0.9","0.337","0.0","0.0","interacts with","KRAS (interacts with) MET","0.0","9606.ENSP00000256078","9606.ENSP00000317272","0.0","false","interacts with","KRAS (interacts with) MET"
"0.88","0.0","0.987","0.9","0.07","0.0","0.0","interacts with","KRAS (interacts with) RASSF1","0.0","9606.ENSP00000256078","9606.ENSP00000349547","0.0","false","interacts with","KRAS (interacts with) RASSF1"
"0.505","0.075","0.701","0.4","0.0","0.0","0.0","interacts with","LAMA3 (interacts with) MMP7","0.0","9606.ENSP00000324532","9606.ENSP00000260227","0.0","false","interacts with","LAMA3 (interacts with) MMP7"
"0.995","0.049","0.995","0.0","0.087","0.0","0.0","interacts with","LDB2 (interacts with) TAL1","0.0","9606.ENSP00000306772","9606.ENSP00000294339","0.0","false","interacts with","LDB2 (interacts with) TAL1"
"0.996","0.056","0.999","0.9","0.977","0.0","0.0","interacts with","LGR4 (interacts with) RSPO1","0.0","9606.ENSP00000368516","9606.ENSP00000348944","0.0","false","interacts with","LGR4 (interacts with) RSPO1"
"0.444","0.65","0.797","0.0","0.0","0.0","0.0","interacts with","LILRB2 (interacts with) MNDA","0.0","9606.ENSP00000375629","9606.ENSP00000357123","0.0","false","interacts with","LILRB2 (interacts with) MNDA"
"0.166","0.0","0.913","0.9","0.0","0.0","0.0","interacts with","LPL (interacts with) PLPP2","0.0","9606.ENSP00000497642","9606.ENSP00000329697","0.0","false","interacts with","LPL (interacts with) PLPP2"
"0.724","0.0","0.74","0.0","0.1","0.0","0.0","interacts with","LRIG3 (interacts with) ROS1","0.0","9606.ENSP00000326759","9606.ENSP00000357494","0.0","false","interacts with","LRIG3 (interacts with) ROS1"
"0.822","0.0","0.872","0.0","0.313","0.0","0.0","interacts with","LRRK2 (interacts with) SH3GL3","0.0","9606.ENSP00000298910","9606.ENSP00000320092","0.0","false","interacts with","LRRK2 (interacts with) SH3GL3"
"0.772","0.0","0.887","0.0","0.524","0.0","0.0","interacts with","LRRK2 (interacts with) SH3GL2","0.0","9606.ENSP00000298910","9606.ENSP00000369981","0.0","false","interacts with","LRRK2 (interacts with) SH3GL2"
"0.145","0.082","0.975","0.0","0.97","0.0","0.0","interacts with","LRRK2 (interacts with) SFN","0.0","9606.ENSP00000298910","9606.ENSP00000340989","0.0","false","interacts with","LRRK2 (interacts with) SFN"
"0.973","0.071","0.986","0.0","0.512","0.0","0.0","interacts with","LRRK2 (interacts with) SNCA","0.0","9606.ENSP00000298910","9606.ENSP00000500990","0.0","false","interacts with","LRRK2 (interacts with) SNCA"
"0.636","0.259","0.724","0.0","0.058","0.0","0.0","interacts with","LYVE1 (interacts with) VWF","0.0","9606.ENSP00000256178","9606.ENSP00000261405","0.0","false","interacts with","LYVE1 (interacts with) VWF"
"0.8","0.145","0.822","0.0","0.0","0.0","0.0","interacts with","LYVE1 (interacts with) PECAM1","0.0","9606.ENSP00000256178","9606.ENSP00000457421","0.0","false","interacts with","LYVE1 (interacts with) PECAM1"
"0.0","0.048","0.789","0.7","0.322","0.0","0.0","interacts with","MARCO (interacts with) SCGB3A2","0.0","9606.ENSP00000318916","9606.ENSP00000296694","0.0","false","interacts with","MARCO (interacts with) SCGB3A2"
"0.825","0.0","0.825","0.0","0.0","0.0","0.0","interacts with","MDK (interacts with) PTPRB","0.0","9606.ENSP00000385451","9606.ENSP00000334928","0.0","false","interacts with","MDK (interacts with) PTPRB"
"0.398","0.511","0.706","0.0","0.079","0.0","0.0","interacts with","MELK (interacts with) UBE2T","0.0","9606.ENSP00000298048","9606.ENSP00000494957","0.0","false","interacts with","MELK (interacts with) UBE2T"
"0.404","0.577","0.737","0.0","0.0","0.0","0.0","interacts with","MELK (interacts with) TYMS","0.0","9606.ENSP00000298048","9606.ENSP00000315644","0.0","false","interacts with","MELK (interacts with) TYMS"
"0.587","0.519","0.792","0.0","0.0","0.0","0.0","interacts with","MELK (interacts with) TK1","0.0","9606.ENSP00000298048","9606.ENSP00000468425","0.0","false","interacts with","MELK (interacts with) TK1"
"0.522","0.64","0.822","0.0","0.051","0.0","0.619","interacts with","MELK (interacts with) NEK2","0.0","9606.ENSP00000298048","9606.ENSP00000355966","0.0","false","interacts with","MELK (interacts with) NEK2"
"0.465","0.769","0.871","0.0","0.0","0.0","0.0","interacts with","MELK (interacts with) PCLAF","0.0","9606.ENSP00000298048","9606.ENSP00000300035","0.0","false","interacts with","MELK (interacts with) PCLAF"
"0.584","0.777","0.903","0.0","0.0","0.0","0.0","interacts with","MELK (interacts with) ZWINT","0.0","9606.ENSP00000298048","9606.ENSP00000363055","0.0","false","interacts with","MELK (interacts with) ZWINT"
"0.58","0.841","0.93","0.0","0.0","0.0","0.0","interacts with","MELK (interacts with) NUSAP1","0.0","9606.ENSP00000298048","9606.ENSP00000499238","0.0","false","interacts with","MELK (interacts with) NUSAP1"
"0.254","0.911","0.931","0.0","0.0","0.0","0.574","interacts with","MELK (interacts with) TTK","0.0","9606.ENSP00000298048","9606.ENSP00000358813","0.0","false","interacts with","MELK (interacts with) TTK"
"0.656","0.811","0.933","0.0","0.06","0.0","0.0","interacts with","MELK (interacts with) RRM2","0.0","9606.ENSP00000298048","9606.ENSP00000353770","0.0","false","interacts with","MELK (interacts with) RRM2"
"0.719","0.816","0.948","0.0","0.079","0.0","0.0","interacts with","MELK (interacts with) UBE2C","0.0","9606.ENSP00000298048","9606.ENSP00000348838","0.0","false","interacts with","MELK (interacts with) UBE2C"
"0.74","0.835","0.955","0.0","0.0","0.0","0.0","interacts with","MELK (interacts with) TOP2A","0.0","9606.ENSP00000298048","9606.ENSP00000411532","0.0","false","interacts with","MELK (interacts with) TOP2A"
"0.739","0.84","0.958","0.0","0.07","0.0","0.0","interacts with","MELK (interacts with) TPX2","0.0","9606.ENSP00000298048","9606.ENSP00000300403","0.0","false","interacts with","MELK (interacts with) TPX2"
"0.744","0.049","0.746","0.0","0.0","0.0","0.0","interacts with","MET (interacts with) MMP9","0.0","9606.ENSP00000317272","9606.ENSP00000361405","0.0","false","interacts with","MET (interacts with) MMP9"
"0.665","0.068","0.755","0.0","0.277","0.0","0.0","interacts with","MET (interacts with) PTEN","0.0","9606.ENSP00000317272","9606.ENSP00000361021","0.0","false","interacts with","MET (interacts with) PTEN"
"0.568","0.043","0.782","0.5","0.07","0.0","0.0","interacts with","MET (interacts with) SH3GL3","0.0","9606.ENSP00000317272","9606.ENSP00000320092","0.0","false","interacts with","MET (interacts with) SH3GL3"
"0.92","0.0","0.927","0.0","0.131","0.0","0.0","interacts with","MET (interacts with) S100A8","0.0","9606.ENSP00000317272","9606.ENSP00000357721","0.0","false","interacts with","MET (interacts with) S100A8"
"0.378","0.151","0.713","0.5","0.0","0.0","0.0","interacts with","MFAP4 (interacts with) MFAP5","0.0","9606.ENSP00000378957","9606.ENSP00000352455","0.0","false","interacts with","MFAP4 (interacts with) MFAP5"
"0.852","0.0","0.866","0.0","0.088","0.0","0.0","interacts with","MGMT (interacts with) MLH1","0.086","9606.ENSP00000302111","9606.ENSP00000231790","0.0","false","interacts with","MGMT (interacts with) MLH1"
"0.729","0.049","0.731","0.0","0.0","0.0","0.0","interacts with","MGMT (interacts with) XRCC1","0.0","9606.ENSP00000302111","9606.ENSP00000262887","0.0","false","interacts with","MGMT (interacts with) XRCC1"
"0.71","0.0","0.711","0.0","0.0","0.0","0.0","interacts with","MGMT (interacts with) PTEN","0.044","9606.ENSP00000302111","9606.ENSP00000361021","0.0","false","interacts with","MGMT (interacts with) PTEN"
"0.868","0.0","0.868","0.0","0.0","0.0","0.0","interacts with","MGMT (interacts with) RASSF1","0.0","9606.ENSP00000302111","9606.ENSP00000349547","0.0","false","interacts with","MGMT (interacts with) RASSF1"
"0.543","0.204","0.744","0.0","0.351","0.0","0.0","interacts with","MIF (interacts with) SOD1","0.0","9606.ENSP00000215754","9606.ENSP00000270142","0.0","false","interacts with","MIF (interacts with) SOD1"
"0.702","0.0","0.702","0.0","0.0","0.0","0.0","interacts with","MLH1 (interacts with) TGFBR2","0.0","9606.ENSP00000231790","9606.ENSP00000351905","0.0","false","interacts with","MLH1 (interacts with) TGFBR2"
"0.719","0.049","0.721","0.0","0.0","0.0","0.0","interacts with","MLH1 (interacts with) RASSF1","0.0","9606.ENSP00000231790","9606.ENSP00000349547","0.0","false","interacts with","MLH1 (interacts with) RASSF1"
"0.604","0.175","0.773","0.36","0.0","0.0","0.0","interacts with","MLH1 (interacts with) XRCC1","0.0","9606.ENSP00000231790","9606.ENSP00000262887","0.0","false","interacts with","MLH1 (interacts with) XRCC1"
"0.81","0.086","0.83","0.0","0.098","0.0","0.0","interacts with","MLH1 (interacts with) PTEN","0.0","9606.ENSP00000231790","9606.ENSP00000361021","0.0","false","interacts with","MLH1 (interacts with) PTEN"
"0.719","0.0","0.719","0.0","0.0","0.0","0.0","interacts with","MME (interacts with) PAX8","0.0","9606.ENSP00000418525","9606.ENSP00000263334","0.0","false","interacts with","MME (interacts with) PAX8"
"0.716","0.059","0.721","0.0","0.0","0.0","0.0","interacts with","MME (interacts with) TAC1","0.0","9606.ENSP00000418525","9606.ENSP00000321106","0.0","false","interacts with","MME (interacts with) TAC1"
"0.468","0.149","0.772","0.5","0.0","0.0","0.803","interacts with","MMP1 (interacts with) MMP11","0.0","9606.ENSP00000322788","9606.ENSP00000215743","0.113","false","interacts with","MMP1 (interacts with) MMP11"
"0.727","0.149","0.878","0.5","0.0","0.0","0.916","interacts with","MMP1 (interacts with) MMP7","0.0","9606.ENSP00000322788","9606.ENSP00000260227","0.079","false","interacts with","MMP1 (interacts with) MMP7"
"0.597","0.657","0.985","0.9","0.0","0.0","0.951","interacts with","MMP1 (interacts with) MMP3","0.0","9606.ENSP00000322788","9606.ENSP00000299855","0.064","false","interacts with","MMP1 (interacts with) MMP3"
"0.728","0.143","0.757","0.0","0.0","0.0","0.0","interacts with","MMP1 (interacts with) PTGS2","0.0","9606.ENSP00000322788","9606.ENSP00000356438","0.0","false","interacts with","MMP1 (interacts with) PTGS2"
"0.725","0.154","0.974","0.9","0.0","0.0","0.743","interacts with","MMP1 (interacts with) MMP9","0.0","9606.ENSP00000322788","9606.ENSP00000361405","0.0","false","interacts with","MMP1 (interacts with) MMP9"
"0.471","0.064","0.75","0.5","0.0","0.0","0.806","interacts with","MMP11 (interacts with) MMP7","0.0","9606.ENSP00000215743","9606.ENSP00000260227","0.112","false","interacts with","MMP11 (interacts with) MMP7"
"0.476","0.199","0.737","0.4","0.0","0.0","0.918","interacts with","MMP12 (interacts with) MMP7","0.0","9606.ENSP00000458585","9606.ENSP00000260227","0.08","false","interacts with","MMP12 (interacts with) MMP7"
"0.446","0.33","0.764","0.4","0.0","0.0","0.945","interacts with","MMP12 (interacts with) MMP3","0.0","9606.ENSP00000458585","9606.ENSP00000299855","0.068","false","interacts with","MMP12 (interacts with) MMP3"
"0.609","0.132","0.787","0.4","0.0","0.0","0.925","interacts with","MMP3 (interacts with) MMP7","0.0","9606.ENSP00000299855","9606.ENSP00000260227","0.077","false","interacts with","MMP3 (interacts with) MMP7"
"0.514","0.145","0.956","0.9","0.0","0.0","0.784","interacts with","MMP3 (interacts with) MMP9","0.0","9606.ENSP00000299855","9606.ENSP00000361405","0.075","false","interacts with","MMP3 (interacts with) MMP9"
"0.992","0.07","0.997","0.75","0.0","0.0","0.0","interacts with","MMP3 (interacts with) SPP1","0.0","9606.ENSP00000299855","9606.ENSP00000378517","0.0","false","interacts with","MMP3 (interacts with) SPP1"
"0.789","0.15","0.883","0.4","0.0","0.0","0.803","interacts with","MMP7 (interacts with) MMP9","0.0","9606.ENSP00000260227","9606.ENSP00000361405","0.0","false","interacts with","MMP7 (interacts with) MMP9"
"0.745","0.149","0.941","0.75","0.0","0.0","0.0","interacts with","MMP7 (interacts with) SPP1","0.0","9606.ENSP00000260227","9606.ENSP00000378517","0.0","false","interacts with","MMP7 (interacts with) SPP1"
"0.793","0.095","0.805","0.0","0.0","0.0","0.0","interacts with","MMP9 (interacts with) VWF","0.0","9606.ENSP00000361405","9606.ENSP00000261405","0.0","false","interacts with","MMP9 (interacts with) VWF"
"0.173","0.06","0.845","0.75","0.298","0.0","0.0","interacts with","MMP9 (interacts with) SCUBE3","0.0","9606.ENSP00000361405","9606.ENSP00000274938","0.0","false","interacts with","MMP9 (interacts with) SCUBE3"
"0.954","0.093","0.968","0.0","0.298","0.0","0.0","interacts with","MMP9 (interacts with) THBS2","0.0","9606.ENSP00000361405","9606.ENSP00000355751","0.0","false","interacts with","MMP9 (interacts with) THBS2"
"0.785","0.176","0.815","0.0","0.0","0.0","0.0","interacts with","MMP9 (interacts with) PTGS2","0.0","9606.ENSP00000361405","9606.ENSP00000356438","0.0","false","interacts with","MMP9 (interacts with) PTGS2"
"0.631","0.239","0.707","0.0","0.0","0.0","0.0","interacts with","MMP9 (interacts with) S100A12","0.0","9606.ENSP00000361405","9606.ENSP00000357726","0.0","false","interacts with","MMP9 (interacts with) S100A12"
"0.765","0.044","0.766","0.0","0.0","0.0","0.0","interacts with","MMP9 (interacts with) PTEN","0.0","9606.ENSP00000361405","9606.ENSP00000361021","0.0","false","interacts with","MMP9 (interacts with) PTEN"
"0.702","0.046","0.704","0.0","0.0","0.0","0.0","interacts with","MMP9 (interacts with) MYC","0.0","9606.ENSP00000361405","9606.ENSP00000478887","0.0","false","interacts with","MMP9 (interacts with) MYC"
"0.701","0.128","0.743","0.0","0.092","0.0","0.0","interacts with","MMP9 (interacts with) PECAM1","0.0","9606.ENSP00000361405","9606.ENSP00000457421","0.0","false","interacts with","MMP9 (interacts with) PECAM1"
"0.758","0.0","0.758","0.0","0.0","0.0","0.0","interacts with","MMP9 (interacts with) RECK","0.0","9606.ENSP00000361405","9606.ENSP00000367202","0.0","false","interacts with","MMP9 (interacts with) RECK"
"0.941","0.138","0.947","0.0","0.0","0.0","0.0","interacts with","MMP9 (interacts with) SPP1","0.0","9606.ENSP00000361405","9606.ENSP00000378517","0.0","false","interacts with","MMP9 (interacts with) SPP1"
"0.648","0.235","0.72","0.0","0.045","0.0","0.0","interacts with","MMRN1 (interacts with) VWF","0.0","9606.ENSP00000378431","9606.ENSP00000261405","0.0","false","interacts with","MMRN1 (interacts with) VWF"
"0.335","0.645","0.754","0.0","0.0","0.0","0.0","interacts with","MMRN2 (interacts with) USHBP1","0.0","9606.ENSP00000361097","9606.ENSP00000252597","0.0","false","interacts with","MMRN2 (interacts with) USHBP1"
"0.298","0.635","0.736","0.0","0.053","0.0","0.0","interacts with","MMRN2 (interacts with) ROBO4","0.0","9606.ENSP00000361097","9606.ENSP00000304945","0.0","false","interacts with","MMRN2 (interacts with) ROBO4"
"0.916","0.0","0.991","0.9","0.0","0.0","0.0","interacts with","MTHFR (interacts with) TYMS","0.061","9606.ENSP00000365770","9606.ENSP00000315644","0.0","false","interacts with","MTHFR (interacts with) TYMS"
"0.932","0.045","0.958","0.4","0.0","0.0","0.0","interacts with","MYC (interacts with) SOX2","0.0","9606.ENSP00000478887","9606.ENSP00000323588","0.0","false","interacts with","MYC (interacts with) SOX2"
"0.699","0.091","0.715","0.0","0.0","0.0","0.0","interacts with","MYC (interacts with) PTGS2","0.0","9606.ENSP00000478887","9606.ENSP00000356438","0.0","false","interacts with","MYC (interacts with) PTGS2"
"0.87","0.044","0.908","0.0","0.317","0.0","0.0","interacts with","MYC (interacts with) PTEN","0.0","9606.ENSP00000478887","9606.ENSP00000361021","0.0","false","interacts with","MYC (interacts with) PTEN"
"0.677","0.056","0.837","0.5","0.061","0.0","0.0","interacts with","MYC (interacts with) RUNX3","0.0","9606.ENSP00000478887","9606.ENSP00000382800","0.0","false","interacts with","MYC (interacts with) RUNX3"
"0.832","0.084","0.938","0.5","0.292","0.0","0.0","interacts with","MYC (interacts with) TFAP2A","0.0","9606.ENSP00000478887","9606.ENSP00000501092","0.0","false","interacts with","MYC (interacts with) TFAP2A"
"0.915","0.056","0.997","0.9","0.742","0.0","0.0","interacts with","NEDD4L (interacts with) SCNN1G","0.0","9606.ENSP00000383199","9606.ENSP00000300061","0.0","false","interacts with","NEDD4L (interacts with) SCNN1G"
"0.098","0.0","0.916","0.9","0.146","0.0","0.0","interacts with","NEDD4L (interacts with) SFN","0.0","9606.ENSP00000383199","9606.ENSP00000340989","0.0","false","interacts with","NEDD4L (interacts with) SFN"
"0.696","0.818","0.942","0.0","0.0","0.0","0.0","interacts with","NEK2 (interacts with) TPX2","0.0","9606.ENSP00000355966","9606.ENSP00000300403","0.0","false","interacts with","NEK2 (interacts with) TPX2"
"0.571","0.653","0.923","0.5","0.093","0.0","0.0","interacts with","NEK2 (interacts with) UBE2C","0.0","9606.ENSP00000355966","9606.ENSP00000348838","0.0","false","interacts with","NEK2 (interacts with) UBE2C"
"0.447","0.521","0.724","0.0","0.0","0.0","0.0","interacts with","NEK2 (interacts with) RRM2","0.0","9606.ENSP00000355966","9606.ENSP00000353770","0.0","false","interacts with","NEK2 (interacts with) RRM2"
"0.662","0.39","0.785","0.0","0.0","0.0","0.0","interacts with","NEK2 (interacts with) ZWINT","0.0","9606.ENSP00000355966","9606.ENSP00000363055","0.0","false","interacts with","NEK2 (interacts with) ZWINT"
"0.258","0.8","0.845","0.0","0.0","0.0","0.597","interacts with","NEK2 (interacts with) TTK","0.0","9606.ENSP00000355966","9606.ENSP00000358813","0.0","false","interacts with","NEK2 (interacts with) TTK"
"0.435","0.838","0.905","0.0","0.0","0.0","0.0","interacts with","NEK2 (interacts with) NUSAP1","0.0","9606.ENSP00000355966","9606.ENSP00000499238","0.0","false","interacts with","NEK2 (interacts with) NUSAP1"
"0.685","0.78","0.928","0.0","0.0","0.0","0.0","interacts with","NEK2 (interacts with) TOP2A","0.0","9606.ENSP00000355966","9606.ENSP00000411532","0.0","false","interacts with","NEK2 (interacts with) TOP2A"
"0.402","0.048","0.757","0.0","0.607","0.0","0.0","interacts with","NFIB (interacts with) SOX2","0.0","9606.ENSP00000370340","9606.ENSP00000323588","0.0","false","interacts with","NFIB (interacts with) SOX2"
"0.449","0.883","0.933","0.0","0.0","0.0","0.0","interacts with","NKG7 (interacts with) PRF1","0.0","9606.ENSP00000221978","9606.ENSP00000398568","0.0","false","interacts with","NKG7 (interacts with) PRF1"
"0.923","0.0","0.923","0.0","0.0","0.0","0.0","interacts with","NOS1 (interacts with) XDH","0.0","9606.ENSP00000477999","9606.ENSP00000368727","0.0","false","interacts with","NOS1 (interacts with) XDH"
"0.41","0.638","0.782","0.0","0.0","0.0","0.942","interacts with","NR4A1 (interacts with) NR4A2","0.0","9606.ENSP00000440864","9606.ENSP00000344479","0.062","false","interacts with","NR4A1 (interacts with) NR4A2"
"0.127","0.79","0.817","0.0","0.0","0.0","0.905","interacts with","NR4A1 (interacts with) NR4A3","0.0","9606.ENSP00000440864","9606.ENSP00000482027","0.083","false","interacts with","NR4A1 (interacts with) NR4A3"
"0.748","0.0","0.748","0.0","0.0","0.0","0.0","interacts with","NR4A2 (interacts with) SNCA","0.0","9606.ENSP00000344479","9606.ENSP00000500990","0.0","false","interacts with","NR4A2 (interacts with) SNCA"
"0.42","0.737","0.842","0.0","0.0","0.0","0.95","interacts with","NR4A2 (interacts with) NR4A3","0.0","9606.ENSP00000344479","9606.ENSP00000482027","0.051","false","interacts with","NR4A2 (interacts with) NR4A3"
"0.588","0.801","0.914","0.0","0.0","0.0","0.0","interacts with","NUSAP1 (interacts with) PCLAF","0.0","9606.ENSP00000499238","9606.ENSP00000300035","0.0","false","interacts with","NUSAP1 (interacts with) PCLAF"
"0.768","0.852","0.964","0.0","0.0","0.0","0.0","interacts with","NUSAP1 (interacts with) TPX2","0.0","9606.ENSP00000499238","9606.ENSP00000300403","0.0","false","interacts with","NUSAP1 (interacts with) TPX2"
"0.586","0.78","0.905","0.0","0.0","0.0","0.0","interacts with","NUSAP1 (interacts with) TYMS","0.0","9606.ENSP00000499238","9606.ENSP00000315644","0.0","false","interacts with","NUSAP1 (interacts with) TYMS"
"0.755","0.861","0.964","0.0","0.0","0.0","0.0","interacts with","NUSAP1 (interacts with) UBE2C","0.0","9606.ENSP00000499238","9606.ENSP00000348838","0.0","false","interacts with","NUSAP1 (interacts with) UBE2C"
"0.747","0.815","0.951","0.0","0.0","0.0","0.0","interacts with","NUSAP1 (interacts with) RRM2","0.0","9606.ENSP00000499238","9606.ENSP00000353770","0.0","false","interacts with","NUSAP1 (interacts with) RRM2"
"0.507","0.856","0.926","0.0","0.0","0.0","0.0","interacts with","NUSAP1 (interacts with) TTK","0.0","9606.ENSP00000499238","9606.ENSP00000358813","0.0","false","interacts with","NUSAP1 (interacts with) TTK"
"0.58","0.778","0.902","0.0","0.0","0.0","0.0","interacts with","NUSAP1 (interacts with) ZWINT","0.0","9606.ENSP00000499238","9606.ENSP00000363055","0.0","false","interacts with","NUSAP1 (interacts with) ZWINT"
"0.795","0.999","0.999","0.0","0.0","0.0","0.0","interacts with","NUSAP1 (interacts with) TOP2A","0.0","9606.ENSP00000499238","9606.ENSP00000411532","0.0","false","interacts with","NUSAP1 (interacts with) TOP2A"
"0.495","0.519","0.747","0.0","0.0","0.0","0.0","interacts with","NUSAP1 (interacts with) TK1","0.0","9606.ENSP00000499238","9606.ENSP00000468425","0.0","false","interacts with","NUSAP1 (interacts with) TK1"
"0.457","0.512","0.724","0.0","0.0","0.0","0.0","interacts with","PCLAF (interacts with) TPX2","0.0","9606.ENSP00000300035","9606.ENSP00000300403","0.0","false","interacts with","PCLAF (interacts with) TPX2"
"0.34","0.688","0.785","0.0","0.0","0.0","0.0","interacts with","PCLAF (interacts with) UBE2T","0.0","9606.ENSP00000300035","9606.ENSP00000494957","0.0","false","interacts with","PCLAF (interacts with) UBE2T"
"0.291","0.743","0.81","0.0","0.0","0.0","0.0","interacts with","PCLAF (interacts with) TTK","0.0","9606.ENSP00000300035","9606.ENSP00000358813","0.0","false","interacts with","PCLAF (interacts with) TTK"
"0.465","0.677","0.82","0.0","0.0","0.0","0.0","interacts with","PCLAF (interacts with) TK1","0.0","9606.ENSP00000300035","9606.ENSP00000468425","0.0","false","interacts with","PCLAF (interacts with) TK1"
"0.392","0.569","0.854","0.0","0.488","0.0","0.0","interacts with","PCLAF (interacts with) UHRF1","0.0","9606.ENSP00000300035","9606.ENSP00000479617","0.0","false","interacts with","PCLAF (interacts with) UHRF1"
"0.349","0.793","0.859","0.0","0.0","0.0","0.0","interacts with","PCLAF (interacts with) TYMS","0.0","9606.ENSP00000300035","9606.ENSP00000315644","0.0","false","interacts with","PCLAF (interacts with) TYMS"
"0.519","0.814","0.907","0.0","0.0","0.0","0.0","interacts with","PCLAF (interacts with) RRM2","0.0","9606.ENSP00000300035","9606.ENSP00000353770","0.0","false","interacts with","PCLAF (interacts with) RRM2"
"0.615","0.785","0.913","0.0","0.0","0.0","0.0","interacts with","PCLAF (interacts with) ZWINT","0.0","9606.ENSP00000300035","9606.ENSP00000363055","0.0","false","interacts with","PCLAF (interacts with) ZWINT"
"0.545","0.832","0.92","0.0","0.0","0.0","0.0","interacts with","PCLAF (interacts with) TOP2A","0.0","9606.ENSP00000300035","9606.ENSP00000411532","0.0","false","interacts with","PCLAF (interacts with) TOP2A"
"0.629","0.783","0.938","0.0","0.292","0.0","0.0","interacts with","PCLAF (interacts with) UBE2C","0.0","9606.ENSP00000300035","9606.ENSP00000348838","0.0","false","interacts with","PCLAF (interacts with) UBE2C"
"0.884","0.324","0.918","0.0","0.0","0.0","0.0","interacts with","PECAM1 (interacts with) VWF","0.0","9606.ENSP00000457421","9606.ENSP00000261405","0.0","false","interacts with","PECAM1 (interacts with) VWF"
"0.954","0.098","0.959","0.0","0.091","0.0","0.0","interacts with","PECAM1 (interacts with) SELE","0.0","9606.ENSP00000457421","9606.ENSP00000331736","0.0","false","interacts with","PECAM1 (interacts with) SELE"
"0.619","0.563","0.827","0.0","0.045","0.0","0.0","interacts with","PECAM1 (interacts with) TIE1","0.0","9606.ENSP00000457421","9606.ENSP00000361554","0.0","false","interacts with","PECAM1 (interacts with) TIE1"
"0.794","0.262","0.842","0.0","0.045","0.0","0.0","interacts with","PECAM1 (interacts with) TEK","0.0","9606.ENSP00000457421","9606.ENSP00000369375","0.0","false","interacts with","PECAM1 (interacts with) TEK"
"0.171","0.054","0.724","0.676","0.0","0.0","0.0","interacts with","PIP5K1B (interacts with) PLCB4","0.0","9606.ENSP00000265382","9606.ENSP00000367762","0.0","false","interacts with","PIP5K1B (interacts with) PLCB4"
"0.163","0.063","0.917","0.9","0.069","0.0","0.0","interacts with","PIP5K1B (interacts with) PTEN","0.0","9606.ENSP00000265382","9606.ENSP00000361021","0.0","false","interacts with","PIP5K1B (interacts with) PTEN"
"0.391","0.072","0.701","0.5","0.067","0.0","0.0","interacts with","PITX2 (interacts with) TFAP2A","0.0","9606.ENSP00000495061","9606.ENSP00000501092","0.0","false","interacts with","PITX2 (interacts with) TFAP2A"
"0.312","0.0","0.748","0.65","0.0","0.0","0.0","interacts with","PLA2G1B (interacts with) PTGS2","0.0","9606.ENSP00000312286","9606.ENSP00000356438","0.0","false","interacts with","PLA2G1B (interacts with) PTGS2"
"0.814","0.0","0.814","0.0","0.0","0.0","0.0","interacts with","PLA2G1B (interacts with) PLA2G4A","0.0","9606.ENSP00000312286","9606.ENSP00000356436","0.0","false","interacts with","PLA2G1B (interacts with) PLA2G4A"
"0.812","0.214","0.962","0.65","0.0","0.0","0.0","interacts with","PLA2G4A (interacts with) PTGS2","0.0","9606.ENSP00000356436","9606.ENSP00000356438","0.363","false","interacts with","PLA2G4A (interacts with) PTGS2"
"0.163","0.067","0.915","0.9","0.0","0.0","0.0","interacts with","PLCB4 (interacts with) PTEN","0.0","9606.ENSP00000367762","9606.ENSP00000361021","0.0","false","interacts with","PLCB4 (interacts with) PTEN"
"0.301","0.075","0.929","0.9","0.0","0.0","0.0","interacts with","PLPP2 (interacts with) UGT8","0.0","9606.ENSP00000329697","9606.ENSP00000311648","0.0","false","interacts with","PLPP2 (interacts with) UGT8"
"0.657","0.049","0.964","0.9","0.0","0.0","0.0","interacts with","PLPP2 (interacts with) SGPP2","0.0","9606.ENSP00000329697","9606.ENSP00000315137","0.0","false","interacts with","PLPP2 (interacts with) SGPP2"
"0.759","0.099","0.773","0.0","0.0","0.0","0.0","interacts with","PPBP (interacts with) VWF","0.0","9606.ENSP00000296028","9606.ENSP00000261405","0.0","false","interacts with","PPBP (interacts with) VWF"
"0.807","0.138","0.826","0.0","0.0","0.001","0.0","interacts with","PRF1 (interacts with) STX11","0.0","9606.ENSP00000398568","9606.ENSP00000356540","0.0","false","interacts with","PRF1 (interacts with) STX11"
"0.133","0.074","0.823","0.0","0.797","0.0","0.0","interacts with","PRKCI (interacts with) RHOJ","0.0","9606.ENSP00000295797","9606.ENSP00000316729","0.0","false","interacts with","PRKCI (interacts with) RHOJ"
"0.327","0.0","0.933","0.9","0.092","0.0","0.0","interacts with","PRKCI (interacts with) PTEN","0.0","9606.ENSP00000295797","9606.ENSP00000361021","0.0","false","interacts with","PRKCI (interacts with) PTEN"
"0.125","0.183","0.728","0.65","0.0","0.0","0.0","interacts with","PSMB5 (interacts with) SOD1","0.0","9606.ENSP00000355325","9606.ENSP00000270142","0.0","false","interacts with","PSMB5 (interacts with) SOD1"
"0.741","0.0","0.743","0.0","0.045","0.0","0.0","interacts with","PTEN (interacts with) SOX2","0.0","9606.ENSP00000361021","9606.ENSP00000323588","0.0","false","interacts with","PTEN (interacts with) SOX2"
"0.479","0.044","0.945","0.9","0.0","0.0","0.0","interacts with","PTGDS (interacts with) PTGS2","0.0","9606.ENSP00000360687","9606.ENSP00000356438","0.0","false","interacts with","PTGDS (interacts with) PTGS2"
"0.704","0.043","0.704","0.0","0.0","0.0","0.0","interacts with","PTGS2 (interacts with) XDH","0.0","9606.ENSP00000356438","9606.ENSP00000368727","0.0","false","interacts with","PTGS2 (interacts with) XDH"
"0.69","0.219","0.75","0.0","0.051","0.0","0.0","interacts with","PTPRB (interacts with) TIE1","0.0","9606.ENSP00000334928","9606.ENSP00000361554","0.0","false","interacts with","PTPRB (interacts with) TIE1"
"0.787","0.46","0.896","0.0","0.17","0.0","0.0","interacts with","PTPRB (interacts with) TEK","0.0","9606.ENSP00000334928","9606.ENSP00000369375","0.0","false","interacts with","PTPRB (interacts with) TEK"
"0.96","0.049","0.997","0.9","0.311","0.0","0.0","interacts with","RARA (interacts with) ZBTB16","0.0","9606.ENSP00000254066","9606.ENSP00000338157","0.0","false","interacts with","RARA (interacts with) ZBTB16"
"0.755","0.067","0.761","0.0","0.0","0.0","0.0","interacts with","RECK (interacts with) SPARC","0.0","9606.ENSP00000367202","9606.ENSP00000231061","0.0","false","interacts with","RECK (interacts with) SPARC"
"0.995","0.142","0.998","0.0","0.561","0.0","0.0","interacts with","ROBO4 (interacts with) SLIT2","0.0","9606.ENSP00000304945","9606.ENSP00000422591","0.0","false","interacts with","ROBO4 (interacts with) SLIT2"
"0.713","0.812","0.943","0.0","0.0","0.0","0.0","interacts with","RRM2 (interacts with) TPX2","0.0","9606.ENSP00000353770","9606.ENSP00000300403","0.0","false","interacts with","RRM2 (interacts with) TPX2"
"0.628","0.844","0.939","0.0","0.0","0.0","0.0","interacts with","RRM2 (interacts with) TYMS","0.0","9606.ENSP00000353770","9606.ENSP00000315644","0.0","false","interacts with","RRM2 (interacts with) TYMS"
"0.749","0.73","0.931","0.0","0.068","0.0","0.0","interacts with","RRM2 (interacts with) UBE2C","0.0","9606.ENSP00000353770","9606.ENSP00000348838","0.0","false","interacts with","RRM2 (interacts with) UBE2C"
"0.447","0.689","0.82","0.0","0.0","0.0","0.0","interacts with","RRM2 (interacts with) TTK","0.0","9606.ENSP00000353770","9606.ENSP00000358813","0.0","false","interacts with","RRM2 (interacts with) TTK"
"0.329","0.785","0.85","0.0","0.0","0.0","0.0","interacts with","RRM2 (interacts with) UHRF1","0.0","9606.ENSP00000353770","9606.ENSP00000479617","0.0","false","interacts with","RRM2 (interacts with) UHRF1"
"0.623","0.782","0.914","0.0","0.0","0.0","0.0","interacts with","RRM2 (interacts with) TK1","0.0","9606.ENSP00000353770","9606.ENSP00000468425","0.0","false","interacts with","RRM2 (interacts with) TK1"
"0.446","0.9","0.942","0.0","0.0","0.0","0.0","interacts with","RRM2 (interacts with) ZWINT","0.0","9606.ENSP00000353770","9606.ENSP00000363055","0.0","false","interacts with","RRM2 (interacts with) ZWINT"
"0.785","0.807","0.956","0.0","0.0","0.035","0.0","interacts with","RRM2 (interacts with) TOP2A","0.0","9606.ENSP00000353770","9606.ENSP00000411532","0.0","false","interacts with","RRM2 (interacts with) TOP2A"
"0.337","0.0","0.827","0.75","0.0","0.0","0.0","interacts with","RUNX3 (interacts with) SPP1","0.0","9606.ENSP00000382800","9606.ENSP00000378517","0.0","false","interacts with","RUNX3 (interacts with) SPP1"
"0.584","0.108","0.74","0.0","0.355","0.0","0.0","interacts with","S100A10 (interacts with) S100A3","0.0","9606.ENSP00000357801","9606.ENSP00000357702","0.0","false","interacts with","S100A10 (interacts with) S100A3"
"0.591","0.988","0.995","0.0","0.046","0.0","0.846","interacts with","S100A12 (interacts with) S100A8","0.0","9606.ENSP00000357726","9606.ENSP00000357721","0.0","false","interacts with","S100A12 (interacts with) S100A8"
"0.305","0.248","0.767","0.0","0.591","0.0","0.903","interacts with","S100A2 (interacts with) S100A3","0.0","9606.ENSP00000499289","9606.ENSP00000357702","0.0","false","interacts with","S100A2 (interacts with) S100A3"
"0.819","0.076","0.829","0.0","0.06","0.0","0.0","interacts with","SALL4 (interacts with) TBX3","0.0","9606.ENSP00000217086","9606.ENSP00000257566","0.0","false","interacts with","SALL4 (interacts with) TBX3"
"0.901","0.145","0.983","0.8","0.141","0.0","0.0","interacts with","SALL4 (interacts with) SOX2","0.0","9606.ENSP00000217086","9606.ENSP00000323588","0.0","false","interacts with","SALL4 (interacts with) SOX2"
"0.752","0.0","0.752","0.0","0.0","0.0","0.0","interacts with","SCEL (interacts with) SULF1","0.0","9606.ENSP00000302579","9606.ENSP00000260128","0.0","false","interacts with","SCEL (interacts with) SULF1"
"0.72","0.443","0.837","0.0","0.0","0.0","0.0","interacts with","SCGB1A1 (interacts with) SFTPD","0.0","9606.ENSP00000278282","9606.ENSP00000361366","0.0","false","interacts with","SCGB1A1 (interacts with) SFTPD"
"0.855","0.671","0.95","0.0","0.0","0.0","0.0","interacts with","SCGB1A1 (interacts with) SFTPC","0.0","9606.ENSP00000278282","9606.ENSP00000316152","0.0","false","interacts with","SCGB1A1 (interacts with) SFTPC"
"0.86","0.661","0.95","0.0","0.0","0.0","0.0","interacts with","SCGB1A1 (interacts with) SCGB3A2","0.0","9606.ENSP00000278282","9606.ENSP00000296694","0.0","false","interacts with","SCGB1A1 (interacts with) SCGB3A2"
"0.655","0.584","0.85","0.0","0.0","0.0","0.0","interacts with","SCGB3A2 (interacts with) SFTPC","0.0","9606.ENSP00000296694","9606.ENSP00000316152","0.0","false","interacts with","SCGB3A2 (interacts with) SFTPC"
"0.892","0.086","0.996","0.54","0.926","0.0","0.0","interacts with","SCN1A (interacts with) SCN4B","0.0","9606.ENSP00000303540","9606.ENSP00000322460","0.0","false","interacts with","SCN1A (interacts with) SCN4B"
"0.097","0.047","0.906","0.9","0.0","0.0","0.0","interacts with","SCN4B (interacts with) SCNN1G","0.0","9606.ENSP00000322460","9606.ENSP00000300061","0.0","false","interacts with","SCN4B (interacts with) SCNN1G"
"0.374","0.062","0.936","0.9","0.0","0.0","0.0","interacts with","SCN4B (interacts with) SCN7A","0.0","9606.ENSP00000322460","9606.ENSP00000496114","0.0","false","interacts with","SCN4B (interacts with) SCN7A"
"0.816","0.067","0.875","0.0","0.334","0.0","0.0","interacts with","SCUBE3 (interacts with) TGFBR2","0.0","9606.ENSP00000274938","9606.ENSP00000351905","0.0","false","interacts with","SCUBE3 (interacts with) TGFBR2"
"0.781","0.152","0.806","0.0","0.0","0.0","0.0","interacts with","SELE (interacts with) VWF","0.0","9606.ENSP00000331736","9606.ENSP00000261405","0.0","false","interacts with","SELE (interacts with) VWF"
"0.704","0.081","0.734","0.0","0.101","0.0","0.0","interacts with","SELE (interacts with) THBD","0.0","9606.ENSP00000331736","9606.ENSP00000366307","0.0","false","interacts with","SELE (interacts with) THBD"
"0.846","0.042","0.846","0.0","0.0","0.0","0.0","interacts with","SERPIND1 (interacts with) THBD","0.0","9606.ENSP00000215727","9606.ENSP00000366307","0.0","false","interacts with","SERPIND1 (interacts with) THBD"
"0.231","0.08","0.716","0.5","0.292","0.0","0.0","interacts with","SFN (interacts with) TP63","0.0","9606.ENSP00000340989","9606.ENSP00000264731","0.0","false","interacts with","SFN (interacts with) TP63"
"0.069","0.0","0.737","0.0","0.73","0.0","0.0","interacts with","SFN (interacts with) SMTNL2","0.0","9606.ENSP00000340989","9606.ENSP00000373964","0.0","false","interacts with","SFN (interacts with) SMTNL2"
"0.944","0.704","0.99","0.5","0.0","0.0","0.0","interacts with","SFTPC (interacts with) SFTPD","0.0","9606.ENSP00000316152","9606.ENSP00000361366","0.0","false","interacts with","SFTPC (interacts with) SFTPD"
"0.349","0.076","0.934","0.9","0.0","0.0","0.0","interacts with","SGPP2 (interacts with) UGT8","0.0","9606.ENSP00000315137","9606.ENSP00000311648","0.0","false","interacts with","SGPP2 (interacts with) UGT8"
"0.069","0.138","0.931","0.5","0.847","0.0","0.967","interacts with","SH3GL2 (interacts with) SH3GL3","0.0","9606.ENSP00000369981","9606.ENSP00000320092","0.056","false","interacts with","SH3GL2 (interacts with) SH3GL3"
"0.716","0.08","0.736","0.0","0.071","0.0","0.0","interacts with","SHOX2 (interacts with) TBX3","0.0","9606.ENSP00000374240","9606.ENSP00000257566","0.0","false","interacts with","SHOX2 (interacts with) TBX3"
"0.859","0.053","0.897","0.0","0.292","0.0","0.0","interacts with","SNCA (interacts with) SOD1","0.0","9606.ENSP00000500990","9606.ENSP00000270142","0.0","false","interacts with","SNCA (interacts with) SOD1"
"0.499","0.056","0.962","0.9","0.303","0.0","0.764","interacts with","SOCS2 (interacts with) SOCS3","0.0","9606.ENSP00000481249","9606.ENSP00000330341","0.0","false","interacts with","SOCS2 (interacts with) SOCS3"
"0.871","0.0","0.907","0.0","0.308","0.0","0.0","interacts with","SOX2 (interacts with) TBX3","0.0","9606.ENSP00000323588","9606.ENSP00000257566","0.0","false","interacts with","SOX2 (interacts with) TBX3"
"0.918","0.072","0.93","0.0","0.166","0.0","0.0","interacts with","SOX2 (interacts with) TP63","0.0","9606.ENSP00000323588","9606.ENSP00000264731","0.0","false","interacts with","SOX2 (interacts with) TP63"
"0.643","0.267","0.735","0.0","0.07","0.0","0.0","interacts with","SPARC (interacts with) THBS2","0.0","9606.ENSP00000231061","9606.ENSP00000355751","0.0","false","interacts with","SPARC (interacts with) THBS2"
"0.727","0.174","0.765","0.0","0.0","0.0","0.0","interacts with","SPARC (interacts with) VWF","0.0","9606.ENSP00000231061","9606.ENSP00000261405","0.0","false","interacts with","SPARC (interacts with) VWF"
"0.983","0.097","0.984","0.0","0.0","0.0","0.0","interacts with","SPARC (interacts with) SPP1","0.0","9606.ENSP00000231061","9606.ENSP00000378517","0.0","false","interacts with","SPARC (interacts with) SPP1"
"0.798","0.086","0.807","0.0","0.0","0.0","0.0","interacts with","SPP1 (interacts with) VWF","0.0","9606.ENSP00000378517","9606.ENSP00000261405","0.0","false","interacts with","SPP1 (interacts with) VWF"
"0.507","0.149","0.726","0.4","0.0","0.0","0.0","interacts with","SPP1 (interacts with) THBS2","0.0","9606.ENSP00000378517","9606.ENSP00000355751","0.0","false","interacts with","SPP1 (interacts with) THBS2"
"0.287","0.055","0.743","0.65","0.0","0.0","0.0","interacts with","SRD5A1 (interacts with) UGT2B4","0.0","9606.ENSP00000274192","9606.ENSP00000305221","0.0","false","interacts with","SRD5A1 (interacts with) UGT2B4"
"0.626","0.0","0.712","0.0","0.0","0.0","0.0","interacts with","ST6GALNAC1 (interacts with) ST6GALNAC5","0.0","9606.ENSP00000156626","9606.ENSP00000417583","0.26","false","interacts with","ST6GALNAC1 (interacts with) ST6GALNAC5"
"0.695","0.237","0.757","0.0","0.0","0.0","0.0","interacts with","TEK (interacts with) VWF","0.0","9606.ENSP00000369375","9606.ENSP00000261405","0.0","false","interacts with","TEK (interacts with) VWF"
"0.574","0.451","0.827","0.0","0.292","0.0","0.92","interacts with","TEK (interacts with) TIE1","0.0","9606.ENSP00000369375","9606.ENSP00000361554","0.079","false","interacts with","TEK (interacts with) TIE1"
"0.965","0.06","0.986","0.0","0.615","0.0","0.0","interacts with","TGFBR2 (interacts with) TGFBR3","0.0","9606.ENSP00000351905","9606.ENSP00000212355","0.0","false","interacts with","TGFBR2 (interacts with) TGFBR3"
"0.898","0.124","0.912","0.0","0.091","0.0","0.0","interacts with","THBD (interacts with) VWF","0.0","9606.ENSP00000366307","9606.ENSP00000261405","0.0","false","interacts with","THBD (interacts with) VWF"
"0.56","0.532","0.792","0.0","0.07","0.0","0.0","interacts with","TK1 (interacts with) TPX2","0.0","9606.ENSP00000468425","9606.ENSP00000300403","0.0","false","interacts with","TK1 (interacts with) TPX2"
"0.854","0.71","0.991","0.809","0.0","0.0","0.0","interacts with","TK1 (interacts with) TYMS","0.075","9606.ENSP00000468425","9606.ENSP00000315644","0.0","false","interacts with","TK1 (interacts with) TYMS"
"0.432","0.786","0.873","0.0","0.0","0.0","0.0","interacts with","TK1 (interacts with) UBE2C","0.0","9606.ENSP00000468425","9606.ENSP00000348838","0.0","false","interacts with","TK1 (interacts with) UBE2C"
"0.567","0.776","0.898","0.0","0.0","0.0","0.0","interacts with","TK1 (interacts with) ZWINT","0.0","9606.ENSP00000468425","9606.ENSP00000363055","0.0","false","interacts with","TK1 (interacts with) ZWINT"
"0.645","0.478","0.806","0.0","0.0","0.0","0.0","interacts with","TK1 (interacts with) TOP2A","0.0","9606.ENSP00000468425","9606.ENSP00000411532","0.0","false","interacts with","TK1 (interacts with) TOP2A"
"0.459","0.478","0.705","0.0","0.0","0.0","0.0","interacts with","TK1 (interacts with) UBE2T","0.0","9606.ENSP00000468425","9606.ENSP00000494957","0.0","false","interacts with","TK1 (interacts with) UBE2T"
"0.623","0.854","0.942","0.0","0.0","0.0","0.0","interacts with","TOP2A (interacts with) TPX2","0.0","9606.ENSP00000411532","9606.ENSP00000300403","0.0","false","interacts with","TOP2A (interacts with) TPX2"
"0.813","0.78","0.96","0.0","0.0","0.0","0.0","interacts with","TOP2A (interacts with) TYMS","0.12","9606.ENSP00000411532","9606.ENSP00000315644","0.0","false","interacts with","TOP2A (interacts with) TYMS"
"0.837","0.842","0.973","0.0","0.068","0.0","0.0","interacts with","TOP2A (interacts with) UBE2C","0.0","9606.ENSP00000411532","9606.ENSP00000348838","0.0","false","interacts with","TOP2A (interacts with) UBE2C"
"0.719","0.858","0.958","0.0","0.0","0.0","0.0","interacts with","TOP2A (interacts with) TTK","0.0","9606.ENSP00000411532","9606.ENSP00000358813","0.0","false","interacts with","TOP2A (interacts with) TTK"
"0.655","0.653","0.875","0.0","0.0","0.0","0.0","interacts with","TOP2A (interacts with) ZWINT","0.0","9606.ENSP00000411532","9606.ENSP00000363055","0.0","false","interacts with","TOP2A (interacts with) ZWINT"
"0.613","0.509","0.855","0.0","0.301","0.0","0.0","interacts with","TOP2A (interacts with) UHRF1","0.0","9606.ENSP00000411532","9606.ENSP00000479617","0.0","false","interacts with","TOP2A (interacts with) UHRF1"
"0.562","0.559","0.799","0.0","0.042","0.0","0.0","interacts with","TPX2 (interacts with) UBE2T","0.0","9606.ENSP00000300403","9606.ENSP00000494957","0.0","false","interacts with","TPX2 (interacts with) UBE2T"
"0.639","0.771","0.913","0.0","0.0","0.0","0.0","interacts with","TPX2 (interacts with) ZWINT","0.0","9606.ENSP00000300403","9606.ENSP00000363055","0.0","false","interacts with","TPX2 (interacts with) ZWINT"
"0.592","0.848","0.935","0.0","0.0","0.0","0.0","interacts with","TPX2 (interacts with) TTK","0.0","9606.ENSP00000300403","9606.ENSP00000358813","0.0","false","interacts with","TPX2 (interacts with) TTK"
"0.751","0.866","0.965","0.0","0.042","0.0","0.0","interacts with","TPX2 (interacts with) UBE2C","0.0","9606.ENSP00000300403","9606.ENSP00000348838","0.0","false","interacts with","TPX2 (interacts with) UBE2C"
"0.497","0.83","0.911","0.0","0.0","0.0","0.0","interacts with","TTK (interacts with) UBE2C","0.0","9606.ENSP00000358813","9606.ENSP00000348838","0.0","false","interacts with","TTK (interacts with) UBE2C"
"0.371","0.644","0.766","0.0","0.0","0.0","0.0","interacts with","TTK (interacts with) ZWINT","0.0","9606.ENSP00000358813","9606.ENSP00000363055","0.0","false","interacts with","TTK (interacts with) ZWINT"
"0.37","0.765","0.845","0.0","0.0","0.0","0.0","interacts with","TYMS (interacts with) ZWINT","0.0","9606.ENSP00000315644","9606.ENSP00000363055","0.0","false","interacts with","TYMS (interacts with) ZWINT"
"0.629","0.481","0.858","0.0","0.324","0.0","0.0","interacts with","TYMS (interacts with) UBE2C","0.0","9606.ENSP00000315644","9606.ENSP00000348838","0.0","false","interacts with","TYMS (interacts with) UBE2C"
"0.254","0.562","0.794","0.4","0.071","0.0","0.809","interacts with","UBE2C (interacts with) UBE2T","0.0","9606.ENSP00000348838","9606.ENSP00000494957","0.0","false","interacts with","UBE2C (interacts with) UBE2T"
"0.478","0.775","0.878","0.0","0.0","0.0","0.0","interacts with","UBE2C (interacts with) ZWINT","0.0","9606.ENSP00000348838","9606.ENSP00000363055","0.0","false","interacts with","UBE2C (interacts with) ZWINT"
"0.3","0.63","0.73","0.0","0.0","0.0","0.0","interacts with","UBE2T (interacts with) ZWINT","0.0","9606.ENSP00000494957","9606.ENSP00000363055","0.0","false","interacts with","UBE2T (interacts with) ZWINT"
"0.557","0.37","0.709","0.0","0.0","0.0","0.0","interacts with","UBE2T (interacts with) UHRF1","0.0","9606.ENSP00000494957","9606.ENSP00000479617","0.0","false","interacts with","UBE2T (interacts with) UHRF1"
"0.213","0.637","0.702","0.0","0.0","0.0","0.0","interacts with","UHRF1 (interacts with) ZWINT","0.0","9606.ENSP00000479617","9606.ENSP00000363055","0.0","false","interacts with","UHRF1 (interacts with) ZWINT"
