"source","target","weight"
"ABAT","ACADS",0.816
"ABAT","ACSS2",0.829
"ABAT","ALDH2",0.945
"ABAT","SORD",0.707
"ABAT","ALDH3A2",0.947
"ABAT","ACSS3",0.828
"ABAT","ALDH3B2",0.942
"ABCA6","FOXO1",0.789
"ABCA6","ABCA9",0.79
"ABCA6","ABCA9",0.79
"ACAA2","ACADL",0.979
"ACAA2","ACADS",0.982
"ACAA2","ACSS2",0.933
"ACAA2","ETFB",0.738
"ACAA2","ACSL1",0.788
"ACAA2","HSDL2",0.918
"ACAA2","ACSS3",0.927
"ACACB","ACSS2",0.96
"ACACB","PC",0.712
"ACACB","ACSL1",0.737
"ACACB","SCD",0.754
"ACADL","HSDL2",0.781
"ACADL","ETFB",0.822
"ACADL","ACSL1",0.868
"ACADL","ACADS",0.935
"ACAA2","ACADL",0.979
"ACADL","ACADS",0.935
"ACADS","HSDL2",0.794
"ABAT","ACADS",0.816
"ACADS","ALDH3A2",0.883
"ACADS","ALDH2",0.906
"ACADS","ETFB",0.924
"ACADS","ACSM5",0.94
"ACADS","ACSS3",0.941
"ACADS","ACSS2",0.95
"ACAA2","ACADS",0.982
"ACKR1","ACKR4",0.747
"ACKR1","NECTIN2",0.986
"ACKR1","GYPC",0.877
"ACKR1","PPBP",0.836
"ACKR1","CXCL8",0.999
"ACKR3","MIF",0.718
"ACKR3","CCR5",0.709
"ACKR3","AVPR1A",0.767
"ACKR3","EGFR",0.768
"ACKR3","CXCL10",0.863
"ACKR3","ADM",0.873
"ACKR3","CXCR4",0.996
"ACKR3","CXCL11",0.998
"ACKR3","CXCL12",0.999
"ACKR4","CCR7",0.965
"ACKR1","ACKR4",0.747
"ACKR4","CXCL12",0.865
"ACO1","CYBRD1",0.714
"ACO1","PC",0.73
"ACO1","SLC11A2",0.927
"ACO1","IDH2",0.998
"ACSL1","DGAT2",0.748
"ACADL","ACSL1",0.868
"ACSL1","MGLL",0.883
"ACAA2","ACSL1",0.788
"ACSL1","PPARG",0.745
"ACSL1","PNPLA2",0.83
"ACACB","ACSL1",0.737
"ACSL1","CD36",0.857
"ACSL1","LPL",0.928
"ACADS","ACSM5",0.94
"ACSM5","HSDL2",0.706
"ACADS","ACSS2",0.95
"ACSS2","HSDL2",0.706
"ACSS2","IDH2",0.748
"ABAT","ACSS2",0.829
"ACSS2","PCK1",0.883
"ACSS2","ACSS3",0.921
"ACSS2","PC",0.923
"ACAA2","ACSS2",0.933
"ACSS2","ALDH3A2",0.947
"ACSS2","ALDH3B2",0.947
"ACSS2","ALDH2",0.954
"ACACB","ACSS2",0.96
"ACADS","ACSS3",0.941
"ACSS2","ACSS3",0.921
"ACSS3","ALDH2",0.886
"ACAA2","ACSS3",0.927
"ACSS3","ALDH3A2",0.902
"ABAT","ACSS3",0.828
"ACSS3","HSDL2",0.733
"ACVR1C","INHBA",0.982
"ACVR1C","SMAD4",0.817
"ACVR1C","SMAD2",0.982
"ACVR1C","INHBB",0.991
"ADAM12","TGFBR2",0.853
"ADAM12","ITGA7",0.713
"ADAM12","PIK3R1",0.79
"ADAM12","SDC1",0.79
"ADAMTS3","FN1",0.723
"ADAMTS3","COL10A1",0.741
"ADAMTS3","CCBE1",0.825
"ADAMTS3","MMP3",0.879
"ADAMTS5","RUNX2",0.741
"ADAMTS5","MMP3",0.89
"ADAMTSL4","FBN1",0.94
"ADCY4","GNG11",0.755
"ADCY4","PDE8B",0.705
"ADCY4","PDE3B",0.744
"ADCY4","PDE11A",0.719
"ADCY4","PDE7B",0.756
"ADCY4","GNG2",0.723
"ADCY4","GNAI1",0.749
"ADCY4","PDE4D",0.792
"ADCY4","PDE2A",0.798
"ADCY4","GCH1",0.8
"ADCY4","MOCS1",0.812
"ADCY4","CNR1",0.907
"ADCY4","RAPGEF3",0.939
"ADCY4","GNAL",0.958
"ADCYAP1R1","NTRK2",0.774
"ADCYAP1R1","GNG2",0.909
"ADGRA2","LRP5",0.908
"ADGRA2","RECK",0.735
"ADGRA2","FZD4",0.802
"ADGRD1","NPR3",0.711
"ADGRD1","GNG2",0.822
"ADGRL4","EMCN",0.782
"ADH1B","GSTM5",0.75
"ADH1B","ALDH2",0.995
"ADH1B","RETSAT",0.91
"ADH1B","ALDH1A1",0.949
"ADH1B","ADHFE1",0.725
"ADH1B","ALDH3B2",0.836
"ADH1B","ALDH3A2",0.861
"ADH1B","MAOA",0.946
"ADH1B","ADH1C",0.986
"ADH1C","GSTM5",0.738
"ADH1C","ALDH2",0.989
"ADH1C","RETSAT",0.914
"ADH1C","ALDH1A1",0.921
"ADH1B","ADH1C",0.986
"ADH1C","MAOA",0.936
"ADH1C","ALDH3A2",0.862
"ADH1C","ADHFE1",0.758
"ADH1C","ALDH3B2",0.847
"ADHFE1","MGLL",0.799
"ADHFE1","SORD",0.874
"ADH1B","ADHFE1",0.725
"ADH1C","ADHFE1",0.758
"ADHFE1","HSDL2",0.889
"ADHFE1","MRTFA",0.955
"ADIPOQ","SERPINE1",0.789
"ADIPOQ","APOB",0.781
"ADIPOQ","LIPE",0.86
"ADIPOQ","FABP4",0.942
"ADIPOQ","PPARG",0.965
"ADIPOQ","PLIN1",0.947
"ADIPOQ","IRS1",0.734
"ADIPOQ","LEP",0.994
"ADIPOQ","CIDEA",0.763
"ADIPOQ","MLXIPL",0.709
"ADIPOQ","PNPLA2",0.705
"ADIPOQ","RBP4",0.799
"ADIPOQ","CIDEC",0.743
"ADIPOQ","IGF1",0.779
"ADIPOQ","RARRES2",0.773
"ADIPOQ","LPL",0.794
"ADIPOQ","CD36",0.806
"ADIPOQ","CEBPA",0.942
"ADIPOQ","CFD",0.988
"ADIRF","PPARG",0.789
"ACKR3","ADM",0.873
"ADM","GNG2",0.8
"ADRA1A","CXCR4",0.795
"ADRA2A","GNG2",0.932
"ADRB1","ADRB2",0.956
"ADRB1","GNAL",0.843
"ADRB1","GNAI1",0.923
"ADRB2","NR3C1",0.727
"ADRB2","APOB",0.744
"ADRB2","SLC9A3R1",0.997
"ADRB2","ERBB2",0.822
"ADRB2","EZR",0.714
"ADRB2","PDE4D",0.745
"ADRB2","RAPGEF3",0.756
"ADRB2","GRK3",0.825
"ADRB2","CXCR4",0.826
"ADRB2","GNAL",0.839
"ADRB2","AGTR1",0.873
"ADRB2","GNAI1",0.949
"ADRB1","ADRB2",0.956
"ADRB2","AKAP12",0.983
"AGPAT2","DGAT2",0.707
"AGPAT2","GPAT3",0.911
"AGPAT2","GPAM",0.926
"AGPAT2","CDS1",0.963
"AGPAT2","GPD1",0.904
"AGPAT2","MBOAT2",0.979
"AGPAT2","PLPP2",0.967
"AGPAT2","CAV1",0.844
"AGPAT2","CAVIN1",0.841
"AGPAT2","PLPP3",0.965
"AGPAT2","PLPP5",0.936
"AGR2","FOXA1",0.85
"AGR2","SPDEF",0.784
"AGR2","ESR1",0.772
"AGR2","TFF3",0.799
"AGTR1","SERPINE1",0.953
"ADRB2","AGTR1",0.873
"AGTR1","CXCL8",0.782
"AHNAK","PYGM",0.77
"AHNAK","EZR",0.958
"AHNAK","PPL",0.963
"AHNAK","AHNAK2",0.944
"AHNAK","ANXA1",0.712
"AHNAK","AHNAK2",0.944
"AIFM2","TP53",0.934
"AIFM2","GPX4",0.817
"AKAP12","HSPA12B",0.774
"AKAP12","EGFR",0.81
"ADRB2","AKAP12",0.983
"AKAP12","PDE4D",0.825
"AKAP12","CAVIN1",0.793
"AKAP12","ANGPT1",0.733
"AKAP12","HSPA12A",0.807
"AKAP9","KCNJ2",0.776
"AKAP9","PRKAR2B",0.902
"AKAP9","SCN4B",0.856
"AKAP9","PDE4D",0.809
"AKR1C1","SRD5A3",0.951
"AKR1C1","SRD5A1",0.975
"AKR1C1","AKR1C3",0.995
"AKR1C3","STS",0.952
"AKR1C3","SRD5A3",0.965
"AKR1C3","SRD5A1",0.986
"AKR1C3","HSD17B6",0.978
"AKR1C1","AKR1C3",0.995
"ALCAM","NT5E",0.868
"ALCAM","EGFR",0.708
"ALCAM","S100B",0.844
"ALCAM","CD9",0.767
"ALCAM","CD24",0.773
"ALCAM","CD34",0.798
"ALDH1A1","CYP26B1",0.964
"ALDH1A1","RDH5",0.945
"ALDH1A1","EPCAM",0.72
"ALDH1A1","CD24",0.815
"ALDH1A1","HSD17B6",0.912
"ADH1C","ALDH1A1",0.921
"ADH1B","ALDH1A1",0.949
"ALDH1A1","RDH11",0.951
"ALDH1L1","SLC1A3",0.781
"ALDH1L1","S100B",0.705
"ALDH1L1","MTHFD2",0.955
"ACADS","ALDH2",0.906
"ACSS2","ALDH2",0.954
"ACSS3","ALDH2",0.886
"ALDH2","ALDH3A2",0.932
"ABAT","ALDH2",0.945
"ALDH2","AOC3",0.976
"ALDH2","MAOA",0.982
"ADH1C","ALDH2",0.989
"ADH1B","ALDH2",0.995
"ALDH3A2","FA2H",0.782
"ACADS","ALDH3A2",0.883
"ACSS2","ALDH3A2",0.947
"ALDH2","ALDH3A2",0.932
"ADH1B","ALDH3A2",0.861
"ALDH3A2","AOC3",0.928
"ALDH3A2","MAOA",0.957
"ALDH3A2","HSDL2",0.756
"ADH1C","ALDH3A2",0.862
"ACSS3","ALDH3A2",0.902
"ABAT","ALDH3A2",0.947
"ACSS2","ALDH3B2",0.947
"ADH1B","ALDH3B2",0.836
"ALDH3B2","AOC3",0.928
"ALDH3B2","MAOA",0.941
"ABAT","ALDH3B2",0.942
"ADH1C","ALDH3B2",0.847
"ALK","KRAS",0.989
"ALK","PIK3CA",0.979
"ALK","BCL2A1",0.707
"ALK","TP53",0.772
"ALK","ERBB2",0.775
"ALK","IRS1",0.882
"ALK","SMARCA4",0.736
"ALK","FN1",0.744
"ALK","TGFBR2",0.947
"ALK","PTEN",0.722
"ALK","SDC1",0.792
"ALK","PTPN11",0.79
"ALK","MYC",0.896
"ALK","HRAS",0.966
"ALK","PIK3R1",0.973
"ALK","MDK",0.997
"AMOTL2","PRKCI",0.906
"AMOTL2","PATJ",0.957
"ANG","CXCL8",0.767
"ANG","RNASE4",0.988
"ANGPT1","VWF",0.755
"ANGPT1","FGF2",0.822
"ANGPT1","ERBB3",0.728
"ANGPT1","ERBB2",0.736
"ANGPT1","EGFR",0.85
"ANGPT1","NTRK2",0.719
"ANGPT1","PTPRB",0.705
"ANGPT1","FGFR3",0.732
"ANGPT1","ERBB4",0.712
"ANGPT1","CXCL12",0.704
"AKAP12","ANGPT1",0.733
"ANGPT1","CXCR4",0.757
"ANGPT1","FGFR2",0.738
"ANGPT1","CDH5",0.797
"ANGPTL4","PDK4",0.739
"ANGPTL4","FABP4",0.737
"ANGPTL4","PPARG",0.875
"ANGPTL4","CDH5",0.87
"ANGPTL4","CLDN5",0.913
"ANGPTL4","GPIHBP1",0.926
"ANGPTL4","LPL",0.994
"ANK2","TP53",0.727
"ANK2","ERBB2",0.824
"ANK2","ANK3",0.911
"ANK2","REL",0.857
"ANK2","ITPR1",0.986
"ANK2","SCN4B",0.862
"ANK2","SPTBN1",0.997
"ANK2","MAML2",0.745
"ANK2","DMD",0.76
"ANK2","DMTN",0.802
"ANK3","CDH1",0.766
"ANK3","TP53",0.753
"ANK3","ERBB2",0.825
"ANK3","GABARAPL1",0.735
"ANK3","MAML2",0.747
"ANK3","EZR",0.75
"ANK3","DMTN",0.807
"ANK3","REL",0.854
"ANK2","ANK3",0.911
"ANK3","ITPR1",0.946
"ANK3","SPTBN1",0.974
"ANLN","TRIP13",0.748
"ANLN","AURKA",0.741
"ANLN","DLGAP5",0.914
"ANLN","CCNB1",0.86
"ANLN","KIF23",0.989
"ANLN","KIF11",0.947
"ANLN","MCM4",0.841
"ANLN","CENPE",0.762
"ANLN","CDC20",0.701
"ANLN","TTK",0.704
"ANLN","NUSAP1",0.712
"ANLN","KPNA2",0.714
"ANLN","TYMS",0.729
"ANLN","SHCBP1",0.743
"ANLN","MKI67",0.745
"ANLN","CCNA2",0.747
"ANLN","EXO1",0.754
"ANLN","UBE2C",0.773
"ANLN","BIRC5",0.781
"ANLN","KIF4A",0.782
"ANLN","RRM2",0.785
"ANLN","NEK2",0.787
"ANLN","CDCA8",0.789
"ANLN","IQGAP3",0.795
"ANLN","BUB1B",0.8
"ANLN","SMC4",0.806
"ANLN","PBK",0.811
"ANLN","CDK1",0.816
"ANLN","KIF2C",0.821
"ANLN","KIF14",0.828
"ANLN","MELK",0.831
"ANLN","PRC1",0.839
"ANLN","CENPF",0.842
"ANLN","DEPDC1",0.847
"ANLN","TOP2A",0.861
"ANLN","HMMR",0.88
"ANLN","NUF2",0.897
"ANLN","ASPM",0.9
"ANLN","BUB1",0.917
"ANLN","TPX2",0.923
"ANLN","CEP55",0.93
"ANLN","KIF20A",0.949
"ANLN","ECT2",0.994
"ANO3","GNAL",0.801
"ANTXR2","VWF",0.802
"ANXA1","CDH1",0.776
"ANXA1","TP53",0.762
"ANXA1","EGFR",0.802
"ANXA1","CXCL8",0.828
"ANXA1","FN1",0.793
"ANXA1","PLA2G4A",0.813
"ANXA1","S100A4",0.844
"AHNAK","ANXA1",0.712
"ANXA1","KRT8",0.723
"ANXA1","CD9",0.737
"ALDH2","AOC3",0.976
"ALDH3B2","AOC3",0.928
"ALDH3A2","AOC3",0.928
"AOC3","MAOA",0.959
"AP1M2","AP1S2",0.997
"AP1M2","AP1S2",0.997
"APCDD1","LRP5",0.991
"APOB","CETP",0.989
"APOB","HBB",0.72
"APOB","GPIHBP1",0.737
"ADRB2","APOB",0.744
"APOB","APOBEC3B",0.758
"APOB","APOBEC3A",0.765
"ADIPOQ","APOB",0.781
"APOB","LIPE",0.788
"APOB","HSPG2",0.792
"APOB","TF",0.797
"APOB","FN1",0.825
"APOB","LSR",0.847
"APOB","CLU",0.865
"APOB","OLR1",0.868
"APOB","VLDLR",0.873
"APOB","HMGCR",0.896
"APOB","PLA2G7",0.936
"APOB","LPL",0.94
"APOB","CD36",0.98
"APOB","APOC1",0.996
"APOB","APOBEC3A",0.765
"APOBEC3A","APOBEC3B",0.939
"APOB","APOBEC3B",0.758
"APOBEC3A","APOBEC3B",0.939
"APOC1","CETP",0.985
"APOB","APOC1",0.996
"APOC1","PLA2G7",0.842
"APOC1","CLU",0.969
"APOC1","VLDLR",0.806
"APOC1","LPL",0.866
"AQP1","AQP3",0.745
"AQP1","EPB42",0.823
"AQP1","AQP3",0.745
"ARHGEF6","RABIF",0.826
"ARHGEF6","HRAS",0.908
"ARHGEF6","MRAS",0.908
"ARHGEF6","KRAS",0.912
"ASPA","NAT8L",0.977
"ASPH","CASQ2",0.998
"ASPH","F10",0.916
"ASPM","TRIP13",0.729
"ASPM","AURKA",0.93
"ASPM","OIP5",0.75
"ASPM","MND1",0.792
"ASPM","DLGAP5",0.994
"ASPM","NCAPG",0.972
"ASPM","CCNB1",0.952
"ASPM","KIF23",0.987
"ASPM","KIF11",0.989
"ASPM","NDC80",0.969
"ASPM","CENPE",0.981
"ANLN","ASPM",0.9
"ASPM","NUF2",0.98
"ASPM","CDCA5",0.746
"ASPM","BUB1B",0.974
"ASPM","CCNB2",0.951
"ASPM","MAD2L1",0.812
"ASPM","MELK",0.946
"ASPM","PCLAF",0.909
"ASPM","TPX2",0.949
"ASPM","BIRC5",0.879
"ASPM","BUB1",0.976
"ASPM","TYMS",0.76
"ASPM","SPAG5",0.945
"ASPM","KIF15",0.971
"ASPM","CDKN3",0.854
"ASPM","KNL1",0.755
"ASPM","SMC4",0.809
"ASPM","FOXM1",0.848
"ASPM","UBE2C",0.943
"ASPM","RRM2",0.854
"ASPM","EXO1",0.848
"ASPM","CENPF",0.987
"ASPM","DTL",0.848
"ASPM","NEK2",0.916
"ASPM","KIF14",0.963
"ASPM","CDC45",0.703
"ASPM","CKS2",0.745
"ASPM","TK1",0.763
"ASPM","ZWINT",0.818
"ASPM","UBE2T",0.827
"ASPM","DEPDC1",0.861
"ASPM","CDCA3",0.864
"ASPM","PTTG1",0.866
"ASPM","PRC1",0.921
"ASPM","ECT2",0.924
"ASPM","HMMR",0.928
"ASPM","KIF2C",0.936
"ASPM","NUSAP1",0.94
"ASPM","CDK1",0.942
"ASPM","CCNA2",0.944
"ASPM","CEP55",0.95
"ASPM","CDCA8",0.95
"ASPM","PBK",0.951
"ASPM","KIF4A",0.952
"ASPM","TTK",0.957
"ASPM","MKI67",0.962
"ASPM","CDC20",0.972
"ASPM","KIF20A",0.975
"ASPM","TOP2A",0.996
"ATAD2","H4C6",0.96
"ATAD2","MCM4",0.86
"ATAD2","CENPE",0.729
"ATAD2","CEP55",0.715
"ATAD2","NUSAP1",0.724
"ATAD2","TPX2",0.755
"ATAD2","SMC4",0.766
"ATAD2","HELLS",0.821
"ATAD2","TOP2A",0.837
"ATAD2","ESR1",0.977
"ATE1","RGS4",0.77
"ATG10","GABARAPL1",0.935
"ATM","H4C6",0.772
"ATM","KRAS",0.718
"ATM","CCNB1",0.775
"ATM","BRIP1",0.933
"ATM","BARD1",0.946
"ATM","PALB2",0.945
"ATM","EP300",0.904
"ATM","TP53",0.999
"ATM","ERBB2",0.748
"ATM","FGFR2",0.705
"ATM","KDM6A",0.712
"ATM","NSD2",0.715
"ATM","NF1",0.732
"ATM","CDK1",0.733
"ATM","H2BC21",0.745
"ATM","FOXO1",0.751
"ATM","FEN1",0.753
"ATM","CDC45",0.758
"ATM","PER3",0.778
"ATM","SMARCA4",0.786
"ATM","CCNA2",0.815
"ATM","TERT",0.825
"ATM","CDK12",0.831
"ATM","CDKN2A",0.847
"ATM","RAD51B",0.865
"ATM","MYC",0.871
"ATM","PTEN",0.897
"ATM","RAD51C",0.921
"ATM","FANCI",0.946
"ATM","MDM4",0.954
"ATM","EXO1",0.963
"ATM","FANCD2",0.989
"ATM","BLM",0.991
"ATM","BRCA2",0.995
"ATM","CHEK1",0.998
"ATM","BRCA1",0.999
"ATM","CHEK2",0.999
"ATM","ATR",0.999
"ATP1A2","FXYD1",0.946
"ATP1A2","ATP1B1",0.996
"ATP1A2","ATP1B1",0.996
"ATP1B1","NME7",0.839
"ATP1B1","FXYD1",0.939
"ATP8B4","TMEM30B",0.955
"ATR","H4C6",0.774
"ATR","BRIP1",0.775
"ATR","KIF11",0.854
"ATR","BARD1",0.725
"ATR","MCM4",0.768
"ATR","MCM2",0.758
"ATR","DBF4",0.873
"ATR","TP53",0.996
"ATM","ATR",0.999
"ATR","FANCD2",0.93
"ATR","FEN1",0.717
"ATR","RFX2",0.801
"ATR","FANCI",0.96
"ATR","RAD51C",0.84
"ATR","CDK1",0.786
"ATR","RAD51B",0.799
"ATR","BRCA2",0.831
"ATR","CDC45",0.914
"ATR","EXO1",0.947
"ATR","BLM",0.962
"ATR","CDC7",0.992
"ATR","BRCA1",0.996
"ATR","CHEK2",0.998
"ATR","CHEK1",0.999
"ATXN7","H2BC5",0.705
"ATXN7","H2BC12",0.708
"ATXN7","H2BC9",0.709
"ATXN7","H2BC21",0.858
"ATXN7","SORBS1",0.893
"AURKA","TRIP13",0.771
"AURKA","CDC45",0.701
"AURKA","UBE2S",0.704
"AURKA","PTEN",0.711
"AURKA","CDKN2A",0.723
"AURKA","KIF15",0.725
"AURKA","TYMS",0.729
"AURKA","PCLAF",0.735
"ANLN","AURKA",0.741
"AURKA","HRAS",0.744
"AURKA","HNRNPD",0.744
"AURKA","FEN1",0.748
"AURKA","CHEK1",0.754
"AURKA","EZH2",0.761
"AURKA","ESR1",0.769
"AURKA","TTK",0.779
"AURKA","DEPDC1",0.782
"AURKA","ZWINT",0.787
"AURKA","PBK",0.791
"AURKA","FOXM1",0.793
"AURKA","SPAG5",0.8
"AURKA","CKS2",0.804
"AURKA","CCNE2",0.812
"AURKA","CDCA3",0.815
"AURKA","FAM83D",0.818
"AURKA","NEK2",0.829
"AURKA","ECT2",0.831
"AURKA","TACC1",0.833
"AURKA","NUSAP1",0.843
"AURKA","MKI67",0.85
"AURKA","CDCA5",0.864
"AURKA","CENPE",0.869
"AURKA","CDKN3",0.87
"AURKA","KIF4A",0.885
"AURKA","RRM2",0.892
"AURKA","NUF2",0.893
"AURKA","CENPF",0.902
"AURKA","PRC1",0.91
"AURKA","MELK",0.913
"AURKA","MYC",0.914
"AURKA","KIF23",0.924
"AURKA","BUB1B",0.924
"AURKA","MAD2L1",0.929
"ASPM","AURKA",0.93
"AURKA","NDC80",0.933
"AURKA","KIF20A",0.936
"AURKA","CEP55",0.936
"AURKA","BRCA1",0.942
"AURKA","FN1",0.945
"AURKA","CCNA2",0.949
"AURKA","CDK1",0.951
"AURKA","CDCA8",0.952
"AURKA","NCAPG",0.952
"AURKA","CPEB1",0.955
"AURKA","TOP2A",0.963
"AURKA","DLGAP5",0.966
"AURKA","PTTG1",0.967
"AURKA","HMMR",0.97
"AURKA","BUB1",0.971
"AURKA","KIF11",0.972
"AURKA","KIF2C",0.975
"AURKA","CCNB1",0.979
"AURKA","UBE2C",0.986
"AURKA","CCNB2",0.988
"AURKA","BIRC5",0.993
"AURKA","CDC20",0.995
"AURKA","TP53",0.998
"AURKA","TPX2",0.999
"ACKR3","AVPR1A",0.767
"AVPR1A","OXTR",0.775
"AZGP1","PIP",0.999
"AZGP1","RBP4",0.746
"AZIN1","OAZ3",0.994
"BABAM1","BARD1",0.998
"BABAM1","BRCA2",0.713
"BABAM1","BRCA1",0.999
"BAMBI","LRP5",0.916
"BAMBI","TGFBR2",0.71
"BAMBI","FZD4",0.924
"BARD1","CBX7",0.72
"BARD1","H4C6",0.981
"BARD1","BRIP1",0.999
"BARD1","CDC20",0.703
"BARD1","HERC2",0.706
"BARD1","BLM",0.718
"ATR","BARD1",0.725
"BARD1","FANCD2",0.783
"BARD1","CCNA2",0.806
"BARD1","BUB1B",0.838
"BARD1","RAD51B",0.856
"BARD1","EXO1",0.858
"BARD1","ESR1",0.886
"BARD1","CHEK1",0.895
"BARD1","CBX2",0.904
"BARD1","BCOR",0.905
"BARD1","CBX8",0.909
"BARD1","UBE2C",0.936
"BARD1","CHEK2",0.937
"ATM","BARD1",0.946
"BARD1","H2AC6",0.951
"BARD1","H2BC12",0.955
"BARD1","UBE2S",0.961
"BARD1","RAD51C",0.967
"BARD1","H2BC21",0.978
"BARD1","H2AC8",0.981
"BARD1","TP53",0.982
"BARD1","PALB2",0.987
"BABAM1","BARD1",0.998
"BARD1","BRCA2",0.999
"BARD1","BRCA1",0.999
"BCL11B","RB1",0.769
"BCL11B","TAL1",0.754
"BCL11B","SMARCA4",0.967
"BCL2A1","BIK",0.932
"BCL2A1","NR3C1",0.7
"ALK","BCL2A1",0.707
"BCL2A1","STAT5A",0.761
"BCL6","XBP1",0.727
"BCL6","TP53",0.957
"BCL6","EZH2",0.795
"BCL6","EBF1",0.715
"BCL6","STAT1",0.732
"BCL6","JUN",0.814
"BCL6","BCOR",0.999
"BCL6","FOXO1",0.801
"BCL6","SDC1",0.82
"BCL6","RHOH",0.817
"BCL6","CXCR4",0.709
"BCL6","FBXO11",0.805
"BCL6","MYC",0.922
"BCL6","MME",0.926
"BCLAF1","PNN",0.874
"BCLAF1","CCNB1",0.94
"BCLAF1","BRCA1",0.79
"BCLAF1","SRSF10",0.732
"BCOR","CBX7",0.833
"BARD1","BCOR",0.905
"BCOR","UBE2S",0.904
"BCOR","CBX8",0.971
"BCOR","BUB1B",0.754
"BCOR","CBX2",0.942
"BCOR","UBE2C",0.904
"BCOR","BRCA2",0.729
"BCOR","BRCA1",0.904
"BCL6","BCOR",0.999
"BGN","DCN",0.989
"BGN","SGCG",0.898
"BGN","COMP",0.724
"BGN","COL1A1",0.974
"BGN","CCN4",0.962
"BGN","BMP6",0.753
"BGN","FBN1",0.784
"BGN","FBLN2",0.704
"BGN","BMP2",0.738
"BGN","POSTN",0.83
"BGN","SDC1",0.943
"BGN","FN1",0.995
"BGN","HSPG2",0.997
"BHMT2","MTHFD2",0.731
"BICDL1","HOOK1",0.712
"BIK","BOK",0.721
"BCL2A1","BIK",0.932
"BIN1","RIN3",0.999
"BIN1","SNX1",0.725
"BIN1","EPN3",0.849
"BIN1","CLU",0.955
"BIN1","CNTNAP2",0.766
"BIN1","ITSN1",0.891
"BIN1","MYC",0.999
"BIRC5","TRIP13",0.716
"AURKA","BIRC5",0.993
"BIRC5","OIP5",0.844
"BIRC5","RAD51AP1",0.716
"BIRC5","DLGAP5",0.967
"BIRC5","NCAPG",0.876
"BIRC5","CCNB1",0.993
"BIRC5","KIF23",0.885
"BIRC5","KIF11",0.957
"BIRC5","NDC80",0.885
"BIRC5","CENPE",0.963
"ANLN","BIRC5",0.781
"BIRC5","TP53",0.93
"BIRC5","ERBB2",0.7
"BIRC5","NUF2",0.949
"BIRC5","CDCA5",0.942
"BIRC5","BUB1B",0.987
"BIRC5","CCNB2",0.993
"BIRC5","MAD2L1",0.981
"BIRC5","MELK",0.965
"BIRC5","PCLAF",0.93
"BIRC5","TPX2",0.952
"BIRC5","UHRF1",0.707
"BIRC5","UBE2T",0.72
"BIRC5","SMC4",0.732
"BIRC5","KIF14",0.741
"BIRC5","CKS2",0.774
"BIRC5","ECT2",0.781
"BIRC5","CHEK1",0.815
"BIRC5","KPNA2",0.818
"BIRC5","CENPN",0.818
"BIRC5","DEPDC1",0.821
"BIRC5","EXO1",0.823
"BIRC5","MYC",0.825
"BIRC5","KIF15",0.835
"BIRC5","GTSE1",0.852
"BIRC5","SHCBP1",0.853
"BIRC5","TYMS",0.862
"BIRC5","CDC45",0.873
"ASPM","BIRC5",0.879
"BIRC5","HMMR",0.882
"BIRC5","CDKN3",0.887
"BIRC5","RRM2",0.895
"BIRC5","CEP55",0.913
"BIRC5","SPAG5",0.917
"BIRC5","ZWINT",0.917
"BIRC5","TK1",0.92
"BIRC5","KIF4A",0.925
"BIRC5","PTTG1",0.926
"BIRC5","TTK",0.936
"BIRC5","MKI67",0.939
"BIRC5","PRC1",0.94
"BIRC5","NEK2",0.94
"BIRC5","NUSAP1",0.953
"BIRC5","CCNA2",0.956
"BIRC5","FOXM1",0.958
"BIRC5","CENPF",0.96
"BIRC5","CDCA3",0.96
"BIRC5","KIF2C",0.972
"BIRC5","KIF20A",0.973
"BIRC5","TOP2A",0.976
"BIRC5","PBK",0.978
"BIRC5","BUB1",0.979
"BIRC5","UBE2C",0.992
"BIRC5","CDC20",0.995
"BIRC5","CDK1",0.997
"BIRC5","CDCA8",0.999
"BLM","BRIP1",0.95
"BARD1","BLM",0.718
"BLM","PALB2",0.729
"BLM","TP53",0.932
"ATM","BLM",0.991
"BLM","FANCD2",0.933
"BLM","FEN1",0.921
"BLM","RMI2",0.996
"BLM","FANCI",0.773
"BLM","RAD51C",0.859
"ATR","BLM",0.962
"BLM","HELLS",0.702
"BLM","MYC",0.708
"BLM","CHEK2",0.744
"BLM","TOP2A",0.771
"BLM","CDC45",0.788
"BLM","RAD51B",0.82
"BLM","CHEK1",0.932
"BLM","BRCA2",0.935
"BLM","BRCA1",0.974
"BLM","EXO1",0.998
"BMP2","TGFBR3",0.825
"BMP2","COMP",0.737
"BMP2","FGF2",0.937
"BMP2","BMP6",0.947
"BMP2","FSTL1",0.845
"BGN","BMP2",0.738
"BMP2","FGF3",0.749
"BMP2","SMAD4",0.954
"BMP2","FN1",0.902
"BMP2","RUNX2",0.982
"BMP2","IGF1",0.784
"BMP2","MSX1",0.797
"BMP2","SPP1",0.921
"BMP2","RGMA",0.962
"BGN","BMP6",0.753
"BMP6","SMAD4",0.792
"BMP2","BMP6",0.947
"BIK","BOK",0.721
"BRCA1","CBX7",0.764
"AURKA","BRCA1",0.942
"BRCA1","TOX3",0.765
"BRCA1","RAD51AP1",0.854
"BRCA1","MND1",0.844
"BRCA1","H4C6",0.867
"BRCA1","KRAS",0.721
"BRCA1","CCNB1",0.916
"BRCA1","BRIP1",0.999
"BRCA1","KIF23",0.713
"BARD1","BRCA1",0.999
"BRCA1","LMNB1",0.809
"BRCA1","PALB2",0.999
"BRCA1","HERC2",0.849
"BRCA1","EP300",0.986
"BRCA1","PIK3CA",0.728
"BRCA1","UBE2S",0.963
"BRCA1","RB1",0.858
"BRCA1","TP53",0.999
"BRCA1","CBX8",0.908
"BRCA1","ERBB2",0.918
"BRCA1","EGFR",0.8
"ATM","BRCA1",0.999
"BRCA1","BUB1B",0.905
"BRCA1","FANCD2",0.999
"BRCA1","H2BC5",0.796
"BRCA1","PCLAF",0.81
"BRCA1","TPX2",0.922
"BRCA1","BUB1",0.733
"BRCA1","H2AC8",0.925
"BRCA1","FEN1",0.704
"BRCA1","ITPR1",0.822
"BRCA1","CBX2",0.94
"BRCA1","RMI2",0.856
"BRCA1","FANCI",0.993
"BRCA1","HNRNPD",0.715
"BRCA1","EZH2",0.926
"BRCA1","RAD51C",0.98
"BRCA1","STAT5A",0.734
"ATR","BRCA1",0.996
"BRCA1","SMARCA4",0.983
"BLM","BRCA1",0.974
"BRCA1","UBE2C",0.951
"BRCA1","H2BC12",0.791
"BRCA1","NF1",0.876
"BABAM1","BRCA1",0.999
"BRCA1","STAT1",0.958
"BRCA1","EXO1",0.981
"BRCA1","MDM4",0.77
"BRCA1","MKI67",0.757
"BRCA1","H2BC21",0.938
"BRCA1","JUN",0.794
"BRCA1","PTEN",0.821
"BRCA1","KIF2C",0.706
"BRCA1","CDC20",0.766
"BCOR","BRCA1",0.904
"BRCA1","GATA3",0.77
"BRCA1","BRCA2",0.999
"BRCA1","CHEK2",0.999
"BRCA1","NSD2",0.796
"BRCA1","HMMR",0.964
"BRCA1","CDK1",0.878
"BRCA1","MAP3K1",0.77
"BRCA1","MZT2B",0.9
"BRCA1","CHEK1",0.996
"BRCA1","CDK12",0.849
"BRCA1","ESR1",0.999
"BRCA1","CDC45",0.796
"BRCA1","TOP2A",0.836
"BRCA1","CDKN2A",0.832
"BRCA1","HNRNPAB",0.713
"BRCA1","KPNA2",0.747
"BRCA1","PIK3R1",0.766
"BCLAF1","BRCA1",0.79
"BRCA1","H2BS1",0.791
"BRCA1","H2BC9",0.794
"BRCA1","UHRF1",0.806
"BRCA1","UBE2T",0.849
"BRCA1","RAD51B",0.922
"BRCA1","CCNA2",0.956
"BRCA1","MYC",0.999
"BRCA2","CBX7",0.753
"BRCA2","TOX3",0.797
"BRCA2","RAD51AP1",0.794
"BRCA2","MND1",0.868
"BRCA2","KRAS",0.721
"BRCA2","BRIP1",0.998
"BARD1","BRCA2",0.999
"BRCA2","PALB2",0.999
"BRCA2","PIK3CA",0.812
"BRCA2","UBE2S",0.779
"BRCA2","TP53",0.995
"BRCA2","CBX8",0.772
"BRCA2","ERBB2",0.873
"ATM","BRCA2",0.995
"BRCA2","BUB1B",0.953
"BRCA2","FANCD2",0.999
"BRCA2","FEN1",0.794
"BRCA2","CBX2",0.754
"BRCA2","RMI2",0.717
"BRCA2","FANCI",0.996
"BRCA2","KNL1",0.741
"BRCA2","RAD51C",0.999
"ATR","BRCA2",0.831
"BLM","BRCA2",0.935
"BRCA2","UBE2C",0.802
"BRCA2","NF1",0.75
"BABAM1","BRCA2",0.713
"BRCA2","EXO1",0.951
"BRCA2","PTEN",0.877
"BRCA2","CDC20",0.712
"BRCA2","KIF4A",0.725
"BCOR","BRCA2",0.729
"BRCA2","LSP1",0.706
"BRCA2","ESR1",0.723
"BRCA2","CDK12",0.74
"BRCA2","MYC",0.759
"BRCA2","CDC45",0.785
"BRCA2","CDKN2A",0.806
"BRCA2","CCNA2",0.877
"BRCA2","HMMR",0.929
"BRCA2","RAD51B",0.961
"BRCA2","CHEK1",0.963
"BRCA2","CHEK2",0.985
"BRCA1","BRCA2",0.999
"BRIP1","UBE2T",0.742
"BRIP1","RMI2",0.752
"BRIP1","RAD51B",0.756
"ATR","BRIP1",0.775
"BRIP1","EXO1",0.897
"ATM","BRIP1",0.933
"BRIP1","CHEK1",0.933
"BRIP1","RAD51C",0.941
"BLM","BRIP1",0.95
"BRIP1","FANCI",0.994
"BRIP1","FANCD2",0.997
"BRCA2","BRIP1",0.998
"BRIP1","PALB2",0.998
"BRCA1","BRIP1",0.999
"BARD1","BRIP1",0.999
"BUB1","TRIP13",0.725
"AURKA","BUB1",0.971
"BUB1","OIP5",0.891
"BUB1","RAD51AP1",0.724
"BUB1","MND1",0.825
"BUB1","DLGAP5",0.986
"BUB1","E2F8",0.72
"BUB1","PIMREG",0.79
"BUB1","NCAPG",0.976
"BUB1","CCNB1",0.992
"BUB1","KIF23",0.958
"BUB1","KIF11",0.985
"BUB1","NDC80",0.998
"BUB1","MCM4",0.751
"BUB1","CENPE",0.991
"ANLN","BUB1",0.917
"BUB1","NUF2",0.994
"BUB1","CDCA5",0.933
"BUB1","CENPU",0.758
"BUB1","BUB1B",0.999
"BUB1","CCNB2",0.998
"BUB1","MAD2L1",0.999
"BUB1","MELK",0.984
"BUB1","PCLAF",0.831
"BUB1","TPX2",0.958
"BIRC5","BUB1",0.979
"BUB1","TK1",0.707
"BUB1","UBE2T",0.73
"BRCA1","BUB1",0.733
"BUB1","SHCBP1",0.737
"BUB1","PRC1",0.757
"BUB1","CENPN",0.76
"BUB1","SMC4",0.788
"BUB1","CKS2",0.805
"BUB1","CDC7",0.809
"BUB1","DTL",0.811
"BUB1","KIF14",0.817
"BUB1","FOXM1",0.825
"BUB1","RRM2",0.825
"BUB1","DEPDC1",0.831
"BUB1","CDKN3",0.846
"BUB1","TYMS",0.846
"BUB1","CDCA3",0.87
"BUB1","ZWILCH",0.879
"BUB1","SGO2",0.902
"BUB1","HMMR",0.909
"BUB1","KIF15",0.923
"BUB1","CEP55",0.928
"BUB1","EXO1",0.929
"BUB1","CDC45",0.93
"BUB1","NEK2",0.932
"BUB1","SPAG5",0.934
"BUB1","PBK",0.935
"BUB1","NUSAP1",0.937
"BUB1","CHEK1",0.946
"BUB1","ECT2",0.947
"BUB1","KIF4A",0.952
"BUB1","UBE2C",0.954
"BUB1","PTTG1",0.955
"BUB1","KIF20A",0.959
"BUB1","MKI67",0.963
"BUB1","CDCA8",0.971
"ASPM","BUB1",0.976
"BUB1","CCNA2",0.981
"BUB1","TOP2A",0.982
"BUB1","CENPF",0.987
"BUB1","ZWINT",0.991
"BUB1","KIF2C",0.994
"BUB1","CDK1",0.998
"BUB1","TTK",0.999
"BUB1","CDC20",0.999
"BUB1","KNL1",0.999
"BUB1","BUB3",0.999
"BUB1B","TRIP13",0.928
"BUB1B","CBX7",0.736
"AURKA","BUB1B",0.924
"BUB1B","OIP5",0.837
"BUB1B","RAD51AP1",0.747
"BUB1B","DLGAP5",0.981
"BUB1B","E2F8",0.836
"BUB1B","NCAPG",0.952
"BUB1B","CCNB1",0.998
"BUB1B","KIF23",0.926
"BUB1B","KIF11",0.994
"BARD1","BUB1B",0.838
"BUB1B","NDC80",0.992
"BUB1B","UBE2S",0.896
"BUB1B","CENPE",0.999
"ANLN","BUB1B",0.8
"BUB1B","TP53",0.745
"BUB1B","CBX8",0.722
"BUB1B","NUF2",0.98
"BUB1B","CDCA5",0.851
"BUB1B","CENPU",0.812
"BUB1B","TYMS",0.72
"BUB1B","SMC4",0.733
"BCOR","BUB1B",0.754
"BUB1B","CBX2",0.767
"BUB1B","SHCBP1",0.769
"BUB1B","EXO1",0.807
"BUB1B","DTL",0.811
"BUB1B","CDC45",0.817
"BUB1B","FANCI",0.818
"BUB1B","DEPDC1",0.85
"BUB1B","CENPN",0.86
"BUB1B","ECT2",0.864
"BUB1B","SGO2",0.865
"BUB1B","CENPK",0.869
"BUB1B","PCLAF",0.875
"BUB1B","CHEK1",0.876
"BUB1B","KIF14",0.878
"BUB1B","HMMR",0.882
"BUB1B","CDCA3",0.886
"BUB1B","PRC1",0.893
"BUB1B","CDKN3",0.897
"BRCA1","BUB1B",0.905
"BUB1B","JUN",0.914
"BUB1B","RRM2",0.922
"BUB1B","KIF15",0.923
"BUB1B","MKI67",0.932
"BUB1B","TPX2",0.936
"BUB1B","PBK",0.937
"BUB1B","CEP55",0.939
"BUB1B","FOXM1",0.944
"BUB1B","SPAG5",0.951
"BRCA2","BUB1B",0.953
"BUB1B","ZWILCH",0.953
"BUB1B","NUSAP1",0.953
"BUB1B","MELK",0.953
"BUB1B","KIF4A",0.968
"ASPM","BUB1B",0.974
"BUB1B","KIF20A",0.977
"BUB1B","PTTG1",0.978
"BUB1B","TOP2A",0.98
"BIRC5","BUB1B",0.987
"BUB1B","KIF2C",0.991
"BUB1B","TTK",0.991
"BUB1B","UBE2C",0.991
"BUB1B","CCNB2",0.993
"BUB1B","CCNA2",0.994
"BUB1B","CDCA8",0.994
"BUB1B","ZWINT",0.996
"BUB1B","NEK2",0.999
"BUB1","BUB1B",0.999
"BUB1B","CDC20",0.999
"BUB1B","CENPF",0.999
"BUB1B","MAD2L1",0.999
"BUB1B","BUB3",0.999
"BUB1B","KNL1",0.999
"BUB1B","CDK1",0.999
"BUB3","TRIP13",0.741
"BUB3","CCNB1",0.88
"BUB3","NDC80",0.899
"BUB3","UBE2S",0.718
"BUB3","CENPE",0.935
"BUB3","TP53",0.718
"BUB3","NUF2",0.864
"BUB1B","BUB3",0.999
"BUB3","CCNB2",0.8
"BUB3","MAD2L1",0.999
"BUB1","BUB3",0.999
"BUB3","ZWILCH",0.89
"BUB3","KNL1",0.996
"BUB3","UBE2C",0.781
"BUB3","SGO2",0.728
"BUB3","CENPF",0.765
"BUB3","NEK2",0.717
"BUB3","CENPK",0.708
"BUB3","KIF2C",0.762
"BUB3","CDCA8",0.763
"BUB3","CCNA2",0.787
"BUB3","PTTG1",0.84
"BUB3","ZWINT",0.897
"BUB3","TTK",0.913
"BUB3","CDK1",0.924
"BUB3","CDC20",0.999
"C19orf12","FA2H",0.853
"C4orf19","STK26",0.827
"C6","CD34",0.722
"CA3","CA4",0.845
"CA3","CA4",0.845
"CA4","PKD2L1",0.729
"CA4","SLC4A4",0.822
"CALB2","CD99L2",0.72
"CALB2","LHX6",0.768
"CALB2","KRT7",0.789
"CASQ2","KCNJ2",0.756
"ASPH","CASQ2",0.998
"CAT","HSDL2",0.791
"CAT","RGN",0.86
"CAT","SOD3",0.892
"CAT","KYNU",0.914
"CAV1","CAV2",0.999
"CAV1","CDH1",0.768
"CAV1","EHD2",0.786
"CAV1","PIK3CA",0.727
"CAV1","ERBB2",0.735
"CAV1","EGFR",0.999
"CAV1","DLC1",0.785
"CAV1","PPARG",0.765
"CAV1","PLIN1",0.92
"CAV1","IRS1",0.722
"CAV1","CAVIN2",0.946
"CAV1","CDH5",0.712
"CAV1","CXCR4",0.715
"CAV1","IGF1",0.731
"CAV1","CLDN5",0.733
"CAV1","PTPN11",0.739
"CAV1","FN1",0.771
"CAV1","OCLN",0.789
"CAV1","FOXO1",0.828
"AGPAT2","CAV1",0.844
"CAV1","NOSTRIN",0.869
"CAV1","PTEN",0.912
"CAV1","CD36",0.956
"CAV1","HRAS",0.974
"CAV1","ESR1",0.998
"CAV1","CAVIN1",0.999
"CAV2","CAVIN1",0.92
"CAV2","EGFR",0.977
"CAV1","CAV2",0.999
"CAV2","CAVIN1",0.92
"CAVIN1","EHD2",0.893
"CAVIN1","EGFR",0.885
"CAVIN1","CAVIN2",0.728
"CAV1","CAVIN1",0.999
"AKAP12","CAVIN1",0.793
"AGPAT2","CAVIN1",0.841
"CAVIN1","CAVIN2",0.728
"CAV1","CAVIN2",0.946
"CBX2","CBX7",0.985
"BARD1","CBX2",0.904
"CBX2","UBE2S",0.909
"CBX2","CBX8",0.998
"BUB1B","CBX2",0.767
"BRCA2","CBX2",0.754
"CBX2","UBE2C",0.921
"BRCA1","CBX2",0.94
"BCOR","CBX2",0.942
"CBX2","EZH1",0.951
"CBX2","EZH2",0.98
"BARD1","CBX7",0.72
"CBX7","UBE2S",0.728
"CBX7","UBE2C",0.728
"BUB1B","CBX7",0.736
"CBX7","CDKN2B",0.737
"BRCA2","CBX7",0.753
"BRCA1","CBX7",0.764
"CBX7","CDKN2A",0.81
"BCOR","CBX7",0.833
"CBX7","EZH1",0.952
"CBX2","CBX7",0.985
"CBX7","CBX8",0.995
"CBX7","EZH2",0.996
"CBX7","CBX8",0.995
"CBX8","H4C6",0.779
"BARD1","CBX8",0.909
"CBX8","UBE2S",0.912
"BUB1B","CBX8",0.722
"CBX8","H2AC8",0.766
"BRCA2","CBX8",0.772
"CBX8","UBE2C",0.904
"BRCA1","CBX8",0.908
"CBX8","EZH1",0.959
"CBX8","EZH2",0.968
"BCOR","CBX8",0.971
"CBX2","CBX8",0.998
"ADAMTS3","CCBE1",0.825
"CCDC170","ESR1",0.785
"CCDC69","RMI2",0.706
"CCN4","DCN",0.766
"BGN","CCN4",0.962
"CCNA2","TRIP13",0.778
"AURKA","CCNA2",0.949
"CCNA2","ORC6",0.721
"CCNA2","OIP5",0.85
"CCNA2","RAD51AP1",0.734
"CCNA2","MND1",0.718
"CCNA2","H4C6",0.775
"CCNA2","DLGAP5",0.97
"CCNA2","E2F8",0.816
"CCNA2","NCAPG",0.949
"CCNA2","CCNB1",0.995
"CCNA2","KIF23",0.914
"CCNA2","KIF11",0.978
"BARD1","CCNA2",0.806
"CCNA2","NDC80",0.893
"CCNA2","MCM4",0.895
"CCNA2","E2F3",0.965
"CCNA2","EP300",0.812
"CCNA2","UBE2S",0.832
"CCNA2","MCM2",0.827
"CCNA2","CENPE",0.917
"CCNA2","DBF4",0.706
"ANLN","CCNA2",0.747
"CCNA2","RB1",0.998
"CCNA2","TP53",0.997
"CCNA2","NUF2",0.94
"CCNA2","CDCA5",0.863
"ATM","CCNA2",0.815
"BUB1B","CCNA2",0.994
"CCNA2","CCNB2",0.965
"CCNA2","MAD2L1",0.988
"CCNA2","MELK",0.939
"CCNA2","PCLAF",0.886
"CCNA2","TPX2",0.954
"BIRC5","CCNA2",0.956
"BUB1","CCNA2",0.981
"CCNA2","FEN1",0.908
"CCNA2","SHCBP1",0.793
"CCNA2","ZWILCH",0.711
"CCNA2","TYMS",0.865
"CCNA2","SPAG5",0.901
"CCNA2","KIF15",0.873
"CCNA2","CDKN3",0.947
"CCNA2","SMC4",0.76
"CCNA2","FOXM1",0.985
"CCNA2","UBE2C",0.994
"CCNA2","RRM2",0.939
"CCNA2","EXO1",0.879
"CCNA2","CENPF",0.944
"CCNA2","DTL",0.907
"CCNA2","NEK2",0.943
"CCNA2","KIF14",0.85
"ASPM","CCNA2",0.944
"CCNA2","MKI67",0.93
"BUB3","CCNA2",0.787
"CCNA2","TTK",0.939
"CCNA2","CEP55",0.923
"CCNA2","KIF2C",0.949
"CCNA2","CDC20",0.999
"CCNA2","CDCA8",0.952
"CCNA2","ZWINT",0.901
"CCNA2","KIF4A",0.895
"CCNA2","CKS2",0.99
"CCNA2","PCNA",0.925
"BRCA2","CCNA2",0.877
"CCNA2","CHEK2",0.746
"CCNA2","ECT2",0.748
"CCNA2","CENPN",0.77
"CCNA2","HMMR",0.921
"CCNA2","PTTG1",0.934
"CCNA2","PRC1",0.91
"CCNA2","KIF20A",0.974
"CCNA2","CDK1",0.999
"CCNA2","CHEK1",0.939
"CCNA2","CDC7",0.715
"CCNA2","E2F5",0.775
"CCNA2","CDC45",0.906
"CCNA2","TOP2A",0.982
"CCNA2","DEPDC1",0.894
"CCNA2","CDKN1C",0.998
"CCNA2","GTSE1",0.826
"BRCA1","CCNA2",0.956
"CCNA2","PBK",0.943
"CCNA2","CCNE2",0.866
"CCNA2","CDCA3",0.94
"CCNA2","TK1",0.78
"CCNA2","MYC",0.734
"CCNA2","UHRF1",0.742
"CCNA2","NUSAP1",0.922
"CCNB1","TRIP13",0.797
"AURKA","CCNB1",0.979
"CCNB1","ORC6",0.776
"CCNB1","OIP5",0.888
"CCNB1","DLGAP5",0.965
"CCNB1","NCAPG",0.962
"CCNB1","ZWILCH",0.702
"CCNB1","GINS1",0.711
"CCNB1","LMNB1",0.725
"CCNB1","CDC7",0.746
"CCNB1","GTSE1",0.746
"CCNB1","FANCI",0.746
"CCNB1","CENPU",0.747
"CCNB1","SGO2",0.752
"CCNB1","CCNE2",0.755
"CCNB1","UBE2S",0.767
"CCNB1","RB1",0.768
"CCNB1","CENPN",0.768
"CCNB1","CDKN2A",0.772
"CCNB1","EXO1",0.773
"ATM","CCNB1",0.775
"CCNB1","KNL1",0.789
"CCNB1","PCLAF",0.796
"CCNB1","FOXO1",0.799
"CCNB1","CDC45",0.8
"CCNB1","EGFR",0.804
"CCNB1","RGCC",0.81
"CCNB1","EP300",0.816
"CCNB1","CHEK2",0.817
"CCNB1","CDKN1C",0.826
"CCNB1","KPNA2",0.84
"CCNB1","TYMS",0.841
"CCNB1","UBE2T",0.851
"CCNB1","SMC4",0.857
"ANLN","CCNB1",0.86
"CCNB1","KIF14",0.861
"CCNB1","SPAG5",0.865
"CCNB1","PCNA",0.867
"CCNB1","MKI67",0.868
"CCNB1","CDCA5",0.869
"CCNB1","MCM4",0.869
"CCNB1","DEPDC1",0.871
"CCNB1","MYC",0.872
"CCNB1","TK1",0.879
"BUB3","CCNB1",0.88
"CCNB1","RRM2",0.905
"CCNB1","NEK2",0.91
"CCNB1","ECT2",0.911
"CCNB1","TP53",0.914
"BRCA1","CCNB1",0.916
"CCNB1","KIF15",0.916
"CCNB1","KIF23",0.922
"CCNB1","NUSAP1",0.923
"CCNB1","KIF4A",0.931
"CCNB1","PRC1",0.932
"CCNB1","CHEK1",0.935
"CCNB1","TTK",0.936
"CCNB1","CDCA3",0.936
"CCNB1","CEP55",0.94
"BCLAF1","CCNB1",0.94
"CCNB1","CDKN3",0.941
"CCNB1","HMMR",0.942
"CCNB1","TPX2",0.949
"CCNB1","ZWINT",0.95
"ASPM","CCNB1",0.952
"CCNB1","KIF20A",0.954
"CCNB1","PBK",0.962
"CCNB1","SFN",0.965
"CCNB1","KIF2C",0.966
"CCNB1","KIF11",0.966
"CCNB1","NUF2",0.967
"CCNB1","CENPE",0.967
"CCNB1","MELK",0.972
"CCNB1","NDC80",0.981
"CCNB1","PTTG1",0.984
"CCNB1","CDCA8",0.987
"CCNB1","CENPF",0.988
"CCNB1","FOXM1",0.988
"CCNB1","MAD2L1",0.988
"CCNB1","TOP2A",0.989
"CCNB1","UBE2C",0.99
"BUB1","CCNB1",0.992
"BIRC5","CCNB1",0.993
"CCNA2","CCNB1",0.995
"CCNB1","CCNB2",0.998
"BUB1B","CCNB1",0.998
"CCNB1","CKS2",0.999
"CCNB1","CDC20",0.999
"CCNB1","CDK1",0.999
"CCNB2","TRIP13",0.741
"AURKA","CCNB2",0.988
"CCNB2","OIP5",0.77
"CCNB2","RAD51AP1",0.734
"CCNB2","DLGAP5",0.974
"CCNB2","PIMREG",0.754
"CCNB2","NCAPG",0.97
"CCNB2","GINS2",0.844
"CCNB1","CCNB2",0.998
"CCNB2","KIF23",0.937
"CCNB2","KIF11",0.944
"CCNB2","NDC80",0.875
"CCNB2","MCM4",0.866
"CCNB2","MCM2",0.873
"CCNB2","CENPE",0.942
"CCNB2","NUF2",0.932
"CCNB2","CDCA5",0.969
"CCNB2","CENPU",0.846
"BUB1B","CCNB2",0.993
"CCNB2","DEPDC1",0.724
"CCNB2","CDC7",0.737
"CCNB2","EXO1",0.744
"CCNB2","SPAG5",0.76
"CCNB2","KPNA2",0.794
"BUB3","CCNB2",0.8
"CCNB2","ECT2",0.824
"CCNB2","GTSE1",0.826
"CCNB2","KIF15",0.828
"CCNB2","KNL1",0.829
"CCNB2","CHEK1",0.833
"CCNB2","CENPN",0.843
"CCNB2","SMC4",0.864
"CCNB2","KIF4A",0.864
"CCNB2","TYMS",0.868
"CCNB2","MKI67",0.87
"CCNB2","TK1",0.88
"CCNB2","PBK",0.88
"CCNB2","PCLAF",0.882
"CCNB2","HMMR",0.888
"CCNB2","CDKN3",0.893
"CCNB2","FOXM1",0.895
"CCNB2","CCNE2",0.899
"CCNB2","NEK2",0.902
"CCNB2","CEP55",0.907
"CCNB2","CDCA3",0.913
"CCNB2","RRM2",0.913
"CCNB2","SFN",0.919
"CCNB2","ZWINT",0.92
"CCNB2","PRC1",0.925
"CCNB2","CPEB1",0.928
"CCNB2","KIF20A",0.938
"CCNB2","CDC45",0.95
"ASPM","CCNB2",0.951
"CCNB2","TPX2",0.953
"CCNB2","TTK",0.96
"CCNB2","MAD2L1",0.962
"CCNB2","NUSAP1",0.962
"CCNA2","CCNB2",0.965
"CCNB2","UBE2C",0.968
"CCNB2","PTTG1",0.97
"CCNB2","KIF2C",0.971
"CCNB2","CDCA8",0.974
"CCNB2","CENPF",0.974
"CCNB2","MELK",0.975
"CCNB2","TOP2A",0.975
"CCNB2","CKS2",0.976
"BIRC5","CCNB2",0.993
"BUB1","CCNB2",0.998
"CCNB2","CDK1",0.999
"CCNB2","CDC20",0.999
"AURKA","CCNE2",0.812
"CCNE2","E2F8",0.723
"CCNB1","CCNE2",0.755
"CCNE2","MCM4",0.773
"CCNE2","E2F3",0.846
"CCNE2","RB1",0.957
"CCNE2","TP53",0.89
"CCNB2","CCNE2",0.899
"CCNE2","RRM2",0.777
"CCNE2","PCNA",0.899
"CCNE2","CDK1",0.933
"CCNE2","CHEK1",0.747
"CCNE2","E2F5",0.84
"CCNE2","CDKN1C",0.978
"CCNE2","MYC",0.762
"CCNA2","CCNE2",0.866
"CCR5","CCR7",0.956
"CCR5","GNG11",0.915
"ACKR3","CCR5",0.709
"CCR5","GRK3",0.705
"CCR5","STAT1",0.71
"CCR5","CD209",0.793
"CCR5","GNG12",0.908
"CCR5","PPBP",0.918
"CCR5","CXCL8",0.971
"CCR5","GNG2",0.982
"CCR5","CXCL11",0.99
"CCR5","GNAI1",0.991
"CCR5","CXCR4",0.996
"CCR5","CXCL12",0.998
"CCR5","CXCL10",0.999
"CCR7","GNAI1",0.703
"CCR7","MMP9",0.706
"CCR7","GRK3",0.723
"CCR7","NCAM1",0.732
"CCR7","S1PR1",0.739
"CCR7","KLF2",0.804
"CCR7","PPBP",0.866
"CCR7","CXCL8",0.9
"CCR7","CXCL11",0.93
"CCR5","CCR7",0.956
"CCR7","CXCR4",0.959
"ACKR4","CCR7",0.965
"CCR7","CXCL10",0.968
"CCR7","CXCL12",0.999
"CCT2","TP53",0.826
"CCT2","PSMA5",0.818
"CCT2","HSPA5",0.728
"CCT2","RAN",0.838
"CCT2","PPP2R2C",0.994
"CCT2","CDC20",0.996
"CD209","LTF",0.766
"CD209","TYRO3",0.721
"CCR5","CD209",0.793
"CD209","LY75-CD302",0.866
"CD209","MUC1",0.965
"CD209","LSP1",0.991
"CD209","ICAM2",0.999
"CD24","CDH1",0.752
"CD24","EPCAM",0.91
"CD24","EGFR",0.806
"ALDH1A1","CD24",0.815
"ALCAM","CD24",0.773
"CD248","FN1",0.968
"CD300LF","TREM2",0.712
"CD300LG","EMCN",0.716
"CD34","LYVE1",0.716
"CD34","NT5E",0.905
"CD34","VWF",0.849
"C6","CD34",0.722
"CD34","MCAM",0.789
"CD34","FGF2",0.76
"CD34","TP53",0.7
"CD34","EMCN",0.757
"ALCAM","CD34",0.798
"CD34","MMP9",0.71
"CD34","TET2",0.71
"CD34","CD36",0.739
"CD34","CXCR4",0.815
"CD34","NCAM1",0.821
"CD34","MME",0.841
"CD34","CD99L2",0.851
"CD34","CXCL12",0.856
"CD34","CDH5",0.88
"CD34","FN1",0.96
"CD36","COMP",0.953
"CD36","COL1A1",0.72
"APOB","CD36",0.98
"CD36","LRP1",0.742
"CD36","LIPE",0.707
"CD36","FABP4",0.969
"CD36","VWF",0.803
"CD36","PPARG",0.942
"CD36","FABP5",0.77
"CD36","PLIN1",0.815
"CD36","CLEC7A",0.787
"CD36","OLR1",0.852
"CD34","CD36",0.739
"CD36","PNPLA2",0.722
"CAV1","CD36",0.956
"CD36","FN1",0.702
"CD36","CD9",0.902
"CD36","CIDEC",0.759
"ADIPOQ","CD36",0.806
"CD36","NCAM1",0.716
"ACSL1","CD36",0.857
"CD36","LPL",0.877
"CD37","CLEC7A",0.934
"CD37","CD9",0.746
"CD9","NT5E",0.721
"CD9","CDH1",0.759
"CD9","EPCAM",0.943
"CD9","EGFR",0.873
"ALCAM","CD9",0.767
"CD37","CD9",0.746
"CD9","FN1",0.711
"CD9","CLDN7",0.746
"CD9","IGSF3",0.753
"ANXA1","CD9",0.737
"CD9","MME",0.867
"CD9","FKBP11",0.894
"CD36","CD9",0.902
"CALB2","CD99L2",0.72
"CD34","CD99L2",0.851
"CD99L2","MME",0.72
"CD99L2","NCAM1",0.72
"CDC14B","MAPK6",0.774
"CDC20","TRIP13",0.996
"AURKA","CDC20",0.995
"CDC20","RAD51AP1",0.737
"CDC20","DLGAP5",0.981
"CDC20","PIMREG",0.734
"CDC20","NCAPG",0.949
"CCNB1","CDC20",0.999
"CDC20","KIF23",0.797
"CDC20","KIF11",0.987
"BARD1","CDC20",0.703
"CDC20","NDC80",0.962
"CDC20","MCM4",0.882
"CDC20","EP300",0.75
"CDC20","UBE2S",0.999
"CDC20","MCM2",0.733
"CDC20","CENPE",0.989
"CDC20","DBF4",0.701
"ANLN","CDC20",0.701
"CDC20","NUF2",0.962
"CDC20","CDCA5",0.938
"CDC20","CENPU",0.836
"BUB1B","CDC20",0.999
"CCNB2","CDC20",0.999
"CDC20","MAD2L1",0.999
"CDC20","MELK",0.964
"CCT2","CDC20",0.996
"CDC20","PCLAF",0.881
"CDC20","TPX2",0.961
"BIRC5","CDC20",0.995
"BUB1","CDC20",0.999
"CDC20","ZWILCH",0.895
"CDC20","TYMS",0.757
"CDC20","SPAG5",0.923
"CDC20","KIF15",0.836
"CDC20","CDKN3",0.885
"CDC20","KNL1",0.95
"CDC20","FOXM1",0.937
"CDC20","UBE2C",0.999
"CDC20","SGO2",0.938
"CDC20","RRM2",0.907
"CDC20","EXO1",0.796
"CDC20","CENPF",0.99
"CDC20","NEK2",0.999
"ASPM","CDC20",0.972
"CDC20","MKI67",0.934
"BUB3","CDC20",0.999
"CDC20","TTK",0.99
"CDC20","CEP55",0.95
"CDC20","KIF2C",0.995
"CDC20","GTSE1",0.711
"BRCA2","CDC20",0.712
"CDC20","KPNA2",0.712
"CDC20","ECT2",0.726
"CDC20","DEPDC1",0.761
"BRCA1","CDC20",0.766
"CDC20","CHEK1",0.771
"CDC20","CDC7",0.775
"CDC20","CENPK",0.78
"CDC20","PCNA",0.798
"CDC20","CENPN",0.837
"CDC20","HMMR",0.882
"CDC20","TK1",0.883
"CDC20","KIF4A",0.941
"CDC20","CDC45",0.946
"CDC20","NUSAP1",0.946
"CDC20","PRC1",0.947
"CDC20","PBK",0.959
"CDC20","ZWINT",0.968
"CDC20","CKS2",0.971
"CDC20","TOP2A",0.98
"CDC20","CDCA3",0.981
"CDC20","KIF20A",0.981
"CDC20","CDCA8",0.992
"CDC20","PTTG1",0.999
"CCNA2","CDC20",0.999
"CDC20","CDK1",0.999
"CDC42EP2","RHOQ",0.967
"CDC45","TRIP13",0.783
"AURKA","CDC45",0.701
"CDC45","ORC6",0.982
"CDC45","OIP5",0.805
"CDC45","MND1",0.81
"CDC45","DLGAP5",0.921
"CDC45","NCAPG",0.918
"CDC45","GINS2",0.999
"CCNB1","CDC45",0.8
"CDC45","KIF23",0.803
"CDC45","KIF11",0.78
"CDC45","MCM4",0.999
"CDC45","GINS1",0.999
"CDC45","MCM2",0.999
"CDC45","DBF4",0.987
"CDC45","NUF2",0.816
"CDC45","CDCA5",0.937
"ATM","CDC45",0.758
"BUB1B","CDC45",0.817
"CCNB2","CDC45",0.95
"CDC45","MAD2L1",0.862
"CDC45","MELK",0.876
"CDC45","PCLAF",0.833
"CDC45","TPX2",0.766
"BIRC5","CDC45",0.873
"BUB1","CDC45",0.93
"CDC45","FEN1",0.864
"CDC45","FANCI",0.88
"CDC45","TYMS",0.884
"CDC45","SPAG5",0.723
"CDC45","KIF15",0.788
"ATR","CDC45",0.914
"BLM","CDC45",0.788
"CDC45","UBE2C",0.836
"CDC45","RRM2",0.87
"CDC45","EXO1",0.963
"CDC45","CENPF",0.776
"CDC45","DTL",0.938
"ASPM","CDC45",0.703
"CDC45","MKI67",0.708
"CDC45","TTK",0.787
"CDC45","CEP55",0.896
"CDC45","KIF2C",0.892
"CDC20","CDC45",0.946
"CDC45","CDCA8",0.935
"CDC45","ZWINT",0.842
"CDC45","KIF4A",0.73
"CDC45","PCNA",0.739
"BRCA2","CDC45",0.785
"CDC45","CHEK2",0.926
"CDC45","HMMR",0.748
"CDC45","PTTG1",0.792
"CDC45","PRC1",0.744
"CDC45","KIF20A",0.797
"CDC45","CDK1",0.952
"CDC45","CHEK1",0.994
"CDC45","CDC7",0.991
"CDC45","UBE2T",0.751
"CDC45","CDCA3",0.765
"BRCA1","CDC45",0.796
"CDC45","TK1",0.836
"CDC45","CDKN2A",0.86
"CDC45","PBK",0.874
"CDC45","NUSAP1",0.895
"CCNA2","CDC45",0.906
"CDC45","TOP2A",0.917
"CDC7","ORC6",0.961
"CCNB1","CDC7",0.746
"CDC7","MCM4",0.999
"CDC7","MCM2",0.999
"CDC7","DBF4",0.999
"CCNB2","CDC7",0.737
"BUB1","CDC7",0.809
"ATR","CDC7",0.992
"CDC20","CDC7",0.775
"CDC7","CHEK2",0.988
"CDC7","CDK1",0.784
"CDC7","CHEK1",0.911
"CCNA2","CDC7",0.715
"CDC7","CDKN2A",0.905
"CDC45","CDC7",0.991
"CDCA3","TRIP13",0.774
"AURKA","CDCA3",0.815
"CDCA3","DLGAP5",0.951
"CDCA3","PIMREG",0.834
"CDCA3","NCAPG",0.81
"CCNB1","CDCA3",0.936
"CDCA3","KIF23",0.886
"CDCA3","KIF11",0.922
"CDCA3","NDC80",0.822
"CDCA3","CENPE",0.71
"CDCA3","NUF2",0.844
"CDCA3","CDCA5",0.894
"BUB1B","CDCA3",0.886
"CCNB2","CDCA3",0.913
"CDCA3","MAD2L1",0.722
"CDCA3","MELK",0.872
"CDCA3","PCLAF",0.811
"CDCA3","TPX2",0.881
"BIRC5","CDCA3",0.96
"BUB1","CDCA3",0.87
"CDCA3","SPAG5",0.877
"CDCA3","KIF15",0.788
"CDCA3","CDKN3",0.859
"CDCA3","FOXM1",0.885
"CDCA3","UBE2C",0.962
"CDCA3","RRM2",0.759
"CDCA3","CENPF",0.781
"CDCA3","NEK2",0.911
"ASPM","CDCA3",0.864
"CDCA3","MKI67",0.755
"CDCA3","TTK",0.858
"CDCA3","CEP55",0.876
"CDCA3","KIF2C",0.93
"CDC20","CDCA3",0.981
"CDCA3","CDCA8",0.975
"CDCA3","KIF4A",0.927
"CDCA3","HMMR",0.861
"CDCA3","PTTG1",0.838
"CDCA3","PRC1",0.735
"CDCA3","KIF20A",0.93
"CDCA3","CDK1",0.973
"CDC45","CDCA3",0.765
"CDCA3","TOP2A",0.876
"CDCA3","GTSE1",0.816
"CDCA3","PBK",0.946
"CDCA3","NUSAP1",0.905
"CCNA2","CDCA3",0.94
"CDCA5","TRIP13",0.876
"AURKA","CDCA5",0.864
"CDCA5","RAD51AP1",0.724
"CDCA5","DLGAP5",0.921
"CDCA5","NCAPG",0.886
"CCNB1","CDCA5",0.869
"CDCA5","KIF23",0.799
"CDCA5","KIF11",0.844
"CDCA5","CENPE",0.793
"CDCA5","NUF2",0.931
"CDCA5","CENPU",0.705
"CDCA5","FEN1",0.708
"CDCA5","ECT2",0.722
"CDCA5","NEK2",0.722
"CDCA5","KNL1",0.726
"CDCA5","KIF14",0.728
"CDCA5","TYMS",0.73
"CDCA5","TTK",0.734
"CDCA5","PBK",0.736
"ASPM","CDCA5",0.746
"CDCA5","UHRF1",0.762
"CDCA5","CHEK1",0.767
"CDCA5","SGO2",0.781
"CDCA5","SPAG5",0.788
"CDCA5","CENPN",0.811
"CDCA5","UBE2T",0.823
"CDCA5","PTTG1",0.829
"CDCA5","PRC1",0.829
"CDCA5","HMMR",0.831
"CDCA5","NUSAP1",0.832
"CDCA5","UBE2C",0.835
"BUB1B","CDCA5",0.851
"CDCA5","CENPF",0.857
"CCNA2","CDCA5",0.863
"CDCA5","CEP55",0.873
"CDCA5","MELK",0.875
"CDCA5","KIF20A",0.88
"CDCA5","TPX2",0.883
"CDCA5","KIF4A",0.887
"CDCA5","KIF2C",0.893
"CDCA3","CDCA5",0.894
"CDCA5","ZWINT",0.908
"CDCA5","TOP2A",0.917
"BUB1","CDCA5",0.933
"CDC45","CDCA5",0.937
"CDC20","CDCA5",0.938
"BIRC5","CDCA5",0.942
"CDCA5","CDCA8",0.961
"CCNB2","CDCA5",0.969
"CDCA5","CDK1",0.979
"CDCA7","HELLS",0.858
"CDCA8","TRIP13",0.736
"AURKA","CDCA8",0.952
"CDCA8","OIP5",0.856
"CDCA8","DLGAP5",0.961
"CDCA8","E2F8",0.769
"CDCA8","NCAPG",0.83
"CCNB1","CDCA8",0.987
"CDCA8","KIF23",0.954
"CDCA8","KIF11",0.964
"CDCA8","NDC80",0.907
"CDCA8","CENPE",0.956
"ANLN","CDCA8",0.789
"CDCA8","NUF2",0.926
"CDCA5","CDCA8",0.961
"CDCA8","CENPU",0.759
"BUB1B","CDCA8",0.994
"CCNB2","CDCA8",0.974
"CDCA8","MAD2L1",0.935
"CDCA8","CHMP4C",0.851
"CDCA8","MELK",0.902
"CDCA8","PCLAF",0.839
"CDCA8","TPX2",0.919
"BIRC5","CDCA8",0.999
"BUB1","CDCA8",0.971
"CDCA8","SHCBP1",0.818
"CDCA8","ZWILCH",0.779
"CDCA8","SPAG5",0.929
"CDCA8","KIF15",0.902
"CDCA8","CDKN3",0.72
"CDCA8","KNL1",0.757
"CDCA8","FOXM1",0.93
"CDCA8","UBE2C",0.966
"CDCA8","SGO2",0.96
"CDCA8","RRM2",0.861
"CDCA8","CENPF",0.962
"CDCA8","NEK2",0.9
"CDCA8","KIF14",0.83
"ASPM","CDCA8",0.95
"CDCA8","MKI67",0.923
"BUB3","CDCA8",0.763
"CDCA8","TTK",0.946
"CDCA8","CEP55",0.923
"CDCA8","KIF2C",0.977
"CDC20","CDCA8",0.992
"CDCA8","TK1",0.704
"CDCA8","CENPN",0.706
"CDCA8","UHRF1",0.743
"CDCA8","DEPDC1",0.772
"CDCA8","ZWINT",0.78
"CDCA8","ECT2",0.796
"CDCA8","HMMR",0.864
"CDCA8","PTTG1",0.893
"CDCA8","PRC1",0.894
"CDCA8","PBK",0.912
"CDCA8","TOP2A",0.92
"CDCA8","KIF4A",0.932
"CDC45","CDCA8",0.935
"CDCA8","NUSAP1",0.949
"CCNA2","CDCA8",0.952
"CDCA3","CDCA8",0.975
"CDCA8","KIF20A",0.98
"CDCA8","CDK1",0.99
"CDCP1","EGFR",0.806
"CDH1","TWIST1",0.849
"CDH1","PXDN",0.789
"CDH1","KRAS",0.723
"CDH1","CLDN3",0.706
"CDH1","EZR",0.709
"CDH1","CDKN2A",0.713
"CDH1","ESRP1",0.714
"CDH1","CXCL12",0.726
"CDH1","ECT2",0.727
"CDH1","IGF1",0.731
"CDH1","MMP3",0.739
"CDH1","KRT19",0.747
"CDH1","CXCR4",0.747
"CDH1","LEF1",0.751
"CD24","CDH1",0.752
"CDH1","JUN",0.755
"CD9","CDH1",0.759
"CDH1","DSP",0.761
"ANK3","CDH1",0.766
"CAV1","CDH1",0.768
"CDH1","CDH11",0.774
"ANXA1","CDH1",0.776
"CDH1","KRT7",0.787
"CDH1","RPS21",0.801
"CDH1","ESR1",0.803
"CDH1","SMAD4",0.804
"CDH1","MYC",0.804
"CDH1","KLF4",0.809
"CDH1","KRT8",0.826
"CDH1","CLDN4",0.829
"CDH1","ITGA1",0.851
"CDH1","SMAD2",0.852
"CDH1","TP53",0.853
"CDH1","ERBB3",0.856
"CDH1","FN1",0.873
"CDH1","KRT18",0.881
"CDH1","VIM",0.892
"CDH1","EPCAM",0.905
"CDH1","CLDN7",0.923
"CDH1","PTEN",0.93
"CDH1","ZEB2",0.954
"CDH1","MMP9",0.957
"CDH1","ERBB2",0.97
"CDH1","CDH5",0.985
"CDH1","OCLN",0.993
"CDH1","EGFR",0.999
"CDH1","CDH11",0.774
"CDH5","LYVE1",0.707
"CDH5","VWF",0.881
"CDH1","CDH5",0.985
"CDH5","MCAM",0.703
"CDH5","EGFR",0.736
"CDH5","EMCN",0.786
"ANGPTL4","CDH5",0.87
"CDH5","ROBO4",0.707
"CD34","CDH5",0.88
"CDH5","PTPRB",0.982
"CAV1","CDH5",0.712
"CDH5","FN1",0.704
"CDH5","OCLN",0.98
"CDH5","DSP",0.867
"CDH5","CLDN5",0.993
"ANGPT1","CDH5",0.797
"CDK1","TRIP13",0.845
"AURKA","CDK1",0.951
"CDK1","ORC6",0.743
"CDK1","OIP5",0.846
"CDK1","RAD51AP1",0.844
"CDK1","MND1",0.805
"CDK1","H4C6",0.82
"CDK1","DLGAP5",0.957
"CDK1","E2F8",0.734
"CDK1","PIMREG",0.748
"CDK1","FOXA1",0.787
"CDK1","NCAPG",0.981
"CDK1","KRAS",0.727
"CCNB1","CDK1",0.999
"CDK1","KIF23",0.914
"CDK1","KIF11",0.987
"CDK1","LMNB1",0.897
"CDK1","NDC80",0.957
"CDK1","MAPK6",0.802
"CDK1","MCM4",0.827
"CDK1","GINS1",0.726
"CDK1","EP300",0.726
"CDK1","UBE2S",0.743
"CDK1","MCM2",0.805
"CDK1","CENPE",0.973
"ANLN","CDK1",0.816
"CDK1","RB1",0.995
"CDK1","TP53",0.962
"CDK1","NUF2",0.957
"CDK1","EGFR",0.849
"CDCA5","CDK1",0.979
"ATM","CDK1",0.733
"CDK1","CENPU",0.914
"BUB1B","CDK1",0.999
"CCNB2","CDK1",0.999
"CDK1","MAD2L1",0.992
"CDK1","MELK",0.902
"CDK1","PCLAF",0.877
"CDK1","TPX2",0.952
"BIRC5","CDK1",0.997
"BUB1","CDK1",0.998
"CDK1","FEN1",0.829
"CDK1","FANCI",0.853
"CDK1","ZWILCH",0.781
"CDK1","TYMS",0.846
"CDK1","EZH2",0.965
"CDK1","SPAG5",0.927
"CDK1","KIF15",0.856
"CDK1","CDKN3",0.982
"CDK1","KNL1",0.838
"CDK1","SFN",0.963
"CDK1","SMC4",0.906
"CDK1","FOXM1",0.991
"ATR","CDK1",0.786
"CDK1","UBE2C",0.982
"CDK1","SGO2",0.748
"CDK1","RRM2",0.973
"CDK1","EXO1",0.959
"CDK1","CENPF",0.978
"CDK1","DTL",0.905
"CDK1","NEK2",0.919
"CDK1","KIF14",0.895
"ASPM","CDK1",0.942
"CDK1","MKI67",0.939
"BUB3","CDK1",0.924
"CDK1","H2BC21",0.799
"CDK1","TTK",0.905
"CDK1","JUN",0.778
"CDK1","CEP55",0.957
"CDK1","KIF2C",0.972
"CDC20","CDK1",0.999
"CDCA8","CDK1",0.99
"CDK1","ZWINT",0.95
"CDK1","KIF4A",0.911
"CDK1","CKS2",0.999
"CDK1","PCNA",0.93
"CDK1","ECT2",0.963
"CDK1","CENPN",0.831
"CDK1","HMMR",0.931
"CDK1","PTTG1",0.985
"CDK1","PRC1",0.937
"CDK1","KIF20A",0.958
"CDK1","E2F5",0.718
"CDK1","TLN2",0.743
"CDK1","MYC",0.755
"CDK1","FAM83D",0.76
"CDC7","CDK1",0.784
"CDK1","CENPK",0.789
"CDK1","GTSE1",0.796
"CDK1","CDKN2A",0.818
"CDK1","TK1",0.84
"CDK1","UBE2T",0.844
"CDK1","KPNA2",0.848
"CDK1","DEPDC1",0.849
"BRCA1","CDK1",0.878
"CDK1","CHEK1",0.911
"CCNE2","CDK1",0.933
"CDK1","CPEB1",0.938
"CDK1","NUSAP1",0.946
"CDK1","CDKN1C",0.952
"CDC45","CDK1",0.952
"CDCA3","CDK1",0.973
"CDK1","PBK",0.988
"CDK1","TOP2A",0.997
"CCNA2","CDK1",0.999
"CDK12","TP53",0.775
"ATM","CDK12",0.831
"CDK12","FANCD2",0.786
"CDK12","FANCI",0.737
"BRCA2","CDK12",0.74
"BRCA1","CDK12",0.849
"CCNB1","CDKN1C",0.826
"CDKN1C","CDKN2C",0.858
"CDKN1C","E2F3",0.735
"CDKN1C","RB1",0.796
"CDKN1C","TP53",0.701
"CDKN1C","CDKN2B",0.835
"CDKN1C","PHLDA2",0.928
"CDKN1C","CDKN3",0.748
"CDKN1C","PLAGL1",0.709
"CDK1","CDKN1C",0.952
"CDKN1C","CDKN2A",0.86
"CCNE2","CDKN1C",0.978
"CCNA2","CDKN1C",0.998
"CDKN2A","MAPK13",0.924
"CBX7","CDKN2A",0.81
"AURKA","CDKN2A",0.723
"CDKN2A","KRAS",0.992
"CCNB1","CDKN2A",0.772
"CDH1","CDKN2A",0.713
"CDKN2A","CDKN2C",0.815
"CDKN2A","EP300",0.859
"CDKN2A","PIK3CA",0.791
"CDKN2A","MCM2",0.788
"CDKN2A","RB1",0.843
"CDKN2A","TP53",0.999
"CDKN2A","ERBB2",0.773
"CDKN2A","EGFR",0.91
"CDKN2A","CDKN2B",0.951
"ATM","CDKN2A",0.847
"CDKN2A","MRAS",0.925
"CDKN2A","TERT",0.817
"CDKN2A","EZH2",0.813
"CDKN2A","CDKN3",0.842
"CDKN2A","FGFR3",0.775
"CDKN2A","SMAD4",0.851
"CDKN2A","SMARCA4",0.811
"CDKN2A","NF1",0.772
"CDKN2A","MDM4",0.963
"CDKN2A","JUN",0.779
"CDKN2A","PTEN",0.923
"BRCA2","CDKN2A",0.806
"CDKN2A","CHEK2",0.758
"CDK1","CDKN2A",0.818
"CDKN2A","CHEK1",0.724
"CDC7","CDKN2A",0.905
"CDC45","CDKN2A",0.86
"CDKN2A","HRAS",0.99
"CDKN1C","CDKN2A",0.86
"CDKN2A","RNF43",0.7
"CDKN2A","CYTH2",0.713
"CDKN2A","TCF7L2",0.778
"BRCA1","CDKN2A",0.832
"CDKN2A","MYC",0.998
"CBX7","CDKN2B",0.737
"CDKN2B","SMAD2",0.714
"CDKN2B","CDKN2C",0.751
"CDKN2B","TP53",0.86
"CDKN2B","CDKN3",0.722
"CDKN2B","SMAD4",0.812
"CDKN1C","CDKN2B",0.835
"CDKN2A","CDKN2B",0.951
"CDKN2B","MYC",0.966
"CDKN2B","CDKN2C",0.751
"CDKN2A","CDKN2C",0.815
"CDKN1C","CDKN2C",0.858
"CDKN2C","TP53",0.957
"AURKA","CDKN3",0.87
"CDKN3","OIP5",0.792
"CDKN3","DLGAP5",0.962
"CDKN3","NCAPG",0.816
"CCNB1","CDKN3",0.941
"CDKN3","KIF11",0.848
"CDKN3","NDC80",0.867
"CDKN3","CENPE",0.808
"CDKN3","TP53",0.858
"CDKN3","NUF2",0.858
"CDKN2B","CDKN3",0.722
"BUB1B","CDKN3",0.897
"CCNB2","CDKN3",0.893
"CDKN3","MAD2L1",0.87
"CDKN3","MELK",0.842
"CDKN3","TPX2",0.818
"BIRC5","CDKN3",0.887
"BUB1","CDKN3",0.846
"CDKN3","KIF15",0.727
"CDKN3","CHEK1",0.704
"CDKN3","MKI67",0.707
"CDKN3","RRM2",0.713
"CDCA8","CDKN3",0.72
"CDKN3","NEK2",0.722
"CDKN3","CKS2",0.725
"CDKN3","CENPF",0.725
"CDKN3","DEPDC1",0.73
"CDKN1C","CDKN3",0.748
"CDKN3","KIF2C",0.791
"CDKN3","UBE2T",0.796
"CDKN3","KIF4A",0.803
"CDKN3","CEP55",0.822
"CDKN3","NUSAP1",0.831
"CDKN3","HMMR",0.833
"CDKN3","KIF20A",0.835
"CDKN3","PTTG1",0.84
"CDKN2A","CDKN3",0.842
"CDKN3","UBE2C",0.847
"CDKN3","TTK",0.849
"ASPM","CDKN3",0.854
"CDCA3","CDKN3",0.859
"CDKN3","PBK",0.861
"CDKN3","TOP2A",0.863
"CDKN3","PRC1",0.883
"CDC20","CDKN3",0.885
"CCNA2","CDKN3",0.947
"CDK1","CDKN3",0.982
"CDO1","GGCT",0.801
"CDON","GAS1",0.995
"CDS1","PLPP5",0.905
"CDS1","PLPP3",0.937
"CDS1","MBOAT2",0.945
"CDS1","PLPP2",0.947
"AGPAT2","CDS1",0.963
"CDYL2","HSDL2",0.807
"CEACAM6","FN1",0.707
"CEBPA","NR3C1",0.758
"CEBPA","H4C6",0.714
"CEBPA","FOXA1",0.804
"CEBPA","FABP4",0.914
"CEBPA","EP300",0.902
"CEBPA","LEF1",0.862
"CEBPA","TP53",0.93
"CEBPA","PPARG",0.991
"CEBPA","TAL1",0.821
"CEBPA","PLIN1",0.723
"CEBPA","FOS",0.859
"CEBPA","LEP",0.943
"CEBPA","EBF1",0.876
"CEBPA","MYB",0.729
"CEBPA","JUN",0.886
"CEBPA","RUNX2",0.767
"CEBPA","GATA3",0.716
"CEBPA","FOXO1",0.975
"ADIPOQ","CEBPA",0.942
"CEBPA","RUNX1T1",0.961
"CEBPA","TET2",0.718
"CEBPA","LPL",0.725
"CEBPA","MYC",0.904
"AURKA","CENPE",0.869
"CENPE","DLGAP5",0.957
"CENPE","NCAPG",0.92
"CCNB1","CENPE",0.967
"CENPE","KIF23",0.969
"CENPE","KIF11",0.988
"CENPE","NDC80",0.979
"CENPE","CENPK",0.703
"CDCA3","CENPE",0.71
"CENPE","CENPU",0.71
"CENPE","FOXM1",0.718
"ATAD2","CENPE",0.729
"CENPE","CHEK1",0.757
"ANLN","CENPE",0.762
"CENPE","EXO1",0.781
"CDCA5","CENPE",0.793
"CENPE","PTTG1",0.796
"CENPE","UBE2C",0.803
"CDKN3","CENPE",0.808
"CENPE","SPAG5",0.811
"CENPE","DEPDC1",0.828
"CENPE","SGO2",0.832
"CENPE","NEK2",0.834
"CENPE","ECT2",0.844
"CENPE","KIF14",0.851
"CENPE","ZWILCH",0.87
"CENPE","ZWINT",0.878
"CENPE","MELK",0.886
"CENPE","PBK",0.889
"CENPE","TPX2",0.894
"CENPE","SMC4",0.899
"CENPE","KNL1",0.9
"CCNA2","CENPE",0.917
"CENPE","MKI67",0.921
"CENPE","TOP2A",0.926
"CENPE","HMMR",0.926
"CENPE","NUSAP1",0.929
"CENPE","KIF15",0.932
"BUB3","CENPE",0.935
"CENPE","CEP55",0.936
"CENPE","MAD2L1",0.942
"CCNB2","CENPE",0.942
"CDCA8","CENPE",0.956
"CENPE","KIF4A",0.957
"BIRC5","CENPE",0.963
"CENPE","KIF20A",0.967
"CENPE","TTK",0.968
"CDK1","CENPE",0.973
"ASPM","CENPE",0.981
"CENPE","KIF2C",0.988
"CDC20","CENPE",0.989
"CENPE","PRC1",0.99
"BUB1","CENPE",0.991
"CENPE","NUF2",0.996
"BUB1B","CENPE",0.999
"CENPE","CENPF",0.999
"CENPF","TRIP13",0.746
"AURKA","CENPF",0.902
"CENPF","DLGAP5",0.976
"CENPF","E2F8",0.803
"CENPF","NCAPG",0.924
"CCNB1","CENPF",0.988
"CENPF","KIF23",0.93
"CENPF","KIF11",0.972
"CENPF","NDC80",0.987
"CENPE","CENPF",0.999
"ANLN","CENPF",0.842
"CENPF","NUF2",0.952
"CDCA5","CENPF",0.857
"CENPF","CENPU",0.736
"BUB1B","CENPF",0.999
"CCNB2","CENPF",0.974
"CENPF","MAD2L1",0.915
"CENPF","MELK",0.919
"CENPF","PCLAF",0.898
"CENPF","TPX2",0.954
"BIRC5","CENPF",0.96
"BUB1","CENPF",0.987
"CENPF","ZWILCH",0.77
"CENPF","SPAG5",0.905
"CENPF","KIF15",0.959
"CDKN3","CENPF",0.725
"CENPF","KNL1",0.784
"CENPF","SMC4",0.8
"CENPF","FOXM1",0.989
"CENPF","UBE2C",0.94
"CENPF","RRM2",0.822
"CENPF","EXO1",0.9
"CENPF","FAM83D",0.734
"CENPF","GTSE1",0.745
"CENPF","CHEK1",0.761
"BUB3","CENPF",0.765
"CENPF","ECT2",0.77
"CDC45","CENPF",0.776
"CDCA3","CENPF",0.781
"CENPF","TK1",0.782
"CENPF","PTTG1",0.827
"CENPF","DEPDC1",0.844
"CENPF","UBE2T",0.853
"CENPF","KIF4A",0.879
"CENPF","DTL",0.893
"CENPF","HMMR",0.927
"CENPF","PRC1",0.937
"CENPF","NUSAP1",0.944
"CCNA2","CENPF",0.944
"CENPF","PBK",0.949
"CENPF","ZWINT",0.953
"CENPF","CEP55",0.959
"CENPF","KIF14",0.959
"CENPF","KIF20A",0.96
"CDCA8","CENPF",0.962
"CENPF","TTK",0.967
"CENPF","NEK2",0.97
"CENPF","TOP2A",0.974
"CDK1","CENPF",0.978
"CENPF","MKI67",0.979
"CENPF","KIF2C",0.985
"ASPM","CENPF",0.987
"CDC20","CENPF",0.99
"CENPK","OIP5",0.734
"CENPK","H4C6",0.903
"CENPK","NDC80",0.733
"CENPE","CENPK",0.703
"CENPK","NUF2",0.793
"CENPK","CENPU",0.999
"BUB1B","CENPK",0.869
"CENPK","MAD2L1",0.848
"CENPK","ZWILCH",0.791
"CENPK","KNL1",0.854
"BUB3","CENPK",0.708
"CDC20","CENPK",0.78
"CENPK","H2AC6",0.8
"CENPK","CENPN",0.999
"CDK1","CENPK",0.789
"CENPK","PBK",0.816
"CENPN","OIP5",0.819
"CENPN","RAD51AP1",0.76
"CENPN","H4C6",0.961
"CCNB1","CENPN",0.768
"CENPN","KIF11",0.796
"CENPN","NDC80",0.852
"CENPN","NUF2",0.73
"CDCA5","CENPN",0.811
"CENPN","CENPU",0.999
"BUB1B","CENPN",0.86
"CCNB2","CENPN",0.843
"CENPN","H2BC5",0.969
"CENPN","MAD2L1",0.899
"CENPN","MELK",0.705
"CENPN","TPX2",0.766
"BIRC5","CENPN",0.818
"BUB1","CENPN",0.76
"CENPN","SHCBP1",0.739
"CENPN","ZWILCH",0.776
"CENPN","KNL1",0.844
"CENPN","H2BC21",0.978
"CENPN","TTK",0.7
"CENPN","KIF2C",0.727
"CDC20","CENPN",0.837
"CDCA8","CENPN",0.706
"CENPN","H2AC6",0.818
"CENPN","CHEK1",0.705
"CENPN","DEPDC1",0.73
"CENPN","NUSAP1",0.736
"CENPN","PBK",0.756
"CCNA2","CENPN",0.77
"CDK1","CENPN",0.831
"CENPN","H2BC9",0.967
"CENPK","CENPN",0.999
"CENPU","OIP5",0.815
"CENPU","RAD51AP1",0.806
"CENPU","MND1",0.805
"CENPU","H4C6",0.905
"CENPU","DLGAP5",0.734
"CENPU","NCAPG",0.846
"CCNB1","CENPU",0.747
"CENPU","NDC80",0.897
"CENPE","CENPU",0.71
"CENPU","NUF2",0.753
"CDCA5","CENPU",0.705
"CENPF","CENPU",0.736
"CENPU","PBK",0.746
"BUB1","CENPU",0.758
"CDCA8","CENPU",0.759
"CENPU","H2AC6",0.8
"BUB1B","CENPU",0.812
"CENPU","ZWINT",0.829
"CDC20","CENPU",0.836
"CENPU","MAD2L1",0.837
"CCNB2","CENPU",0.846
"CENPU","KNL1",0.895
"CDK1","CENPU",0.914
"CENPN","CENPU",0.999
"CENPK","CENPU",0.999
"CEP41","MEST",0.877
"CEP55","TRIP13",0.815
"AURKA","CEP55",0.936
"CEP55","OIP5",0.84
"CEP55","RAD51AP1",0.839
"CEP55","MND1",0.794
"CEP55","DLGAP5",0.999
"CEP55","NCAPG",0.899
"CCNB1","CEP55",0.94
"CEP55","KIF23",0.975
"CEP55","KIF11",0.997
"CEP55","NDC80",0.914
"CENPE","CEP55",0.936
"ANLN","CEP55",0.93
"CEP55","NUF2",0.947
"CDCA5","CEP55",0.873
"ATAD2","CEP55",0.715
"BUB1B","CEP55",0.939
"CCNB2","CEP55",0.907
"CEP55","MAD2L1",0.73
"CEP55","CHMP4C",0.799
"CEP55","MELK",0.956
"CEP55","PCLAF",0.861
"CEP55","TPX2",0.944
"BIRC5","CEP55",0.913
"BUB1","CEP55",0.928
"CEP55","SHCBP1",0.785
"CEP55","TYMS",0.767
"CEP55","SPAG5",0.876
"CEP55","KIF15",0.893
"CDKN3","CEP55",0.822
"CEP55","FOXM1",0.86
"CEP55","UBE2C",0.938
"CEP55","RRM2",0.945
"CENPF","CEP55",0.959
"CEP55","DTL",0.817
"CEP55","NEK2",0.912
"CEP55","KIF14",0.943
"ASPM","CEP55",0.95
"CEP55","MKI67",0.904
"CEP55","TTK",0.945
"CEP55","UHRF1",0.76
"CEP55","UBE2T",0.768
"CEP55","TK1",0.802
"CEP55","ZWINT",0.867
"CEP55","CHEK1",0.871
"CDCA3","CEP55",0.876
"CEP55","DEPDC1",0.877
"CEP55","PTTG1",0.892
"CDC45","CEP55",0.896
"CEP55","PRC1",0.904
"CEP55","ECT2",0.913
"CDCA8","CEP55",0.923
"CCNA2","CEP55",0.923
"CEP55","HMMR",0.926
"CEP55","TOP2A",0.928
"CEP55","NUSAP1",0.93
"CEP55","KIF2C",0.948
"CDC20","CEP55",0.95
"CEP55","KIF4A",0.951
"CDK1","CEP55",0.957
"CEP55","PBK",0.957
"CEP55","KIF20A",0.962
"CERS6","GALC",0.931
"CERS6","DEGS2",0.968
"CERS6","SGPP2",0.948
"CERS6","PLPP2",0.932
"CERS6","PLPP3",0.925
"CERS6","UGCG",0.972
"CETP","HMGCR",0.781
"CETP","PLA2G7",0.861
"CETP","CLU",0.887
"CETP","VLDLR",0.895
"CETP","LPL",0.94
"APOC1","CETP",0.985
"APOB","CETP",0.989
"CFAP298","SPAG1",0.774
"CFD","LEP",0.769
"ADIPOQ","CFD",0.988
"CFH","RBMS2",0.716
"CFH","SPP1",0.703
"CFH","EFEMP1",0.786
"CFL2","GSN",0.864
"CFL2","LIMK2",0.99
"CGN","PATJ",0.721
"CGN","MARVELD2",0.989
"CGN","OCLN",0.995
"CGN","TJP3",0.997
"AURKA","CHEK1",0.754
"CHEK1","ORC6",0.732
"CHEK1","OIP5",0.743
"CHEK1","RAD51AP1",0.802
"CHEK1","MND1",0.861
"CHEK1","NCAPG",0.775
"CCNB1","CHEK1",0.935
"BRIP1","CHEK1",0.933
"CHEK1","KIF11",0.801
"BARD1","CHEK1",0.895
"CHEK1","PALB2",0.701
"CHEK1","MCM4",0.978
"CHEK1","MCM2",0.87
"CENPE","CHEK1",0.757
"CHEK1","DBF4",0.921
"CHEK1","TP53",0.997
"CHEK1","NUF2",0.702
"CDCA5","CHEK1",0.767
"ATM","CHEK1",0.998
"BUB1B","CHEK1",0.876
"CHEK1","FANCD2",0.958
"CCNB2","CHEK1",0.833
"CHEK1","MAD2L1",0.927
"CHEK1","MELK",0.873
"BIRC5","CHEK1",0.815
"BUB1","CHEK1",0.946
"CHEK1","FEN1",0.853
"CHEK1","RMI2",0.744
"CHEK1","FANCI",0.861
"CHEK1","TYMS",0.863
"CDKN3","CHEK1",0.704
"CHEK1","RAD51C",0.731
"ATR","CHEK1",0.999
"BLM","CHEK1",0.932
"CHEK1","RRM2",0.852
"CHEK1","EXO1",0.973
"CENPF","CHEK1",0.761
"CHEK1","DTL",0.931
"CHEK1","NEK2",0.704
"CHEK1","MDM4",0.742
"CEP55","CHEK1",0.871
"CHEK1","PTEN",0.791
"CHEK1","KIF2C",0.738
"CDC20","CHEK1",0.771
"CHEK1","ZWINT",0.722
"CHEK1","PCNA",0.757
"BRCA2","CHEK1",0.963
"CHEK1","CHEK2",0.971
"CENPN","CHEK1",0.705
"CDK1","CHEK1",0.911
"CHEK1","UBE2T",0.712
"CDKN2A","CHEK1",0.724
"CHEK1","PBK",0.735
"CCNE2","CHEK1",0.747
"CHEK1","MYC",0.76
"CHEK1","TOP2A",0.889
"CDC7","CHEK1",0.911
"CCNA2","CHEK1",0.939
"CDC45","CHEK1",0.994
"BRCA1","CHEK1",0.996
"CHEK2","H4C6",0.81
"CHEK2","GINS2",0.757
"CCNB1","CHEK2",0.817
"BARD1","CHEK2",0.937
"CHEK2","PALB2",0.921
"CHEK2","MCM4",0.927
"CHEK2","DBF4",0.912
"CHEK2","TP53",0.999
"ATM","CHEK2",0.999
"CHEK2","FANCD2",0.865
"CHEK2","MAD2L1",0.712
"CHEK2","RAD51C",0.887
"ATR","CHEK2",0.998
"BLM","CHEK2",0.744
"CHEK2","EXO1",0.896
"CHEK2","MDM4",0.92
"CHEK2","H2BC21",0.717
"CHEK2","PTEN",0.81
"BRCA2","CHEK2",0.985
"CCNA2","CHEK2",0.746
"CDKN2A","CHEK2",0.758
"CHEK2","RAD51B",0.785
"CDC45","CHEK2",0.926
"CHEK1","CHEK2",0.971
"CDC7","CHEK2",0.988
"BRCA1","CHEK2",0.999
"CEP55","CHMP4C",0.799
"CDCA8","CHMP4C",0.851
"CIDEA","LIPE",0.853
"CIDEA","FABP4",0.71
"CIDEA","PPARG",0.839
"CIDEA","COX7A1",0.816
"CIDEA","PLIN1",0.959
"ADIPOQ","CIDEA",0.763
"CIDEA","PNPLA2",0.773
"CIDEA","DIO2",0.808
"CIDEA","CIDEC",0.958
"CIDEC","LIPE",0.812
"CIDEC","PPARG",0.85
"CIDEC","PLIN1",0.99
"CIDEC","LEP",0.773
"CIDEA","CIDEC",0.958
"ADIPOQ","CIDEC",0.743
"CD36","CIDEC",0.759
"CIDEC","PLIN4",0.778
"CKMT2","MB",0.751
"AURKA","CKS2",0.804
"CKS2","DLGAP5",0.841
"CCNB1","CKS2",0.999
"CKS2","NUF2",0.701
"CCNB2","CKS2",0.976
"CKS2","MAD2L1",0.82
"CKS2","MELK",0.793
"BIRC5","CKS2",0.774
"BUB1","CKS2",0.805
"CDKN3","CKS2",0.725
"CKS2","UBE2C",0.874
"ASPM","CKS2",0.745
"CKS2","KIF2C",0.732
"CDC20","CKS2",0.971
"CKS2","TOP2A",0.708
"CKS2","HMMR",0.716
"CKS2","NUSAP1",0.774
"CKS2","KPNA2",0.789
"CKS2","PTTG1",0.888
"CCNA2","CKS2",0.99
"CDK1","CKS2",0.999
"CDH1","CLDN3",0.706
"CLDN3","EPCAM",0.737
"CLDN3","MARVELD3",0.821
"CLDN3","MARVELD2",0.908
"CLDN3","OCLN",0.998
"CLDN3","CLDN7",0.864
"CLDN3","CLDN4",0.859
"CLDN3","CLDN5",0.958
"CLDN3","TJP3",0.988
"CDH1","CLDN4",0.829
"CLDN4","EPCAM",0.785
"CLDN4","MARVELD2",0.795
"CLDN4","OCLN",0.996
"CLDN4","CLDN7",0.953
"CLDN3","CLDN4",0.859
"CLDN4","CLDN5",0.787
"CLDN4","TJP3",0.932
"CLDN5","VWF",0.92
"ANGPTL4","CLDN5",0.913
"CLDN5","ROBO4",0.732
"CLDN5","MARVELD2",0.774
"CAV1","CLDN5",0.733
"CLDN5","OCLN",0.999
"CLDN5","CLDN7",0.878
"CLDN5","MMP9",0.756
"CLDN3","CLDN5",0.958
"CLDN4","CLDN5",0.787
"CLDN5","TJP3",0.945
"CDH5","CLDN5",0.993
"CDH1","CLDN7",0.923
"CLDN7","EPCAM",0.993
"CLDN7","MARVELD3",0.756
"CLDN7","MARVELD2",0.964
"CLDN7","OCLN",0.999
"CD9","CLDN7",0.746
"CLDN3","CLDN7",0.864
"CLDN5","CLDN7",0.878
"CLDN7","PATJ",0.902
"CLDN4","CLDN7",0.953
"CLDN7","TACSTD2",0.966
"CLDN7","TJP3",0.99
"CLEC7A","TGFBR3",0.781
"CLEC7A","LY75-CD302",0.722
"CLEC7A","TREM2",0.749
"CD36","CLEC7A",0.787
"CLEC7A","LSP1",0.916
"CD37","CLEC7A",0.934
"CLGN","HSPA5",0.809
"CLIC5","MYH9",0.813
"CLIC5","EZR",0.974
"CETP","CLU",0.887
"CLU","LTF",0.993
"APOB","CLU",0.865
"CLU","LRP1",0.715
"CLU","PLA2G7",0.842
"CLU","LEP",0.899
"CLU","MMP9",0.718
"CLU","SPP1",0.73
"CLU","LPL",0.773
"CLU","FN1",0.802
"CLU","PLXNA4",0.802
"CLU","HSPA5",0.874
"CLU","VLDLR",0.938
"BIN1","CLU",0.955
"APOC1","CLU",0.969
"CLU","TREM2",0.985
"CNKSR2","HRAS",0.705
"CNR1","CNRIP1",0.752
"CNR1","MGLL",0.941
"CNR1","NTRK2",0.822
"ADCY4","CNR1",0.907
"CNR1","GNG2",0.94
"CNR1","GNAI1",0.995
"CNR1","CNRIP1",0.752
"BIN1","CNTNAP2",0.766
"CNTNAP2","SHANK3",0.789
"CNTNAP2","FOXP2",0.977
"COL10A1","MMP11",0.812
"COL10A1","COMP",0.768
"COL10A1","COL1A1",0.781
"ADAMTS3","COL10A1",0.741
"COL10A1","RUNX2",0.875
"COL10A1","COL11A1",0.877
"COL11A1","MMP11",0.732
"COL11A1","COL1A1",0.965
"COL10A1","COL11A1",0.877
"COL11A1","DDR2",0.77
"COL1A1","DCN",0.923
"COL1A1","PCOLCE2",0.703
"COL1A1","IGF1",0.714
"CD36","COL1A1",0.72
"COL1A1","SPP1",0.747
"COL1A1","ITGA7",0.75
"COL1A1","RB1",0.766
"COL1A1","TNMD",0.774
"COL1A1","VIM",0.778
"COL10A1","COL1A1",0.781
"COL1A1","CTHRC1",0.795
"COL1A1","SDC1",0.815
"COL1A1","MMP9",0.84
"COL1A1","DDR2",0.856
"COL1A1","VWF",0.877
"COL1A1","ITGA1",0.879
"COL1A1","POSTN",0.903
"COL1A1","FBN1",0.929
"COL1A1","RUNX2",0.955
"COL11A1","COL1A1",0.965
"BGN","COL1A1",0.974
"COL1A1","FN1",0.974
"COL6A6","ITGA7",0.738
"COMP","DCN",0.83
"COMP","PRG4",0.719
"COMP","ITGA1",0.72
"BGN","COMP",0.724
"BMP2","COMP",0.737
"COL10A1","COMP",0.768
"COMP","SDC1",0.911
"CD36","COMP",0.953
"COMP","FN1",0.958
"COX11","TOX3",0.75
"COX11","SLC4A7",0.706
"COX11","LSP1",0.711
"CIDEA","COX7A1",0.816
"AURKA","CPEB1",0.955
"CPEB1","PABPC1L",0.777
"CCNB2","CPEB1",0.928
"CDK1","CPEB1",0.938
"CRABP2","PLAAT3",0.748
"CREB3L4","EP300",0.916
"CREB3L4","CREB5",0.941
"CREB5","FOSB",0.774
"CREB5","EP300",0.924
"CREB3L4","CREB5",0.941
"CREB5","FOS",0.886
"CREB5","JUN",0.971
"CRNKL1","DHX15",0.988
"CRNKL1","SNRPB",0.995
"CRYAB","TP53",0.798
"CRYAB","HSPB2",0.921
"COL1A1","CTHRC1",0.795
"CTHRC1","POSTN",0.709
"CTPS1","TYMS",0.738
"CTPS1","NME7",0.94
"CTPS1","TK1",0.7
"CXADR","OCLN",0.831
"CCR7","CXCL10",0.968
"ACKR3","CXCL10",0.863
"CCR5","CXCL10",0.999
"CXCL10","PPBP",0.999
"CXCL10","TLR3",0.78
"CXCL10","MMP3",0.702
"CXCL10","MMP9",0.868
"CXCL10","IFIH1",0.891
"CXCL10","STAT1",0.949
"CXCL10","CXCL8",0.975
"CXCL10","CXCR4",0.997
"CXCL10","CXCL12",0.999
"CXCL10","CXCL11",0.999
"CCR7","CXCL11",0.93
"ACKR3","CXCL11",0.998
"CCR5","CXCL11",0.99
"CXCL11","PPBP",0.999
"CXCL10","CXCL11",0.999
"CXCL11","CXCL8",0.946
"CXCL11","STAT1",0.755
"CXCL11","CXCR4",0.994
"CXCL11","CXCL12",0.999
"CXCL12","MIF",0.737
"CCR7","CXCL12",0.999
"ACKR4","CXCL12",0.865
"CDH1","CXCL12",0.726
"CXCL12","FGF2",0.896
"ACKR3","CXCL12",0.999
"CXCL12","EGFR",0.897
"CCR5","CXCL12",0.998
"CXCL12","PPBP",0.999
"CXCL10","CXCL12",0.999
"CXCL12","CXCL8",0.951
"CXCL11","CXCL12",0.999
"CD34","CXCL12",0.856
"CXCL12","ERBB4",0.811
"CXCL12","FN1",0.884
"CXCL12","MMP9",0.891
"CXCL12","SDC1",0.702
"CXCL12","IGF1",0.845
"ANGPT1","CXCL12",0.704
"CXCL12","ESR1",0.879
"CXCL12","CXCR4",0.999
"CXCL8","SERPINE1",0.736
"CCR7","CXCL8",0.9
"CXCL8","IL1RN",0.926
"CXCL8","VWF",0.962
"CXCL8","FGF2",0.857
"CXCL8","TP53",0.804
"CXCL8","EGFR",0.792
"CCR5","CXCL8",0.971
"CXCL8","TLR3",0.718
"CXCL8","MMP3",0.821
"CXCL10","CXCL8",0.975
"CXCL8","FOS",0.765
"CXCL8","TSLP",0.711
"CXCL8","FGF3",0.751
"CXCL8","SPP1",0.755
"CXCL8","STAT1",0.765
"ANG","CXCL8",0.767
"AGTR1","CXCL8",0.782
"CXCL8","GNAI1",0.815
"CXCL8","SDC1",0.825
"ANXA1","CXCL8",0.828
"CXCL8","FN1",0.846
"CXCL8","GNG2",0.859
"CXCL8","MMP9",0.88
"CXCL11","CXCL8",0.946
"CXCL12","CXCL8",0.951
"CXCL8","JUN",0.987
"CXCL8","CXCR4",0.997
"ACKR1","CXCL8",0.999
"CXCR4","MIF",0.991
"CCR7","CXCR4",0.959
"CXCR4","GNG11",0.945
"CDH1","CXCR4",0.747
"CXCR4","EPCAM",0.708
"CXCR4","FGF2",0.795
"CXCR4","ERBB2",0.729
"ACKR3","CXCR4",0.996
"CCR5","CXCR4",0.996
"CXCR4","PPBP",0.963
"CXCR4","SOX17",0.729
"ADRB2","CXCR4",0.826
"CXCR4","S1PR1",0.719
"CXCL10","CXCR4",0.997
"CXCL8","CXCR4",0.997
"CXCL11","CXCR4",0.994
"CD34","CXCR4",0.815
"CXCR4","GRK3",0.869
"CXCR4","GNG2",0.917
"CAV1","CXCR4",0.715
"CXCR4","FN1",0.857
"CXCR4","GNG12",0.912
"CXCR4","MMP9",0.844
"ADRA1A","CXCR4",0.795
"CXCR4","IGF1",0.717
"CXCR4","SPP1",0.753
"CXCL12","CXCR4",0.999
"BCL6","CXCR4",0.709
"CXCR4","ESR1",0.702
"CXCR4","TFF3",0.751
"ANGPT1","CXCR4",0.757
"CXCR4","GNAI1",0.944
"ACO1","CYBRD1",0.714
"CYBRD1","SLC11A2",0.965
"ALDH1A1","CYP26B1",0.964
"CYTH2","PIK3CA",0.727
"CYTH2","CYTIP",0.717
"CYTH2","RABIF",0.724
"CYTH2","INAVA",0.847
"CDKN2A","CYTH2",0.713
"CYTH2","CYTIP",0.717
"DBF4","ORC6",0.998
"DBF4","MCM4",0.999
"DBF4","MCM2",0.996
"CDC20","DBF4",0.701
"CCNA2","DBF4",0.706
"ATR","DBF4",0.873
"CHEK2","DBF4",0.912
"CHEK1","DBF4",0.921
"CDC45","DBF4",0.987
"CDC7","DBF4",0.999
"DCLRE1B","FANCD2",0.849
"DCLRE1B","FANCI",0.761
"DCLRE1B","EXO1",0.734
"DCN","OGN",0.711
"DCN","MMP9",0.713
"DCN","POSTN",0.758
"DCN","MMP3",0.765
"CCN4","DCN",0.766
"DCN","SPP1",0.768
"DCN","TNMD",0.79
"COMP","DCN",0.83
"DCN","FGF2",0.834
"DCN","LRP1",0.839
"DCN","DPT",0.85
"DCN","FBN1",0.912
"DCN","ERBB3",0.913
"DCN","ERBB4",0.922
"COL1A1","DCN",0.923
"DCN","SDC1",0.935
"DCN","FGF3",0.936
"DCN","ERBB2",0.958
"DCN","HSPG2",0.986
"BGN","DCN",0.989
"DCN","IGF1",0.989
"DCN","FN1",0.996
"DCN","EGFR",0.999
"COL1A1","DDR2",0.856
"COL11A1","DDR2",0.77
"DEGS2","GALC",0.915
"DEGS2","PLPP3",0.904
"DEGS2","PLPP2",0.91
"DEGS2","SGPP2",0.94
"DEGS2","UGCG",0.961
"CERS6","DEGS2",0.968
"AURKA","DEPDC1",0.782
"DEPDC1","OIP5",0.737
"DEPDC1","RAD51AP1",0.715
"DEPDC1","DLGAP5",0.881
"DEPDC1","NCAPG",0.824
"CCNB1","DEPDC1",0.871
"DEPDC1","KIF23",0.865
"DEPDC1","KIF11",0.839
"CENPE","DEPDC1",0.828
"ANLN","DEPDC1",0.847
"DEPDC1","NUF2",0.898
"BUB1B","DEPDC1",0.85
"CCNB2","DEPDC1",0.724
"DEPDC1","MELK",0.751
"DEPDC1","TPX2",0.903
"BIRC5","DEPDC1",0.821
"BUB1","DEPDC1",0.831
"DEPDC1","SHCBP1",0.78
"DEPDC1","KIF15",0.854
"CDKN3","DEPDC1",0.73
"DEPDC1","FOXM1",0.845
"CENPF","DEPDC1",0.844
"DEPDC1","NEK2",0.847
"DEPDC1","KIF14",0.873
"ASPM","DEPDC1",0.861
"DEPDC1","MKI67",0.705
"DEPDC1","TTK",0.931
"CEP55","DEPDC1",0.877
"DEPDC1","KIF2C",0.83
"CDC20","DEPDC1",0.761
"CDCA8","DEPDC1",0.772
"DEPDC1","KIF4A",0.797
"CENPN","DEPDC1",0.73
"DEPDC1","HMMR",0.907
"DEPDC1","KIF20A",0.9
"CDK1","DEPDC1",0.849
"DEPDC1","TOP2A",0.733
"DEPDC1","NUSAP1",0.711
"DEPDC1","PBK",0.849
"CCNA2","DEPDC1",0.894
"DGAT2","LIPE",0.701
"AGPAT2","DGAT2",0.707
"DGAT2","GPAM",0.728
"DGAT2","GPAT3",0.743
"ACSL1","DGAT2",0.748
"DGAT2","FABP4",0.786
"DGAT2","SCD",0.844
"DGAT2","PNPLA2",0.91
"DGAT2","PLPP5",0.948
"DGAT2","PLPP3",0.952
"DGAT2","PLPP2",0.971
"DHX15","WDR43",0.899
"DHX15","SNRPB",0.983
"CRNKL1","DHX15",0.988
"CIDEA","DIO2",0.808
"DIO2","THRB",0.779
"DLC1","TNS1",0.746
"CAV1","DLC1",0.785
"DLC1","TLN2",0.821
"DLC1","TNS2",0.992
"DLGAP5","TRIP13",0.789
"AURKA","DLGAP5",0.966
"DLGAP5","OIP5",0.856
"DLGAP5","RAD51AP1",0.884
"DLGAP5","MND1",0.816
"DLGAP5","KPNA2",0.705
"DLGAP5","GINS2",0.72
"DLGAP5","PIMREG",0.726
"DLGAP5","SMC4",0.728
"CENPU","DLGAP5",0.734
"DLGAP5","GTSE1",0.736
"DLGAP5","SHCBP1",0.74
"DLGAP5","KNL1",0.748
"DLGAP5","RAN",0.75
"DLGAP5","DTL",0.756
"DLGAP5","FAM83D",0.77
"DLGAP5","EXO1",0.787
"DLGAP5","E2F8",0.799
"DLGAP5","TK1",0.811
"CKS2","DLGAP5",0.841
"DLGAP5","ECT2",0.858
"DLGAP5","FOXM1",0.872
"DEPDC1","DLGAP5",0.881
"DLGAP5","PCLAF",0.881
"DLGAP5","PRC1",0.892
"DLGAP5","MKI67",0.902
"DLGAP5","MAD2L1",0.906
"DLGAP5","PTTG1",0.913
"ANLN","DLGAP5",0.914
"DLGAP5","ZWINT",0.92
"CDCA5","DLGAP5",0.921
"CDC45","DLGAP5",0.921
"DLGAP5","SPAG5",0.928
"DLGAP5","KIF14",0.933
"DLGAP5","KIF15",0.937
"DLGAP5","NCAPG",0.948
"DLGAP5","RRM2",0.95
"DLGAP5","KIF23",0.951
"CDCA3","DLGAP5",0.951
"CDK1","DLGAP5",0.957
"CENPE","DLGAP5",0.957
"DLGAP5","NDC80",0.957
"CDCA8","DLGAP5",0.961
"DLGAP5","KIF4A",0.962
"CDKN3","DLGAP5",0.962
"DLGAP5","NEK2",0.963
"DLGAP5","NUF2",0.964
"DLGAP5","NUSAP1",0.965
"CCNB1","DLGAP5",0.965
"BIRC5","DLGAP5",0.967
"DLGAP5","UBE2C",0.968
"CCNA2","DLGAP5",0.97
"DLGAP5","KIF20A",0.97
"CCNB2","DLGAP5",0.974
"DLGAP5","KIF2C",0.975
"CENPF","DLGAP5",0.976
"DLGAP5","TTK",0.977
"DLGAP5","TPX2",0.978
"DLGAP5","TOP2A",0.978
"DLGAP5","PBK",0.979
"CDC20","DLGAP5",0.981
"BUB1B","DLGAP5",0.981
"DLGAP5","MELK",0.982
"BUB1","DLGAP5",0.986
"ASPM","DLGAP5",0.994
"DLGAP5","KIF11",0.997
"DLGAP5","HMMR",0.999
"CEP55","DLGAP5",0.999
"DLX2","LHX6",0.793
"DLX2","MEIS2",0.813
"DMD","SGCG",0.984
"DMD","LAMA4",0.702
"DMD","SSPN",0.998
"DMD","TP53",0.73
"DMD","EGFLAM",0.705
"ANK2","DMD",0.76
"DMD","ITGA7",0.707
"DMD","TNNT3",0.745
"DMD","HSPG2",0.789
"DMD","PGM5",0.836
"DMD","TLN2",0.841
"DMD","LAMA2",0.978
"DMD","SGCB",0.992
"DMTN","GYPC",0.886
"ANK3","DMTN",0.807
"ANK2","DMTN",0.802
"DMTN","EPB42",0.918
"DNAJC1","HSPA5",0.987
"DCN","DPT",0.85
"DPT","PRELP",0.777
"DPT","POSTN",0.709
"CDH1","DSP",0.761
"DSP","DST",0.762
"DSP","PKP3",0.93
"DSP","PPL",0.953
"DSP","KRT19",0.84
"CDH5","DSP",0.867
"DSP","KRT8",0.869
"DSP","KRT18",0.957
"DST","PPL",0.722
"DSP","DST",0.762
"DST","LAMA3",0.839
"DTL","MND1",0.742
"DLGAP5","DTL",0.756
"DTL","E2F8",0.708
"DTL","NCAPG",0.83
"DTL","KIF11",0.85
"DTL","MCM4",0.707
"DTL","MCM2",0.772
"DTL","TP53",0.727
"DTL","NUF2",0.816
"BUB1B","DTL",0.811
"DTL","MELK",0.842
"DTL","PCLAF",0.794
"BUB1","DTL",0.811
"DTL","FEN1",0.731
"DTL","TYMS",0.713
"DTL","KIF15",0.807
"DTL","RRM2",0.88
"DTL","EXO1",0.901
"CENPF","DTL",0.893
"DTL","KIF4A",0.728
"DTL","UHRF1",0.786
"DTL","TTK",0.787
"DTL","UBE2T",0.812
"CEP55","DTL",0.817
"DTL","ZWINT",0.819
"DTL","TOP2A",0.822
"DTL","NUSAP1",0.834
"ASPM","DTL",0.848
"DTL","FBXO11",0.86
"DTL","PBK",0.873
"CDK1","DTL",0.905
"CCNA2","DTL",0.907
"CHEK1","DTL",0.931
"CDC45","DTL",0.938
"DTL","PCNA",0.995
"DUSP5","MAPK13",0.799
"DUSP5","FOS",0.786
"E2F3","TP53",0.707
"E2F3","EZH2",0.732
"CDKN1C","E2F3",0.735
"E2F3","MYC",0.754
"E2F3","E2F5",0.763
"CCNE2","E2F3",0.846
"E2F3","TFE3",0.881
"CCNA2","E2F3",0.965
"E2F3","RB1",0.998
"E2F5","SMAD2",0.942
"E2F3","E2F5",0.763
"E2F5","RB1",0.992
"E2F5","SMAD4",0.986
"CDK1","E2F5",0.718
"CCNA2","E2F5",0.775
"E2F5","MYC",0.822
"CCNE2","E2F5",0.84
"DLGAP5","E2F8",0.799
"DTL","E2F8",0.708
"E2F8","TK1",0.714
"BUB1","E2F8",0.72
"E2F8","KIF20A",0.722
"CCNE2","E2F8",0.723
"CDK1","E2F8",0.734
"E2F8","SPAG5",0.735
"E2F8","MELK",0.745
"E2F8","NEK2",0.753
"E2F8","TP53",0.765
"E2F8","ZWINT",0.766
"CDCA8","E2F8",0.769
"E2F8","FOXM1",0.77
"E2F8","KIF2C",0.772
"E2F8","MKI67",0.782
"E2F8","TTK",0.786
"E2F8","KIF15",0.8
"CENPF","E2F8",0.803
"E2F8","RRM2",0.805
"E2F8","TOP2A",0.808
"CCNA2","E2F8",0.816
"BUB1B","E2F8",0.836
"E2F8","KIF11",0.87
"EBF1","EP300",0.791
"EBF1","LEF1",0.755
"EBF1","PPARG",0.823
"BCL6","EBF1",0.715
"EBF1","ZNF521",0.812
"EBF1","TMTC1",0.852
"CEBPA","EBF1",0.876
"EBF1","IKZF3",0.885
"EBF1","TET2",0.976
"EBF1","ZNF423",0.978
"EBF2","PPARG",0.79
"EBF2","TMTC1",0.847
"EBF2","ZNF423",0.891
"EBF3","ZNF423",0.708
"ECM2","OMD",0.703
"AURKA","ECT2",0.831
"DLGAP5","ECT2",0.858
"ECT2","NCAPG",0.865
"CCNB1","ECT2",0.911
"ECT2","KIF23",0.999
"ECT2","KIF11",0.891
"CDH1","ECT2",0.727
"CENPE","ECT2",0.844
"ANLN","ECT2",0.994
"ECT2","NUF2",0.818
"CDCA5","ECT2",0.722
"BUB1B","ECT2",0.864
"CCNB2","ECT2",0.824
"ECT2","PRKCI",0.804
"ECT2","MAD2L1",0.779
"ECT2","MELK",0.889
"ECT2","TPX2",0.75
"BIRC5","ECT2",0.781
"BUB1","ECT2",0.947
"ECT2","FANCI",0.741
"ECT2","SMC4",0.775
"CENPF","ECT2",0.77
"ECT2","NEK2",0.82
"ECT2","RABIF",0.809
"ECT2","KIF14",0.761
"ASPM","ECT2",0.924
"ECT2","TTK",0.864
"CEP55","ECT2",0.913
"ECT2","KIF2C",0.717
"CDC20","ECT2",0.726
"CDCA8","ECT2",0.796
"ECT2","KIF4A",0.82
"CCNA2","ECT2",0.748
"ECT2","NUSAP1",0.784
"ECT2","HMMR",0.789
"ECT2","TOP2A",0.845
"ECT2","PRC1",0.85
"ECT2","PBK",0.895
"ECT2","KIF20A",0.922
"CDK1","ECT2",0.963
"EDNRB","GNAI1",0.921
"EFEMP1","EGFR",0.877
"CFH","EFEMP1",0.786
"EFEMP1","FBLN2",0.769
"EFEMP1","MFAP4",0.784
"EFNA1","ERBB3",0.713
"EFNA1","ERBB2",0.754
"EFNA1","EGFR",0.79
"EFNA1","NTRK2",0.916
"EFNA1","FGFR3",0.726
"EFNA1","FGFR2",0.724
"EFNA4","ERBB2",0.72
"EFNA4","EGFR",0.728
"EFNA4","NTRK2",0.859
"EFNA4","FGFR3",0.701
"EFNA4","FGFR2",0.72
"DMD","EGFLAM",0.705
"DCN","EGFR",0.999
"CAV2","EGFR",0.977
"EGFR","NR3C1",0.87
"EGFR","LRP1",0.838
"EGFR","PXDN",0.763
"EGFR","KRAS",0.997
"CCNB1","EGFR",0.804
"CDH1","EGFR",0.999
"EGFR","SNX1",0.839
"EGFR","SMAD2",0.736
"EGFR","SLC9A3R1",0.854
"EGFR","EPAS1",0.821
"EGFR","EPCAM",0.923
"EGFR","PIK3CA",0.999
"EGFR","FGF2",0.957
"EGFR","ERBB3",0.999
"EGFR","EPN3",0.835
"EGFR","TP53",0.943
"EGFR","ERBB2",0.999
"ACKR3","EGFR",0.768
"EGFR","TIMP4",0.7
"EGFR","FOXO1",0.706
"ALCAM","EGFR",0.708
"EGFR","IDH2",0.72
"EGFR","TSLP",0.726
"EFNA4","EGFR",0.728
"EGFR","TLR3",0.729
"EGFR","SMAD4",0.735
"CDH5","EGFR",0.736
"EGFR","MMP3",0.737
"EGFR","EZH2",0.741
"EGFR","IRS2",0.749
"EGFR","KRT8",0.754
"EGFR","RGS4",0.778
"EFNA1","EGFR",0.79
"CXCL8","EGFR",0.792
"BRCA1","EGFR",0.8
"ANXA1","EGFR",0.802
"EGFR","VAV3",0.805
"CDCP1","EGFR",0.806
"CD24","EGFR",0.806
"AKAP12","EGFR",0.81
"EGFR","SPP1",0.812
"EGFR","MMP9",0.827
"EGFR","LEP",0.839
"EGFR","KRT18",0.84
"EGFR","GPER1",0.843
"EGFR","PPARG",0.843
"EGFR","SPRY2",0.846
"EGFR","NF1",0.847
"CDK1","EGFR",0.849
"ANGPT1","EGFR",0.85
"EGFR","S100A4",0.858
"EGFR","HSPA5",0.862
"EGFR","JUN",0.871
"CD9","EGFR",0.873
"EGFR","MYC",0.875
"EFEMP1","EGFR",0.877
"EGFR","NTRK2",0.882
"EGFR","SFN",0.884
"CAVIN1","EGFR",0.885
"EGFR","FGF1",0.887
"EGFR","EZR",0.891
"EGFR","PLAUR",0.896
"CXCL12","EGFR",0.897
"CDKN2A","EGFR",0.91
"EGFR","TNS3",0.915
"EGFR","LAPTM4B",0.927
"EGFR","FGF3",0.928
"EGFR","PDGFD",0.932
"EGFR","IRS1",0.939
"EGFR","FOS",0.94
"EGFR","FN1",0.944
"EGFR","PTEN",0.969
"EGFR","STAT1",0.975
"EGFR","ESR1",0.988
"EGFR","PTK6",0.989
"EGFR","IGF1",0.991
"EGFR","HRAS",0.994
"EGFR","ERBB4",0.996
"EGFR","PIK3R1",0.998
"EGFR","STAT5A",0.998
"EGFR","PTPN11",0.999
"CAV1","EGFR",0.999
"EGFR","MUC1",0.999
"EGLN3","HIF3A",0.945
"EGLN3","SIAH2",0.976
"EGLN3","EPAS1",0.999
"EHBP1","EHD2",0.996
"CAV1","EHD2",0.786
"CAVIN1","EHD2",0.893
"EHBP1","EHD2",0.996
"EIF1","RPS21",0.971
"ELF3","EP300",0.729
"ELF3","PRKCI",0.846
"ELL","EP300",0.803
"ELL","TP53",0.822
"ELL","MLLT10",0.916
"EMCN","LYVE1",0.746
"CD300LG","EMCN",0.716
"CD34","EMCN",0.757
"ADGRL4","EMCN",0.782
"CDH5","EMCN",0.786
"EMCN","MUC1",0.79
"ENAH","ESRP1",0.908
"ENC1","LZTR1",0.9
"ENPP2","GDPD1",0.989
"EP300","NR3C1",0.914
"EP300","TWIST1",0.886
"EP300","H4C6",0.999
"EP300","FOSB",0.735
"EP300","KLF2",0.78
"EP300","FOXA1",0.933
"EP300","KRAS",0.757
"CCNB1","EP300",0.816
"EP300","RORA",0.96
"EP300","SMAD2",0.987
"ELL","EP300",0.803
"EP300","PCK1",0.71
"EP300","MRTFA",0.71
"EP300","KLF15",0.716
"EP300","HIF3A",0.726
"CDK1","EP300",0.726
"EP300","MAF",0.729
"ELF3","EP300",0.729
"EP300","THRB",0.731
"CDC20","EP300",0.75
"EP300","KLF1",0.758
"EBF1","EP300",0.791
"EP300","RB1",0.808
"CCNA2","EP300",0.812
"EP300","MLXIPL",0.815
"EP300","ZBTB16",0.844
"EP300","TFAP2A",0.856
"CDKN2A","EP300",0.859
"EP300","FEN1",0.879
"EP300","NRIP1",0.88
"EP300","RUNX2",0.885
"EP300","HIPK2",0.886
"EP300","TAL1",0.889
"EP300","PCNA",0.9
"CEBPA","EP300",0.902
"EP300","KDM6A",0.902
"EP300","REL",0.903
"ATM","EP300",0.904
"CREB3L4","EP300",0.916
"CREB5","EP300",0.924
"EP300","KLF4",0.945
"EP300","STAT5A",0.946
"EP300","TCF7L1",0.948
"EP300","MAML2",0.95
"EP300","FOXM1",0.957
"EP300","GATA3",0.959
"EP300","H2BC12",0.959
"EP300","H2BC21",0.96
"EP300","EZH2",0.963
"EP300","FOS",0.964
"EP300","SMARCA4",0.969
"EP300","TCF7L2",0.975
"EP300","LEF1",0.981
"EP300","H2AC8",0.983
"EP300","FOXO1",0.984
"BRCA1","EP300",0.986
"EP300","SMAD4",0.994
"EP300","MYB",0.996
"EP300","ESR1",0.997
"EP300","PPARG",0.997
"EP300","STAT1",0.998
"EP300","EPAS1",0.998
"EP300","TP53",0.999
"EP300","JUN",0.999
"EP300","NCOA1",0.999
"EP300","MYC",0.999
"EPAS1","NR3C1",0.718
"EGLN3","EPAS1",0.999
"EPAS1","SMAD2",0.787
"EP300","EPAS1",0.998
"EPAS1","KLF4",0.704
"EPAS1","JUN",0.716
"EPAS1","PBX1",0.719
"EPAS1","ESR1",0.724
"EPAS1","TP53",0.736
"EGFR","EPAS1",0.821
"EPAS1","PTK6",0.828
"EPAS1","MYC",0.932
"EPAS1","HIF3A",0.997
"EPB41L2","SPTBN1",0.832
"EPB41L5","PATJ",0.751
"EPB42","KLF1",0.894
"EPB42","TAL1",0.725
"AQP1","EPB42",0.823
"DMTN","EPB42",0.918
"CDH1","EPCAM",0.905
"CXCR4","EPCAM",0.708
"ALDH1A1","EPCAM",0.72
"EPCAM","KRT7",0.735
"CLDN3","EPCAM",0.737
"EPCAM","GPC3",0.747
"EPCAM","MYO5B",0.75
"CLDN4","EPCAM",0.785
"EPCAM","KRT18",0.789
"EPCAM","KRT8",0.845
"EPCAM","SPINT2",0.88
"EPCAM","KRT19",0.888
"CD24","EPCAM",0.91
"EPCAM","MUC1",0.92
"EGFR","EPCAM",0.923
"EPCAM","ERBB2",0.927
"CD9","EPCAM",0.943
"CLDN7","EPCAM",0.993
"EGFR","EPN3",0.835
"BIN1","EPN3",0.849
"EPN3","ITSN1",0.97
"EPSTI1","IFI6",0.75
"EPSTI1","STAT1",0.837
"EPSTI1","IFIH1",0.851
"DCN","ERBB2",0.958
"ERBB2","PXDN",0.702
"ERBB2","KRAS",0.966
"CDH1","ERBB2",0.97
"EPCAM","ERBB2",0.927
"ERBB2","PIK3CA",0.992
"ERBB2","FGF2",0.857
"ERBB2","ERBB3",0.999
"ERBB2","TP53",0.935
"BIRC5","ERBB2",0.7
"ERBB2","NTRK2",0.704
"ERBB2","SMAD4",0.708
"EFNA4","ERBB2",0.72
"ERBB2","HSPA5",0.721
"ERBB2","FN1",0.724
"ERBB2","PDGFD",0.726
"CXCR4","ERBB2",0.729
"ERBB2","TACSTD2",0.732
"CAV1","ERBB2",0.735
"ANGPT1","ERBB2",0.736
"ERBB2","FGFR2",0.744
"ATM","ERBB2",0.748
"EFNA1","ERBB2",0.754
"ERBB2","JUN",0.759
"ERBB2","FGFR3",0.765
"ERBB2","NF1",0.771
"CDKN2A","ERBB2",0.773
"ALK","ERBB2",0.775
"ERBB2","FGF1",0.787
"ERBB2","SDC1",0.811
"ERBB2","STAT1",0.821
"ADRB2","ERBB2",0.822
"ANK2","ERBB2",0.824
"ANK3","ERBB2",0.825
"ERBB2","FGF3",0.832
"ERBB2","PTK6",0.838
"ERBB2","TOB1",0.854
"ERBB2","PTEN",0.868
"ERBB2","EZR",0.869
"BRCA2","ERBB2",0.873
"ERBB2","MYC",0.886
"ERBB2","HRAS",0.907
"ERBB2","IRS1",0.909
"BRCA1","ERBB2",0.918
"ERBB2","PTPN11",0.971
"ERBB2","ESR1",0.976
"ERBB2","MUC1",0.979
"ERBB2","IGF1",0.992
"ERBB2","PIK3R1",0.995
"ERBB2","ERBB4",0.999
"EGFR","ERBB2",0.999
"DCN","ERBB3",0.913
"ERBB3","KRAS",0.919
"CDH1","ERBB3",0.856
"ERBB3","PIK3CA",0.993
"ERBB3","FGF2",0.884
"ERBB3","PDGFD",0.703
"EFNA1","ERBB3",0.713
"ANGPT1","ERBB3",0.728
"ERBB3","MYC",0.731
"ERBB3","FGF1",0.746
"ERBB3","MUC1",0.76
"ERBB3","FGF3",0.764
"ERBB3","HRAS",0.798
"ERBB3","IGF1",0.81
"ERBB3","PTK6",0.821
"ERBB3","PTEN",0.826
"ERBB3","PTPN11",0.828
"ERBB3","IRS1",0.87
"ERBB3","PIK3R1",0.998
"ERBB3","ERBB4",0.999
"EGFR","ERBB3",0.999
"ERBB2","ERBB3",0.999
"DCN","ERBB4",0.922
"ERBB4","KRAS",0.862
"ERBB4","PIK3CA",0.97
"ERBB4","FGF2",0.871
"ERBB3","ERBB4",0.999
"ERBB4","TP53",0.726
"ERBB2","ERBB4",0.999
"EGFR","ERBB4",0.996
"ERBB4","NTRK2",0.737
"ERBB4","IRS1",0.734
"ERBB4","FGF3",0.765
"ERBB4","STAT5A",0.995
"ERBB4","PDGFD",0.7
"ANGPT1","ERBB4",0.712
"ERBB4","FGF1",0.773
"ERBB4","IGF1",0.789
"ERBB4","PTEN",0.793
"CXCL12","ERBB4",0.811
"ERBB4","HRAS",0.827
"ERBB4","TAB2",0.907
"ERBB4","PTPN11",0.927
"ERBB4","PIK3R1",0.948
"ERBB4","ESR1",0.961
"ERG","RUNX2",0.862
"ERG","SRSF10",0.76
"ESPN","MYH9",0.747
"ESPN","EZR",0.767
"ESPN","WHRN",0.958
"ESPN","MYO6",0.877
"ESPN","GSN",0.873
"ESPN","GJB2",0.788
"ESR1","FKBP4",0.893
"ESR1","MAPK13",0.922
"ESR1","XBP1",0.76
"AURKA","ESR1",0.769
"ESR1","NR3C1",0.896
"CCDC170","ESR1",0.785
"ESR1","TWIST1",0.811
"ESR1","FOXA1",0.998
"ESR1","PXDN",0.708
"ESR1","KRAS",0.764
"BARD1","ESR1",0.886
"ESR1","NDC80",0.721
"CDH1","ESR1",0.803
"ESR1","SMAD2",0.83
"EP300","ESR1",0.997
"EPAS1","ESR1",0.724
"ESR1","PIK3CA",0.941
"ESR1","TP53",0.992
"ERBB2","ESR1",0.976
"EGFR","ESR1",0.988
"ATAD2","ESR1",0.977
"ESR1","PPARG",0.794
"ESR1","REL",0.74
"ESR1","IRS1",0.903
"ESR1","FOS",0.999
"ESR1","LEP",0.806
"ESR1","EZH2",0.915
"ESR1","OXTR",0.751
"ESR1","NRIP1",0.999
"CAV1","ESR1",0.998
"ESR1","SFN",0.984
"ESR1","STAT5A",0.768
"ESR1","SMAD4",0.833
"ERBB4","ESR1",0.961
"ESR1","FOXM1",0.79
"ESR1","SMARCA4",0.859
"ESR1","FN1",0.969
"ESR1","STAT1",0.915
"ESR1","KDM5B",0.714
"ESR1","TAB2",0.774
"ESR1","JUN",0.999
"ESR1","RUNX2",0.942
"ESR1","PTEN",0.807
"ESR1","MMP9",0.772
"ESR1","GATA3",0.982
"ESR1","FOXO1",0.919
"BRCA2","ESR1",0.723
"ESR1","IGF1",0.964
"CXCL12","ESR1",0.879
"ESR1","GPER1",0.953
"ESR1","NCOA1",0.999
"CXCR4","ESR1",0.702
"AGR2","ESR1",0.772
"ESR1","HRAS",0.715
"ESR1","FGFR2",0.774
"ESR1","MUC1",0.839
"ESR1","TFAP2A",0.879
"ESR1","MYC",0.982
"ESR1","PIK3R1",0.994
"BRCA1","ESR1",0.999
"CDH1","ESRP1",0.714
"ESRP1","RBPMS2",0.762
"ESRP1","RBPMS",0.759
"ESRP1","RAB25",0.795
"ESRP1","QKI",0.861
"ENAH","ESRP1",0.908
"ESRP1","FGFR2",0.775
"ACADL","ETFB",0.822
"ACADS","ETFB",0.924
"ACAA2","ETFB",0.738
"ETFB","METAP1D",0.888
"ETNK1","SELENOI",0.805
"ETNK1","SOX5",0.861
"EXO1","TRIP13",0.861
"EXO1","RAD51AP1",0.928
"EXO1","MND1",0.878
"DLGAP5","EXO1",0.787
"EXO1","NCAPG",0.737
"CCNB1","EXO1",0.773
"BRIP1","EXO1",0.897
"EXO1","KIF11",0.772
"BARD1","EXO1",0.858
"EXO1","PALB2",0.848
"EXO1","NDC80",0.72
"EXO1","MCM4",0.896
"EXO1","MCM2",0.786
"CENPE","EXO1",0.781
"ANLN","EXO1",0.754
"EXO1","TP53",0.708
"EXO1","NUF2",0.899
"ATM","EXO1",0.963
"BUB1B","EXO1",0.807
"EXO1","FANCD2",0.806
"CCNB2","EXO1",0.744
"EXO1","MAD2L1",0.8
"EXO1","MELK",0.9
"EXO1","TPX2",0.807
"BIRC5","EXO1",0.823
"BUB1","EXO1",0.929
"EXO1","FEN1",0.901
"EXO1","RMI2",0.887
"EXO1","FANCI",0.834
"EXO1","TYMS",0.701
"EXO1","KIF15",0.73
"EXO1","RAD51C",0.874
"EXO1","SMC4",0.709
"EXO1","FOXM1",0.753
"ATR","EXO1",0.947
"BLM","EXO1",0.998
"EXO1","RRM2",0.788
"EXO1","KIF14",0.714
"EXO1","ZWINT",0.724
"DCLRE1B","EXO1",0.734
"EXO1","NUSAP1",0.742
"EXO1","KIF2C",0.764
"EXO1","PBK",0.773
"EXO1","HELLS",0.777
"CDC20","EXO1",0.796
"EXO1","TOP2A",0.797
"ASPM","EXO1",0.848
"EXO1","RAD51B",0.859
"CCNA2","EXO1",0.879
"EXO1","TTK",0.896
"CHEK2","EXO1",0.896
"CENPF","EXO1",0.9
"DTL","EXO1",0.901
"BRCA2","EXO1",0.951
"CDK1","EXO1",0.959
"EXO1","PCNA",0.96
"CDC45","EXO1",0.963
"CHEK1","EXO1",0.973
"BRCA1","EXO1",0.981
"CBX7","EZH1",0.952
"CBX8","EZH1",0.959
"CBX2","EZH1",0.951
"EZH1","EZH2",0.999
"EZH1","KDM6A",0.78
"CBX7","EZH2",0.996
"AURKA","EZH2",0.761
"EZH2","TWIST1",0.773
"EZH2","H4C6",0.977
"EZH2","SOX4",0.874
"E2F3","EZH2",0.732
"EP300","EZH2",0.963
"EZH2","RB1",0.861
"EZH2","TP53",0.899
"CBX8","EZH2",0.968
"EGFR","EZH2",0.741
"EZH2","PPARG",0.778
"EZH2","MELK",0.738
"EZH2","H2AC8",0.956
"CBX2","EZH2",0.98
"EZH2","IDH2",0.708
"EZH2","KLF4",0.715
"EZH2","PTEN",0.76
"EZH2","TET1",0.764
"EZH2","FOXM1",0.778
"BCL6","EZH2",0.795
"EZH2","UHRF1",0.81
"CDKN2A","EZH2",0.813
"EZH2","KDM5B",0.845
"EZH2","ZBTB16",0.852
"EZH2","JUN",0.852
"EZH2","TET2",0.875
"EZH2","H2BC21",0.886
"EZH2","STAT5A",0.896
"EZH2","H2AC6",0.908
"EZH2","SMARCA4",0.909
"ESR1","EZH2",0.915
"BRCA1","EZH2",0.926
"EZH2","H2BC12",0.928
"EZH2","KDM6A",0.965
"CDK1","EZH2",0.965
"EZH2","MYC",0.984
"EZH1","EZH2",0.999
"CLIC5","EZR",0.974
"EZR","MYH9",0.914
"CDH1","EZR",0.709
"EZR","SLC9A3R1",0.999
"ERBB2","EZR",0.869
"EGFR","EZR",0.891
"ANK3","EZR",0.75
"ADRB2","EZR",0.714
"ESPN","EZR",0.767
"EZR","TLN2",0.796
"EZR","GSN",0.837
"EZR","PPL",0.957
"AHNAK","EZR",0.958
"EZR","ICAM2",0.974
"F10","F12",0.741
"F10","VWF",0.978
"ASPH","F10",0.916
"F10","F12",0.741
"FA2H","MSMO1",0.776
"ALDH3A2","FA2H",0.782
"FA2H","FAXDC2",0.799
"C19orf12","FA2H",0.853
"DGAT2","FABP4",0.786
"FABP4","LIPE",0.999
"CIDEA","FABP4",0.71
"FABP4","PNPLA2",0.714
"ANGPTL4","FABP4",0.737
"FABP4","FABP5",0.756
"FABP4","LEP",0.804
"FABP4","PCK1",0.805
"CEBPA","FABP4",0.914
"FABP4","PLIN1",0.927
"ADIPOQ","FABP4",0.942
"FABP4","LPL",0.965
"CD36","FABP4",0.969
"FABP4","PPARG",0.993
"FABP5","LIPE",0.737
"FABP4","FABP5",0.756
"FABP5","PPARG",0.828
"CD36","FABP5",0.77
"FADS3","SCD",0.905
"AURKA","FAM83D",0.818
"DLGAP5","FAM83D",0.77
"FAM83D","NUF2",0.739
"FAM83D","TPX2",0.864
"CENPF","FAM83D",0.734
"FAM83D","NEK2",0.771
"FAM83D","KIF4A",0.828
"FAM83D","HMMR",0.956
"FAM83D","KIF20A",0.925
"CDK1","FAM83D",0.76
"FAM83D","PBK",0.735
"BRIP1","FANCD2",0.997
"BARD1","FANCD2",0.783
"FANCD2","PALB2",0.991
"FANCD2","MCM4",0.74
"ATM","FANCD2",0.989
"FANCD2","TTK",0.7
"FANCD2","UHRF1",0.766
"CDK12","FANCD2",0.786
"EXO1","FANCD2",0.806
"DCLRE1B","FANCD2",0.849
"CHEK2","FANCD2",0.865
"ATR","FANCD2",0.93
"BLM","FANCD2",0.933
"FANCD2","RAD51C",0.934
"CHEK1","FANCD2",0.958
"FANCD2","UBE2T",0.999
"BRCA1","FANCD2",0.999
"BRCA2","FANCD2",0.999
"FANCD2","FANCI",0.999
"FANCI","NCAPG",0.842
"CCNB1","FANCI",0.746
"BRIP1","FANCI",0.994
"FANCI","KIF11",0.856
"FANCI","PALB2",0.988
"ATM","FANCI",0.946
"BUB1B","FANCI",0.818
"FANCD2","FANCI",0.999
"FANCI","TPX2",0.724
"FANCI","TOP2A",0.715
"CDK12","FANCI",0.737
"ECT2","FANCI",0.741
"DCLRE1B","FANCI",0.761
"BLM","FANCI",0.773
"EXO1","FANCI",0.834
"FANCI","NUSAP1",0.84
"CDK1","FANCI",0.853
"CHEK1","FANCI",0.861
"CDC45","FANCI",0.88
"FANCI","RAD51C",0.944
"ATR","FANCI",0.96
"BRCA1","FANCI",0.993
"BRCA2","FANCI",0.996
"FANCI","UBE2T",0.997
"FA2H","FAXDC2",0.799
"FAXDC2","PTGIS",0.702
"FAXDC2","SQLE",0.949
"FBLN2","FBN1",0.971
"BGN","FBLN2",0.704
"FBLN2","FBLN5",0.786
"FBLN2","FN1",0.989
"FBLN2","MFAP5",0.777
"FBLN2","HSPG2",0.993
"FBLN2","POSTN",0.802
"EFEMP1","FBLN2",0.769
"FBLN2","MFAP4",0.73
"FBLN5","LOXL4",0.755
"FBLN5","FBN1",0.922
"FBLN2","FBLN5",0.786
"FBLN5","MFAP5",0.796
"FBLN5","MFAP4",0.842
"FBLN5","FN1",0.865
"FBN1","MYOC",0.909
"DCN","FBN1",0.912
"COL1A1","FBN1",0.929
"FBN1","MMP9",0.746
"BGN","FBN1",0.784
"FBN1","POSTN",0.785
"FBN1","HSPG2",0.849
"FBN1","MFAP4",0.909
"FBN1","TGFBR2",0.916
"FBLN5","FBN1",0.922
"ADAMTSL4","FBN1",0.94
"FBLN2","FBN1",0.971
"FBN1","MFAP5",0.976
"FBN1","FN1",0.982
"FBXO11","TP53",0.736
"DTL","FBXO11",0.86
"BCL6","FBXO11",0.805
"FCRL4","PTPN11",0.734
"FDPS","MSMO1",0.787
"FDPS","SQLE",0.942
"FDPS","HMGCR",0.967
"AURKA","FEN1",0.748
"FEN1","GINS2",0.741
"FEN1","MCM4",0.941
"EP300","FEN1",0.879
"FEN1","MCM2",0.912
"CDCA5","FEN1",0.708
"ATM","FEN1",0.753
"FEN1","TPX2",0.709
"BRCA1","FEN1",0.704
"ATR","FEN1",0.717
"DTL","FEN1",0.731
"FEN1","RRM2",0.735
"FEN1","TOP2A",0.785
"BRCA2","FEN1",0.794
"FEN1","TYMS",0.794
"FEN1","RAD51C",0.823
"CDK1","FEN1",0.829
"CHEK1","FEN1",0.853
"FEN1","KPNA2",0.858
"CDC45","FEN1",0.864
"EXO1","FEN1",0.901
"CCNA2","FEN1",0.908
"BLM","FEN1",0.921
"FEN1","PCNA",0.999
"FERMT2","PARVA",0.893
"FERMT2","TLN2",0.718
"FEZ1","ZNF365",0.75
"FGF1","FGF2",0.962
"ERBB3","FGF1",0.746
"ERBB2","FGF1",0.787
"EGFR","FGF1",0.887
"FGF1","NTRK2",0.77
"FGF1","FGF3",0.71
"FGF1","FGFR3",0.999
"ERBB4","FGF1",0.773
"FGF1","HSPG2",0.901
"FGF1","IGF1",0.827
"FGF1","FGFR2",0.999
"DCN","FGF2",0.834
"FGF2","SERPINE1",0.741
"FGF2","PXDN",0.707
"FGF2","KRAS",0.82
"FGF2","PIK3CA",0.714
"FGF2","GPC3",0.706
"FGF2","MYC",0.708
"FGF2","MMP3",0.743
"FGF2","KLF4",0.743
"FGF2","RUNX2",0.753
"FGF2","TP53",0.754
"CD34","FGF2",0.76
"FGF2","PTHLH",0.784
"CXCR4","FGF2",0.795
"ANGPT1","FGF2",0.822
"CXCL8","FGF2",0.857
"ERBB2","FGF2",0.857
"FGF2","S100A4",0.869
"ERBB4","FGF2",0.871
"FGF2","IGF1",0.882
"ERBB3","FGF2",0.884
"CXCL12","FGF2",0.896
"FGF2","NTRK2",0.908
"FGF2","MMP9",0.919
"BMP2","FGF2",0.937
"EGFR","FGF2",0.957
"FGF1","FGF2",0.962
"FGF2","FN1",0.965
"FGF2","S100B",0.986
"FGF2","SDC1",0.997
"FGF2","HSPG2",0.998
"FGF2","FGFR2",0.999
"FGF2","FGFR3",0.999
"DCN","FGF3",0.936
"FGF3","KRAS",0.703
"FGF3","KLB",0.903
"ERBB3","FGF3",0.764
"ERBB2","FGF3",0.832
"EGFR","FGF3",0.928
"FGF3","NTRK2",0.778
"CXCL8","FGF3",0.751
"FGF3","TNFRSF12A",0.713
"FGF1","FGF3",0.71
"BMP2","FGF3",0.749
"FGF3","SDC1",0.761
"FGF3","IGF1",0.763
"ERBB4","FGF3",0.765
"FGF3","FN1",0.797
"FGF3","HSPG2",0.946
"FGF3","FGFR3",0.978
"FGF3","KL",0.991
"FGF3","FGFR2",0.999
"FGFR2","TOX3",0.826
"FGFR2","TWIST1",0.88
"FGFR2","KRAS",0.973
"FGFR2","KLB",0.938
"FGFR2","PIK3CA",0.908
"FGF2","FGFR2",0.999
"ERBB2","FGFR2",0.744
"ATM","FGFR2",0.705
"FGFR2","IRS1",0.817
"FGF3","FGFR2",0.999
"FGFR2","FGFR3",0.987
"FGFR2","STAT5A",0.785
"EFNA1","FGFR2",0.724
"FGFR2","RUNX2",0.798
"FGFR2","KL",0.806
"FGFR2","IGF1",0.866
"FGFR2","PDGFD",0.719
"ESR1","FGFR2",0.774
"ESRP1","FGFR2",0.775
"FGFR2","HRAS",0.961
"EFNA4","FGFR2",0.72
"ANGPT1","FGFR2",0.738
"FGFR2","PTPN11",0.802
"FGFR2","PIK3R1",0.924
"FGF1","FGFR2",0.999
"FGFR3","TWIST1",0.882
"FGFR3","KRAS",0.971
"FGFR3","KLB",0.905
"FGFR3","PIK3CA",0.965
"FGF2","FGFR3",0.999
"FGFR3","TP53",0.718
"ERBB2","FGFR3",0.765
"FGFR3","IRS1",0.703
"FGFR3","TACC1",0.807
"FGF3","FGFR3",0.978
"EFNA4","FGFR3",0.701
"EFNA1","FGFR3",0.726
"ANGPT1","FGFR3",0.732
"FGFR3","MUC1",0.769
"CDKN2A","FGFR3",0.775
"FGFR3","PDGFD",0.788
"FGFR3","PTPN11",0.79
"FGFR3","IGF1",0.797
"FGFR3","PIK3R1",0.824
"FGFR3","NSD2",0.843
"FGFR3","KL",0.966
"FGFR3","HRAS",0.982
"FGFR2","FGFR3",0.987
"FGF1","FGFR3",0.999
"FHL1","STAT5A",0.9
"FHL1","STAT1",0.9
"CD9","FKBP11",0.894
"ESR1","FKBP4",0.893
"FKBP4","NR3C2",0.945
"FKBP4","NR3C1",0.996
"FN1","MYOC",0.777
"DCN","FN1",0.996
"FN1","TNS1",0.756
"CEACAM6","FN1",0.707
"AURKA","FN1",0.945
"COMP","FN1",0.958
"FN1","SERPINE1",0.79
"COL1A1","FN1",0.974
"FN1","LAMA4",0.814
"APOB","FN1",0.825
"FN1","IGFBP5",0.812
"FN1","PXDN",0.853
"FN1","SERPINF1",0.846
"FN1","KRAS",0.728
"FN1","NT5E",0.737
"FN1","VWF",0.998
"CDH1","FN1",0.873
"FN1","SMAD2",0.765
"FGF2","FN1",0.965
"ERBB2","FN1",0.724
"EGFR","FN1",0.944
"FN1","ITGA1",0.948
"ADAMTS3","FN1",0.723
"FN1","MMP3",0.936
"FN1","IRS1",0.777
"FN1","FOS",0.782
"CXCL8","FN1",0.846
"CD248","FN1",0.968
"CD34","FN1",0.96
"CLU","FN1",0.802
"FBN1","FN1",0.982
"BGN","FN1",0.995
"FGF3","FN1",0.797
"CAV1","FN1",0.771
"FBLN5","FN1",0.865
"CD36","FN1",0.702
"CDH5","FN1",0.704
"FN1","MMP12",0.707
"CD9","FN1",0.711
"FN1","FNDC5",0.717
"FN1","TGFBR2",0.722
"ALK","FN1",0.744
"FN1","OCLN",0.744
"FN1","NCAM1",0.748
"FN1","MYC",0.775
"ANXA1","FN1",0.793
"FN1","HRAS",0.801
"FN1","GSN",0.809
"FN1","VIM",0.809
"FN1","MMP9",0.85
"CXCR4","FN1",0.857
"CXCL12","FN1",0.884
"FN1","ITGA7",0.892
"BMP2","FN1",0.902
"FN1","IGF1",0.907
"ESR1","FN1",0.969
"FN1","TLN2",0.984
"FBLN2","FN1",0.989
"FN1","POSTN",0.996
"FN1","SPP1",0.996
"FN1","HSPG2",0.996
"FN1","SDC1",0.999
"FN1","FNDC5",0.717
"FOS","NFE2L3",0.77
"FOS","MAPK13",0.958
"FOS","NR3C1",0.961
"FOS","H4C6",0.835
"FOS","FOSB",0.999
"FOS","FOXA1",0.802
"FOS","PXDN",0.739
"FOS","RORA",0.721
"EP300","FOS",0.964
"FOS","TP53",0.952
"EGFR","FOS",0.94
"FOS","REL",0.754
"FOS","PAIP1",0.733
"FOS","KLF4",0.705
"FOS","PTEN",0.715
"FOS","HNRNPD",0.759
"FOS","HRAS",0.763
"CXCL8","FOS",0.765
"FN1","FOS",0.782
"DUSP5","FOS",0.786
"FOS","FOXO1",0.809
"FOS","SMAD4",0.822
"CEBPA","FOS",0.859
"FOS","GATA3",0.868
"CREB5","FOS",0.886
"FOS","STAT1",0.898
"FOS","NCOA1",0.949
"FOS","MYC",0.965
"FOS","RUNX2",0.987
"FOS","MAF",0.998
"FOS","JUN",0.999
"ESR1","FOS",0.999
"FOSB","MAPK13",0.776
"FOSB","MYC",0.712
"EP300","FOSB",0.735
"CREB5","FOSB",0.774
"FOSB","MAF",0.812
"FOSB","JUN",0.999
"FOS","FOSB",0.999
"FOXA1","PIK3CA",0.706
"FOXA1","SPDEF",0.709
"FOXA1","NF1",0.712
"FOXA1","TFF3",0.714
"FOXA1","TFAP2A",0.716
"FOXA1","TP53",0.735
"FOXA1","MYC",0.764
"CDK1","FOXA1",0.787
"FOXA1","SOX17",0.788
"FOS","FOXA1",0.802
"CEBPA","FOXA1",0.804
"FOXA1","JUN",0.817
"AGR2","FOXA1",0.85
"FOXA1","PBX1",0.876
"FOXA1","NRIP1",0.902
"EP300","FOXA1",0.933
"FOXA1","GATA3",0.997
"ESR1","FOXA1",0.998
"FOXM1","TRIP13",0.8
"AURKA","FOXM1",0.793
"FOXM1","RAD51AP1",0.727
"DLGAP5","FOXM1",0.872
"E2F8","FOXM1",0.77
"FOXM1","NCAPG",0.86
"CCNB1","FOXM1",0.988
"FOXM1","KIF23",0.789
"FOXM1","KIF11",0.934
"EP300","FOXM1",0.957
"CENPE","FOXM1",0.718
"FOXM1","TP53",0.79
"BUB1B","FOXM1",0.944
"CCNB2","FOXM1",0.895
"FOXM1","MAD2L1",0.71
"FOXM1","MELK",0.973
"FOXM1","TPX2",0.932
"BIRC5","FOXM1",0.958
"BUB1","FOXM1",0.825
"EZH2","FOXM1",0.778
"FOXM1","SPAG5",0.9
"FOXM1","KIF15",0.8
"FOXM1","UHRF1",0.713
"FOXM1","PTTG1",0.745
"FOXM1","SMARCA4",0.75
"FOXM1","KIF14",0.751
"EXO1","FOXM1",0.753
"FOXM1","MYC",0.761
"FOXM1","TTK",0.766
"FOXM1","NUSAP1",0.782
"ESR1","FOXM1",0.79
"FOXM1","NEK2",0.803
"FOXM1","HMMR",0.805
"FOXM1","TK1",0.811
"FOXM1","RRM2",0.835
"FOXM1","PBK",0.845
"DEPDC1","FOXM1",0.845
"ASPM","FOXM1",0.848
"CEP55","FOXM1",0.86
"FOXM1","PRC1",0.87
"CDCA3","FOXM1",0.885
"FOXM1","KIF2C",0.888
"FOXM1","UBE2C",0.894
"FOXM1","KIF4A",0.897
"FOXM1","MKI67",0.91
"FOXM1","TOP2A",0.927
"CDCA8","FOXM1",0.93
"CDC20","FOXM1",0.937
"FOXM1","KIF20A",0.944
"CCNA2","FOXM1",0.985
"CENPF","FOXM1",0.989
"CDK1","FOXM1",0.991
"FOXO1","MAPK13",0.926
"FOXO1","XBP1",0.89
"FOXO1","NR3C1",0.89
"FOXO1","KLF2",0.733
"CCNB1","FOXO1",0.799
"FOXO1","SMAD2",0.975
"EP300","FOXO1",0.984
"FOXO1","PIK3CA",0.726
"FOXO1","TP53",0.886
"EGFR","FOXO1",0.706
"ATM","FOXO1",0.751
"ABCA6","FOXO1",0.789
"FOXO1","PPARG",0.856
"FOXO1","IRS1",0.854
"FOS","FOXO1",0.809
"FOXO1","LEP",0.749
"FOXO1","PCK1",0.812
"CAV1","FOXO1",0.828
"FOXO1","SGK2",0.932
"FOXO1","SFN",0.984
"FOXO1","STAT5A",0.7
"FOXO1","SMAD4",0.888
"FOXO1","JUN",0.792
"FOXO1","PTEN",0.903
"FOXO1","KLF4",0.861
"FOXO1","IRS2",0.825
"FOXO1","MYC",0.774
"BCL6","FOXO1",0.801
"FOXO1","IGF1",0.91
"ESR1","FOXO1",0.919
"CEBPA","FOXO1",0.975
"CNTNAP2","FOXP2",0.977
"FREM1","NPNT",0.911
"BMP2","FSTL1",0.845
"FTO","LEP",0.761
"FTO","NEGR1",0.86
"FTO","KCTD15",0.866
"FTO","TCF7L2",0.768
"FUBP1","TP53",0.769
"FUBP1","MYC",0.828
"ATP1A2","FXYD1",0.946
"ATP1B1","FXYD1",0.939
"FZD4","SFRP1",0.742
"FZD4","LRP5",0.999
"FZD4","WNT11",0.995
"BAMBI","FZD4",0.924
"ADGRA2","FZD4",0.802
"FZD4","RNF43",0.934
"G0S2","PNPLA2",0.938
"GABARAPL1","STBD1",0.989
"ANK3","GABARAPL1",0.735
"ATG10","GABARAPL1",0.935
"GALC","PLPP3",0.906
"GALC","SGPP2",0.906
"GALC","PLPP2",0.913
"DEGS2","GALC",0.915
"CERS6","GALC",0.931
"GALC","UGCG",0.95
"GALE","RETSAT",0.798
"GALE","TSTA3",0.791
"GALE","IL11RA",0.961
"GALNT3","KL",0.819
"GALNT3","MUC1",0.789
"CDON","GAS1",0.995
"GATA3","SOX4",0.75
"FOXA1","GATA3",0.997
"GATA3","RORA",0.747
"EP300","GATA3",0.959
"GATA3","TP53",0.724
"GATA3","TAL1",0.993
"FOS","GATA3",0.868
"GATA3","NRIP1",0.889
"GATA3","KRT7",0.743
"GATA3","ZBTB16",0.742
"GATA3","MYB",0.807
"GATA3","STAT5A",0.777
"GATA3","STAT1",0.831
"GATA3","JUN",0.897
"CEBPA","GATA3",0.716
"GATA3","PBX1",0.734
"BRCA1","GATA3",0.77
"ESR1","GATA3",0.982
"ADCY4","GCH1",0.8
"GCH1","NPR2",0.806
"GCH1","MOCS1",0.921
"GCH1","SORBS2",0.782
"GCH1","NME7",0.829
"GCH1","NPR1",0.806
"GCH1","SORBS1",0.782
"GCH1","PAH",0.719
"GDF15","TP53",0.762
"GDF15","TSPAN4",0.885
"GDF15","TGFBR2",0.96
"ENPP2","GDPD1",0.989
"GDPD1","PLA2G4A",0.78
"GDPD5","MNX1",0.717
"CDO1","GGCT",0.801
"GGCT","GLYAT",0.78
"GHR","IRS1",0.712
"GHR","LEP",0.885
"GHR","STAT5A",0.926
"GHR","STAT1",0.781
"GHR","IGF1",0.956
"GHR","PRLR",0.791
"GHR","PTPN11",0.816
"GIMAP1","GIMAP8",0.893
"GIMAP1","GIMAP8",0.893
"GINS1","GINS2",0.999
"CCNB1","GINS1",0.711
"GINS1","MCM4",0.999
"GINS1","UBE2C",0.701
"CDK1","GINS1",0.726
"GINS1","RRM2",0.819
"GINS1","ZWINT",0.849
"CDC45","GINS1",0.999
"GINS1","MCM2",0.999
"DLGAP5","GINS2",0.72
"GINS2","NCAPG",0.852
"GINS2","TOP2A",0.711
"GINS2","SMC4",0.735
"FEN1","GINS2",0.741
"GINS2","TYMS",0.743
"CHEK2","GINS2",0.757
"CCNB2","GINS2",0.844
"GINS2","MCM2",0.998
"GINS2","MCM4",0.999
"CDC45","GINS2",0.999
"GINS1","GINS2",0.999
"GIPC2","MYO6",0.862
"GJB2","OCLN",0.726
"ESPN","GJB2",0.788
"GGCT","GLYAT",0.78
"GNAI1","MAPK13",0.728
"CCR7","GNAI1",0.703
"GNAI1","GNG11",0.848
"GNAI1","KRAS",0.926
"GNAI1","PIK3CA",0.914
"CCR5","GNAI1",0.991
"ADRB2","GNAI1",0.949
"GNAI1","S1PR1",0.993
"CXCL8","GNAI1",0.815
"GNAI1","P2RY12",0.915
"ADCY4","GNAI1",0.749
"GNAI1","OXTR",0.909
"GNAI1","GNAL",0.748
"GNAI1","GNG2",0.998
"GNAI1","PTGER3",0.994
"GNAI1","NPY1R",0.992
"GNAI1","RGS1",0.978
"ADRB1","GNAI1",0.923
"CNR1","GNAI1",0.995
"GNAI1","GNG12",0.883
"EDNRB","GNAI1",0.921
"CXCR4","GNAI1",0.944
"GNAI1","RAPGEF3",0.907
"GNAI1","RGS4",0.932
"GNAI1","PTH1R",0.938
"GNAI1","HRAS",0.923
"GNAI1","PIK3R1",0.912
"GNAL","GNG11",0.798
"ANO3","GNAL",0.801
"ADRB2","GNAL",0.839
"ADCY4","GNAL",0.958
"GNAI1","GNAL",0.748
"GNAL","MAGED2",0.748
"GNAL","GNG12",0.795
"GNAL","GNG2",0.808
"ADRB1","GNAL",0.843
"GNAL","TMTC1",0.873
"ADCY4","GNG11",0.755
"GNG11","GNG12",0.759
"GNAL","GNG11",0.798
"GNG11","GNG2",0.837
"GNAI1","GNG11",0.848
"CCR5","GNG11",0.915
"CXCR4","GNG11",0.945
"GNG11","GNG12",0.759
"CCR5","GNG12",0.908
"GNAL","GNG12",0.795
"GNAI1","GNG12",0.883
"CXCR4","GNG12",0.912
"GNG11","GNG2",0.837
"GNG2","SPX",0.806
"GNG2","PIK3CA",0.758
"ADRA2A","GNG2",0.932
"CCR5","GNG2",0.982
"GNG2","TACR1",0.8
"GNG2","S1PR1",0.842
"CXCL8","GNG2",0.859
"ADCY4","GNG2",0.723
"GNG2","OXTR",0.816
"GNAL","GNG2",0.808
"GNG2","PTHLH",0.8
"ADM","GNG2",0.8
"GNG2","MRAP",0.8
"ADGRD1","GNG2",0.822
"GNG2","PTH1R",0.823
"GNG2","NPY1R",0.827
"ADCYAP1R1","GNG2",0.909
"CXCR4","GNG2",0.917
"GNG2","PTGER3",0.934
"CNR1","GNG2",0.94
"GNAI1","GNG2",0.998
"GOLM1","GPC3",0.736
"DGAT2","GPAM",0.728
"GPAM","GPAT3",0.995
"GPAM","PPARG",0.709
"GPAM","PCK1",0.721
"GPAM","MBOAT2",0.835
"GPAM","SCD",0.839
"AGPAT2","GPAM",0.926
"GPAM","GPD1",0.972
"DGAT2","GPAT3",0.743
"GPAT3","MBOAT2",0.842
"AGPAT2","GPAT3",0.911
"GPAT3","GPD1",0.942
"GPAM","GPAT3",0.995
"EPCAM","GPC3",0.747
"FGF2","GPC3",0.706
"GPC3","WNT11",0.92
"GPC3","KRT19",0.785
"GPC3","SDC1",0.733
"GOLM1","GPC3",0.736
"GPAT3","GPD1",0.942
"GPAM","GPD1",0.972
"GPD1","PLPP5",0.821
"GPD1","PLPP3",0.836
"GPD1","MBOAT2",0.843
"GPD1","PLPP2",0.85
"AGPAT2","GPD1",0.904
"EGFR","GPER1",0.843
"ESR1","GPER1",0.953
"APOB","GPIHBP1",0.737
"ANGPTL4","GPIHBP1",0.926
"GPIHBP1","PCSK5",0.795
"GPIHBP1","LPL",0.999
"GPLD1","PLPP2",0.761
"GPLD1","PLPP3",0.761
"GPX3","PXDN",0.722
"GPX3","GSTM5",0.766
"GPX3","GPX4",0.936
"GPX3","SOD3",0.794
"GPX4","GSTM5",0.94
"GPX4","TP53",0.73
"GPX4","HSPA5",0.952
"GPX4","SOD3",0.713
"AIFM2","GPX4",0.817
"GPX3","GPX4",0.936
"CCR7","GRK3",0.723
"CCR5","GRK3",0.705
"ADRB2","GRK3",0.825
"CXCR4","GRK3",0.869
"GSN","MYH9",0.713
"CFL2","GSN",0.864
"EZR","GSN",0.837
"FN1","GSN",0.809
"GSN","WHRN",0.857
"ESPN","GSN",0.873
"GSN","TLN2",0.936
"ADH1C","GSTM5",0.738
"ADH1B","GSTM5",0.75
"GPX3","GSTM5",0.766
"GPX4","GSTM5",0.94
"DLGAP5","GTSE1",0.736
"CCNB1","GTSE1",0.746
"GTSE1","TP53",0.933
"CCNB2","GTSE1",0.826
"GTSE1","MELK",0.746
"BIRC5","GTSE1",0.852
"GTSE1","UBE2C",0.71
"CENPF","GTSE1",0.745
"GTSE1","MKI67",0.834
"GTSE1","KIF2C",0.754
"CDC20","GTSE1",0.711
"GTSE1","KIF20A",0.753
"CDK1","GTSE1",0.796
"GTSE1","TOP2A",0.714
"CDCA3","GTSE1",0.816
"CCNA2","GTSE1",0.826
"GULP1","LRP1",0.899
"GYG2","PYGM",0.84
"GYG2","PYGL",0.916
"GYG2","STBD1",0.845
"ACKR1","GYPC",0.877
"DMTN","GYPC",0.886
"H2AC6","H4C6",0.993
"BARD1","H2AC6",0.951
"CENPU","H2AC6",0.8
"H2AC6","H2BC5",0.998
"H2AC6","H2AC8",0.967
"EZH2","H2AC6",0.908
"H2AC6","SMARCA4",0.848
"H2AC6","H2BC12",0.994
"H2AC6","H2BC21",0.994
"H2AC6","KDM6A",0.7
"H2AC6","H2BS1",0.701
"CENPK","H2AC6",0.8
"CENPN","H2AC6",0.818
"H2AC6","NSD2",0.926
"H2AC6","H2BC9",0.992
"H2AC8","H4C6",0.999
"BARD1","H2AC8",0.981
"EP300","H2AC8",0.983
"H2AC8","TP53",0.86
"CBX8","H2AC8",0.766
"H2AC8","H2BC5",0.977
"H2AC8","H2BS1",0.74
"H2AC8","SOX11",0.801
"H2AC8","TERT",0.805
"H2AC8","NSD2",0.915
"BRCA1","H2AC8",0.925
"H2AC8","H2BC9",0.949
"EZH2","H2AC8",0.956
"H2AC6","H2AC8",0.967
"H2AC8","H2BC12",0.992
"H2AC8","H2BC21",0.998
"H2AW","H4C6",0.786
"H2AW","H2BC5",0.713
"H2AW","H2BC12",0.72
"H2AW","H2BC21",0.83
"H2BC12","H4C6",0.997
"BARD1","H2BC12",0.955
"EP300","H2BC12",0.959
"H2BC12","TP53",0.876
"H2BC12","H2BC5",0.811
"ATXN7","H2BC12",0.708
"H2AC8","H2BC12",0.992
"H2BC12","TERT",0.826
"EZH2","H2BC12",0.928
"H2BC12","SOX11",0.8
"H2BC12","KDM6A",0.705
"H2AW","H2BC12",0.72
"H2BC12","H2BC9",0.762
"BRCA1","H2BC12",0.791
"H2BC12","NSD2",0.914
"H2BC12","H2BC21",0.929
"H2AC6","H2BC12",0.994
"H2BC21","H4C6",0.999
"BARD1","H2BC21",0.978
"EP300","H2BC21",0.96
"ATM","H2BC21",0.745
"H2BC21","H2BC5",0.966
"ATXN7","H2BC21",0.858
"H2AC8","H2BC21",0.998
"EZH2","H2BC21",0.886
"H2BC21","SMARCA4",0.961
"H2BC12","H2BC21",0.929
"H2AW","H2BC21",0.83
"CHEK2","H2BC21",0.717
"H2BC21","UHRF1",0.73
"H2BC21","NSD2",0.744
"H2BC21","KDM6A",0.783
"CDK1","H2BC21",0.799
"H2BC21","MYC",0.811
"H2BC21","H2BS1",0.859
"BRCA1","H2BC21",0.938
"H2BC21","H2BC9",0.941
"CENPN","H2BC21",0.978
"H2AC6","H2BC21",0.994
"H2BC5","H4C6",0.992
"ATXN7","H2BC5",0.705
"H2AW","H2BC5",0.713
"BRCA1","H2BC5",0.796
"H2BC12","H2BC5",0.811
"H2BC21","H2BC5",0.966
"CENPN","H2BC5",0.969
"H2BC5","H2BC9",0.977
"H2AC8","H2BC5",0.977
"H2AC6","H2BC5",0.998
"H2BC9","H4C6",0.989
"H2BC5","H2BC9",0.977
"ATXN7","H2BC9",0.709
"H2AC8","H2BC9",0.949
"H2BC12","H2BC9",0.762
"H2BC21","H2BC9",0.941
"H2AC6","H2BC9",0.992
"H2BC9","KDM6A",0.701
"CENPN","H2BC9",0.967
"BRCA1","H2BC9",0.794
"H2BS1","H4C6",0.907
"H2AC8","H2BS1",0.74
"H2BC21","H2BS1",0.859
"H2AC6","H2BS1",0.701
"BRCA1","H2BS1",0.791
"H2BS1","MYC",0.706
"H4C6","SMC4",0.702
"CEBPA","H4C6",0.714
"H4C6","TCF7L1",0.714
"H4C6","RAN",0.725
"H4C6","RB1",0.727
"H4C6","TOP2A",0.734
"H4C6","UHRF1",0.735
"ATM","H4C6",0.772
"ATR","H4C6",0.774
"H4C6","JUN",0.775
"CCNA2","H4C6",0.775
"H4C6","SAP30",0.776
"CBX8","H4C6",0.779
"H2AW","H4C6",0.786
"CHEK2","H4C6",0.81
"H4C6","SOX11",0.811
"CDK1","H4C6",0.82
"H4C6","MCM4",0.827
"H4C6","KDM6A",0.827
"H4C6","ZMYND8",0.832
"FOS","H4C6",0.835
"BRCA1","H4C6",0.867
"CENPK","H4C6",0.903
"CENPU","H4C6",0.905
"H2BS1","H4C6",0.907
"H4C6","TP53",0.947
"H4C6","MYC",0.95
"ATAD2","H4C6",0.96
"CENPN","H4C6",0.961
"H4C6","NSD2",0.972
"EZH2","H4C6",0.977
"BARD1","H4C6",0.981
"H4C6","MCM2",0.984
"H2BC9","H4C6",0.989
"H4C6","SMARCA4",0.99
"H2BC5","H4C6",0.992
"H2AC6","H4C6",0.993
"H2BC12","H4C6",0.997
"H2AC8","H4C6",0.999
"EP300","H4C6",0.999
"H2BC21","H4C6",0.999
"HABP4","RPS21",0.869
"HACD3","SCD",0.922
"APOB","HBB",0.72
"HBB","KLF1",0.889
"HELLS","KIF11",0.746
"HELLS","MCM4",0.711
"ATAD2","HELLS",0.821
"CDCA7","HELLS",0.858
"BLM","HELLS",0.702
"EXO1","HELLS",0.777
"HELLS","TOP2A",0.739
"HELLS","UHRF1",0.756
"BARD1","HERC2",0.706
"HERC2","TP53",0.816
"BRCA1","HERC2",0.849
"HERC2","MAPK6",0.888
"EGLN3","HIF3A",0.945
"EP300","HIF3A",0.726
"EPAS1","HIF3A",0.997
"HIPK2","SMAD2",0.795
"EP300","HIPK2",0.886
"HIPK2","TP53",0.999
"HIPK2","SIAH2",0.84
"HIPK2","MDM4",0.718
"CETP","HMGCR",0.781
"APOB","HMGCR",0.896
"HMGCR","MSMO1",0.902
"HMGCR","SQLE",0.973
"HMGCR","SCD",0.747
"FDPS","HMGCR",0.967
"HMMR","TRIP13",0.763
"AURKA","HMMR",0.97
"HMMR","OIP5",0.895
"HMMR","RAD51AP1",0.852
"HMMR","MND1",0.785
"DLGAP5","HMMR",0.999
"HMMR","NCAPG",0.909
"HMMR","LYVE1",0.853
"CCNB1","HMMR",0.942
"HMMR","KIF23",0.889
"HMMR","KIF11",0.928
"HMMR","NDC80",0.835
"CENPE","HMMR",0.926
"ANLN","HMMR",0.88
"HMMR","NUF2",0.886
"CDCA5","HMMR",0.831
"BUB1B","HMMR",0.882
"CCNB2","HMMR",0.888
"HMMR","MAD2L1",0.801
"HMMR","MELK",0.884
"HMMR","PCLAF",0.754
"HMMR","TPX2",0.979
"BIRC5","HMMR",0.882
"BUB1","HMMR",0.909
"HMMR","SPAG5",0.701
"HMMR","KIF15",0.901
"CDKN3","HMMR",0.833
"HMMR","SMC4",0.762
"FOXM1","HMMR",0.805
"HMMR","UBE2C",0.896
"HMMR","RRM2",0.807
"CENPF","HMMR",0.927
"HMMR","NEK2",0.87
"HMMR","KIF14",0.853
"ASPM","HMMR",0.928
"HMMR","MKI67",0.896
"HMMR","TTK",0.881
"CEP55","HMMR",0.926
"HMMR","KIF2C",0.868
"CDC20","HMMR",0.882
"CDCA8","HMMR",0.864
"HMMR","ZWINT",0.891
"HMMR","KIF4A",0.877
"CKS2","HMMR",0.716
"BRCA2","HMMR",0.929
"ECT2","HMMR",0.789
"CDC45","HMMR",0.748
"HMMR","PRC1",0.833
"HMMR","PTTG1",0.861
"CDCA3","HMMR",0.861
"HMMR","PBK",0.893
"HMMR","NUSAP1",0.896
"HMMR","TOP2A",0.902
"DEPDC1","HMMR",0.907
"HMMR","KIF20A",0.909
"CCNA2","HMMR",0.921
"CDK1","HMMR",0.931
"FAM83D","HMMR",0.956
"BRCA1","HMMR",0.964
"HNF4G","PFKFB1",0.766
"HNMT","MAOA",0.948
"HNRNPAB","HNRNPD",0.821
"BRCA1","HNRNPAB",0.713
"AURKA","HNRNPD",0.744
"HNRNPD","PAIP1",0.977
"FOS","HNRNPD",0.759
"BRCA1","HNRNPD",0.715
"HNRNPD","MYC",0.721
"HNRNPAB","HNRNPD",0.821
"HNRNPD","TNPO1",0.968
"HOMER1","ITPR1",0.95
"HOMER1","SHANK3",0.957
"BICDL1","HOOK1",0.712
"HOXA10","HOXA5",0.883
"HOXA10","HOXA7",0.851
"HOXA10","PBX1",0.867
"HOXA4","HOXA5",0.813
"HOXA5","PBX1",0.808
"HOXA4","HOXA5",0.813
"HOXA10","HOXA5",0.883
"HOXA5","HOXA7",0.96
"HOXA5","HOXA7",0.96
"HOXA7","PBX1",0.752
"HOXA10","HOXA7",0.851
"AURKA","HRAS",0.744
"ARHGEF6","HRAS",0.908
"HRAS","KRAS",0.992
"HRAS","PIK3CA",0.995
"HRAS","RASGRF2",0.929
"ERBB3","HRAS",0.798
"HRAS","TP53",0.925
"ERBB2","HRAS",0.907
"EGFR","HRAS",0.994
"FOS","HRAS",0.763
"HRAS","RASA3",0.734
"CAV1","HRAS",0.974
"FGFR3","HRAS",0.982
"HRAS","SMAD4",0.714
"ERBB4","HRAS",0.827
"FN1","HRAS",0.801
"HRAS","NF1",0.994
"HRAS","RABIF",0.792
"HRAS","JUN",0.778
"HRAS","PTEN",0.823
"CNKSR2","HRAS",0.705
"ALK","HRAS",0.966
"HRAS","MAP3K1",0.945
"ESR1","HRAS",0.715
"HRAS","LZTR1",0.861
"HRAS","MYC",0.871
"GNAI1","HRAS",0.923
"HRAS","PTPN11",0.926
"FGFR2","HRAS",0.961
"CDKN2A","HRAS",0.99
"HRAS","PIK3R1",0.99
"HSD11B1","NR3C1",0.852
"HSD11B1","SRD5A1",0.828
"HSD11B1","NR3C2",0.805
"HSD17B6","SRD5A3",0.939
"HSD17B6","SRD5A1",0.976
"HSD17B6","RETSAT",0.921
"ALDH1A1","HSD17B6",0.912
"AKR1C3","HSD17B6",0.978
"ACADL","HSDL2",0.781
"CAT","HSDL2",0.791
"ACADS","HSDL2",0.794
"ACSS2","HSDL2",0.706
"ACAA2","HSDL2",0.918
"ACSM5","HSDL2",0.706
"ALDH3A2","HSDL2",0.756
"ADHFE1","HSDL2",0.889
"ACSS3","HSDL2",0.733
"CDYL2","HSDL2",0.807
"HSDL2","MRTFA",0.877
"HSPA12A","HSPA12B",0.867
"HSPA12A","HSPA5",0.868
"AKAP12","HSPA12A",0.807
"HSPA12B","HSPA5",0.766
"AKAP12","HSPA12B",0.774
"HSPA12A","HSPA12B",0.867
"HSPA5","TMEM132A",0.723
"HSPA5","XBP1",0.98
"HSPA12B","HSPA5",0.766
"HSPA5","TP53",0.824
"ERBB2","HSPA5",0.721
"EGFR","HSPA5",0.862
"CCT2","HSPA5",0.728
"HSPA5","HSPB2",0.748
"HSPA5","ITPR1",0.782
"CLU","HSPA5",0.874
"HSPA5","TRIB3",0.706
"HSPA5","KRT8",0.741
"CLGN","HSPA5",0.809
"HSPA5","WASF3",0.834
"HSPA12A","HSPA5",0.868
"GPX4","HSPA5",0.952
"DNAJC1","HSPA5",0.987
"HSPB2","MAPK13",0.959
"HSPB2","TP53",0.733
"HSPA5","HSPB2",0.748
"CRYAB","HSPB2",0.921
"HSPB6","SFN",0.916
"DCN","HSPG2",0.986
"APOB","HSPG2",0.792
"HSPG2","LRP1",0.809
"FGF2","HSPG2",0.998
"FBN1","HSPG2",0.849
"BGN","HSPG2",0.997
"FGF3","HSPG2",0.946
"HSPG2","PRELP",0.839
"FN1","HSPG2",0.996
"DMD","HSPG2",0.789
"FGF1","HSPG2",0.901
"HSPG2","SDC1",0.966
"FBLN2","HSPG2",0.993
"CD209","ICAM2",0.999
"EZR","ICAM2",0.974
"ACSS2","IDH2",0.748
"IDH2","KRAS",0.712
"IDH2","TP53",0.783
"EGFR","IDH2",0.72
"ACO1","IDH2",0.998
"EZH2","IDH2",0.708
"IDH2","PC",0.769
"IDH2","TET2",0.871
"EPSTI1","IFI6",0.75
"IFI6","IFIH1",0.845
"IFI6","STAT1",0.934
"IFIH1","TLR3",0.975
"CXCL10","IFIH1",0.891
"IFIH1","ISG20",0.767
"EPSTI1","IFIH1",0.851
"IFI6","IFIH1",0.845
"IFIH1","STAT1",0.963
"DCN","IGF1",0.989
"IGF1","SERPINE1",0.733
"COL1A1","IGF1",0.714
"IGF1","IGFBP5",0.999
"CDH1","IGF1",0.731
"IGF1","SMAD2",0.716
"FGF2","IGF1",0.882
"ERBB3","IGF1",0.81
"IGF1","TP53",0.72
"ERBB2","IGF1",0.992
"EGFR","IGF1",0.991
"IGF1","NTRK2",0.89
"IGF1","PPARG",0.828
"IGF1","IGFBP6",0.999
"IGF1","IRS1",0.998
"IGF1","LEP",0.907
"FGF3","IGF1",0.763
"CAV1","IGF1",0.731
"FGFR3","IGF1",0.797
"ERBB4","IGF1",0.789
"FN1","IGF1",0.907
"IGF1","TACSTD2",0.815
"IGF1","PTEN",0.795
"IGF1","MMP9",0.767
"IGF1","IRS2",0.984
"BMP2","IGF1",0.784
"FOXO1","IGF1",0.91
"CXCR4","IGF1",0.717
"IGF1","MYC",0.731
"ADIPOQ","IGF1",0.779
"FGF1","IGF1",0.827
"CXCL12","IGF1",0.845
"FGFR2","IGF1",0.866
"IGF1","PDGFD",0.931
"GHR","IGF1",0.956
"ESR1","IGF1",0.964
"IGFBP5","SERPINE1",0.737
"IGFBP5","IGFBP6",0.725
"FN1","IGFBP5",0.812
"IGF1","IGFBP5",0.999
"IGFBP5","IGFBP6",0.725
"IGF1","IGFBP6",0.999
"CD9","IGSF3",0.753
"IKZF3","LEF1",0.786
"EBF1","IKZF3",0.885
"GALE","IL11RA",0.961
"CXCL8","IL1RN",0.926
"ILDR1","MARVELD2",0.863
"CYTH2","INAVA",0.847
"INHBA","SMAD2",0.738
"ACVR1C","INHBA",0.982
"INHBA","INHBB",0.986
"INHBA","INHBB",0.986
"ACVR1C","INHBB",0.991
"INMT","MAOA",0.93
"INPP4B","ITPK1",0.9
"INPP4B","PTEN",0.967
"INPP4B","PIK3R1",0.949
"ANLN","IQGAP3",0.795
"IQGAP3","KIF20A",0.773
"IRF6","PAX9",0.753
"IRF6","MSX1",0.817
"IRS1","PIK3CA",0.999
"ERBB3","IRS1",0.87
"IRS1","TP53",0.702
"ERBB2","IRS1",0.909
"EGFR","IRS1",0.939
"IRS1","NTRK2",0.974
"IRS1","PPARG",0.726
"IRS1","JUN",0.701
"FGFR3","IRS1",0.703
"GHR","IRS1",0.712
"CAV1","IRS1",0.722
"ERBB4","IRS1",0.734
"ADIPOQ","IRS1",0.734
"IRS1","PRLR",0.747
"FN1","IRS1",0.777
"IRS1","PTEN",0.792
"FGFR2","IRS1",0.817
"FOXO1","IRS1",0.854
"ALK","IRS1",0.882
"ESR1","IRS1",0.903
"IRS1","KL",0.931
"IRS1","LEP",0.963
"IRS1","IRS2",0.997
"IGF1","IRS1",0.998
"IRS1","PIK3R1",0.999
"IRS1","PTPN11",0.999
"IRS2","PIK3CA",0.984
"EGFR","IRS2",0.749
"IRS1","IRS2",0.997
"IRS2","LEP",0.891
"FOXO1","IRS2",0.825
"IRS2","PTPN11",0.887
"IRS2","KL",0.926
"IGF1","IRS2",0.984
"IRS2","PIK3R1",0.998
"IFIH1","ISG20",0.767
"ISG20","STAT1",0.832
"COMP","ITGA1",0.72
"COL1A1","ITGA1",0.879
"ITGA1","LAMA4",0.809
"ITGA1","VWF",0.706
"CDH1","ITGA1",0.851
"ITGA1","PARVA",0.709
"ITGA1","TLN2",0.74
"ITGA1","LAMA3",0.746
"ITGA1","SPP1",0.747
"ITGA1","LAMA2",0.849
"ITGA1","SORBS1",0.876
"FN1","ITGA1",0.948
"COL1A1","ITGA7",0.75
"ITGA7","LAMA4",0.894
"ITGA7","VWF",0.711
"ITGA7","LAMA3",0.799
"ITGA7","PARVA",0.707
"FN1","ITGA7",0.892
"COL6A6","ITGA7",0.738
"DMD","ITGA7",0.707
"ADAM12","ITGA7",0.713
"ITGA7","SPP1",0.724
"ITGA7","LAMA2",0.906
"ITGA7","TLN2",0.835
"ITIH5","PRELP",0.7
"INPP4B","ITPK1",0.9
"ITPR1","PDK4",0.825
"ITPR1","RORA",0.914
"ANK3","ITPR1",0.946
"HSPA5","ITPR1",0.782
"BRCA1","ITPR1",0.822
"HOMER1","ITPR1",0.95
"ANK2","ITPR1",0.986
"ITSN1","RHOQ",0.854
"EPN3","ITSN1",0.97
"ITSN1","RHOJ",0.755
"BIN1","ITSN1",0.891
"ITSN1","RABIF",0.861
"JAM2","OCLN",0.734
"JUN","NFE2L3",0.727
"JUN","MAPK13",0.968
"JUN","NR3C1",0.961
"H4C6","JUN",0.775
"FOSB","JUN",0.999
"JUN","KLF2",0.72
"FOXA1","JUN",0.817
"JUN","PXDN",0.74
"CDH1","JUN",0.755
"JUN","MAPK6",0.846
"JUN","SMAD2",0.925
"EP300","JUN",0.999
"EPAS1","JUN",0.716
"JUN","MECOM",0.734
"JUN","TP53",0.997
"ERBB2","JUN",0.759
"EGFR","JUN",0.871
"BUB1B","JUN",0.914
"JUN","PPARG",0.849
"IRS1","JUN",0.701
"FOS","JUN",0.999
"CXCL8","JUN",0.987
"EZH2","JUN",0.852
"JUN","MAF",0.993
"JUN","NRIP1",0.793
"JUN","SFN",0.934
"JUN","STAT5A",0.721
"JUN","SMAD4",0.989
"CREB5","JUN",0.971
"JUN","STAT1",0.91
"JUN","MUC1",0.714
"JUN","TFAP2A",0.758
"JUN","PTEN",0.775
"CDK1","JUN",0.778
"HRAS","JUN",0.778
"CDKN2A","JUN",0.779
"FOXO1","JUN",0.792
"BRCA1","JUN",0.794
"BCL6","JUN",0.814
"JUN","MMP9",0.866
"JUN","MAP3K1",0.872
"CEBPA","JUN",0.886
"GATA3","JUN",0.897
"JUN","NCOA1",0.965
"JUN","RUNX2",0.968
"JUN","MYC",0.97
"ESR1","JUN",0.999
"KANK1","TLN2",0.977
"KCNAB1","KCNB1",0.858
"KCNAB1","KCNS3",0.811
"KCNAB1","KCNB1",0.858
"KCNB1","KCNS3",0.964
"CASQ2","KCNJ2",0.756
"AKAP9","KCNJ2",0.776
"KCNJ2","SCN4B",0.856
"KCNN4","KCNU1",0.954
"KCNB1","KCNS3",0.964
"KCNAB1","KCNS3",0.811
"KCNN4","KCNU1",0.954
"KCTD15","NEGR1",0.933
"KCTD15","TFAP2B",0.836
"KCTD15","TFAP2A",0.863
"FTO","KCTD15",0.866
"EZH2","KDM5B",0.845
"KDM5B","PAX9",0.876
"ESR1","KDM5B",0.714
"KDM5B","MYC",0.966
"KDM6A","SIX4",0.784
"H4C6","KDM6A",0.827
"EP300","KDM6A",0.902
"KDM6A","TP53",0.71
"ATM","KDM6A",0.712
"EZH2","KDM6A",0.965
"KDM6A","SMARCA4",0.848
"H2BC12","KDM6A",0.705
"H2BC21","KDM6A",0.783
"KDM6A","KLF4",0.724
"H2AC6","KDM6A",0.7
"H2BC9","KDM6A",0.701
"EZH1","KDM6A",0.78
"KIF11","TRIP13",0.789
"AURKA","KIF11",0.972
"KIF11","OIP5",0.873
"KIF11","RAD51AP1",0.864
"DLGAP5","KIF11",0.997
"E2F8","KIF11",0.87
"KIF11","NCAPG",0.975
"CCNB1","KIF11",0.966
"KIF11","KIF23",0.994
"KIF11","TRAF4",0.701
"KIF11","UHRF1",0.708
"KIF11","TYMS",0.726
"HELLS","KIF11",0.746
"KIF11","KNL1",0.759
"KIF11","TK1",0.761
"EXO1","KIF11",0.772
"CDC45","KIF11",0.78
"CENPN","KIF11",0.796
"CHEK1","KIF11",0.801
"DEPDC1","KIF11",0.839
"CDCA5","KIF11",0.844
"KIF11","MCM2",0.848
"CDKN3","KIF11",0.848
"DTL","KIF11",0.85
"ATR","KIF11",0.854
"FANCI","KIF11",0.856
"KIF11","ZWILCH",0.857
"KIF11","PCLAF",0.857
"KIF11","PTTG1",0.859
"KIF11","SHCBP1",0.863
"KIF11","MCM4",0.874
"ECT2","KIF11",0.891
"KIF11","UBE2C",0.916
"CDCA3","KIF11",0.922
"KIF11","SMC4",0.927
"HMMR","KIF11",0.928
"KIF11","ZWINT",0.928
"KIF11","KIF14",0.93
"KIF11","MKI67",0.931
"FOXM1","KIF11",0.934
"KIF11","MELK",0.941
"CCNB2","KIF11",0.944
"ANLN","KIF11",0.947
"KIF11","RRM2",0.947
"KIF11","KIF4A",0.952
"KIF11","SPAG5",0.954
"KIF11","PBK",0.955
"BIRC5","KIF11",0.957
"KIF11","NEK2",0.959
"CDCA8","KIF11",0.964
"KIF11","TPX2",0.965
"KIF11","KIF2C",0.968
"KIF11","NDC80",0.972
"KIF11","PRC1",0.972
"CENPF","KIF11",0.972
"KIF11","MAD2L1",0.973
"KIF11","NUSAP1",0.974
"KIF11","NUF2",0.975
"KIF11","TOP2A",0.975
"CCNA2","KIF11",0.978
"KIF11","KIF20A",0.98
"KIF11","KIF15",0.983
"KIF11","TTK",0.984
"BUB1","KIF11",0.985
"CDC20","KIF11",0.987
"CDK1","KIF11",0.987
"CENPE","KIF11",0.988
"ASPM","KIF11",0.989
"BUB1B","KIF11",0.994
"CEP55","KIF11",0.997
"KIF14","TRIP13",0.744
"DLGAP5","KIF14",0.933
"KIF14","NCAPG",0.924
"CCNB1","KIF14",0.861
"KIF14","KIF23",0.958
"KIF11","KIF14",0.93
"KIF14","NDC80",0.736
"CENPE","KIF14",0.851
"ANLN","KIF14",0.828
"KIF14","NUF2",0.872
"CDCA5","KIF14",0.728
"BUB1B","KIF14",0.878
"KIF14","MELK",0.854
"KIF14","TPX2",0.903
"BIRC5","KIF14",0.741
"BUB1","KIF14",0.817
"KIF14","SHCBP1",0.738
"KIF14","SPAG5",0.724
"KIF14","KIF15",0.931
"KIF14","SMC4",0.785
"FOXM1","KIF14",0.751
"EXO1","KIF14",0.714
"CENPF","KIF14",0.959
"KIF14","NEK2",0.882
"ECT2","KIF14",0.761
"KIF14","PBK",0.779
"CDCA8","KIF14",0.83
"CCNA2","KIF14",0.85
"HMMR","KIF14",0.853
"DEPDC1","KIF14",0.873
"KIF14","MKI67",0.894
"CDK1","KIF14",0.895
"KIF14","NUSAP1",0.899
"KIF14","KIF2C",0.901
"KIF14","TTK",0.904
"KIF14","KIF4A",0.921
"KIF14","TOP2A",0.927
"CEP55","KIF14",0.943
"ASPM","KIF14",0.963
"KIF14","KIF20A",0.973
"KIF14","PRC1",0.986
"AURKA","KIF15",0.725
"KIF15","OIP5",0.801
"KIF15","RAD51AP1",0.765
"KIF15","MND1",0.797
"DLGAP5","KIF15",0.937
"E2F8","KIF15",0.8
"KIF15","NCAPG",0.919
"CCNB1","KIF15",0.916
"KIF15","KIF23",0.893
"KIF11","KIF15",0.983
"KIF15","NDC80",0.9
"CENPE","KIF15",0.932
"KIF15","NUF2",0.936
"BUB1B","KIF15",0.923
"CCNB2","KIF15",0.828
"KIF15","MELK",0.868
"KIF15","PCLAF",0.797
"KIF15","TPX2",0.948
"BIRC5","KIF15",0.835
"BUB1","KIF15",0.923
"KIF15","SPAG5",0.86
"CDKN3","KIF15",0.727
"EXO1","KIF15",0.73
"KIF15","PTTG1",0.746
"KIF15","PRC1",0.782
"CDC45","KIF15",0.788
"CDCA3","KIF15",0.788
"KIF15","ZWINT",0.793
"FOXM1","KIF15",0.8
"DTL","KIF15",0.807
"KIF15","NEK2",0.823
"CDC20","KIF15",0.836
"KIF15","UBE2C",0.844
"DEPDC1","KIF15",0.854
"CDK1","KIF15",0.856
"KIF15","SMC4",0.86
"CCNA2","KIF15",0.873
"KIF15","PBK",0.873
"CEP55","KIF15",0.893
"HMMR","KIF15",0.901
"CDCA8","KIF15",0.902
"KIF15","KIF4A",0.917
"KIF15","NUSAP1",0.926
"KIF14","KIF15",0.931
"KIF15","MKI67",0.935
"KIF15","KIF20A",0.942
"KIF15","KIF2C",0.945
"KIF15","TOP2A",0.955
"CENPF","KIF15",0.959
"KIF15","TTK",0.961
"ASPM","KIF15",0.971
"KIF20A","TRIP13",0.913
"AURKA","KIF20A",0.936
"KIF20A","OIP5",0.817
"KIF20A","RAD51AP1",0.783
"DLGAP5","KIF20A",0.97
"E2F8","KIF20A",0.722
"KIF20A","PIMREG",0.829
"KIF20A","NCAPG",0.958
"CCNB1","KIF20A",0.954
"KIF20A","KIF23",0.958
"KIF11","KIF20A",0.98
"KIF20A","LMNB1",0.731
"KIF20A","NDC80",0.896
"KIF20A","MCM4",0.824
"CENPE","KIF20A",0.967
"ANLN","KIF20A",0.949
"KIF20A","NUF2",0.955
"CDCA5","KIF20A",0.88
"BUB1B","KIF20A",0.977
"CCNB2","KIF20A",0.938
"KIF20A","MAD2L1",0.913
"KIF20A","MELK",0.929
"KIF20A","PCLAF",0.826
"KIF20A","TPX2",0.972
"BIRC5","KIF20A",0.973
"BUB1","KIF20A",0.959
"KIF20A","SHCBP1",0.722
"KIF20A","SPAG5",0.925
"KIF15","KIF20A",0.942
"CDKN3","KIF20A",0.835
"KIF20A","SMC4",0.815
"FOXM1","KIF20A",0.944
"KIF20A","UBE2C",0.961
"KIF20A","RRM2",0.935
"IQGAP3","KIF20A",0.773
"CENPF","KIF20A",0.96
"KIF20A","NEK2",0.948
"KIF14","KIF20A",0.973
"ASPM","KIF20A",0.975
"KIF20A","MKI67",0.925
"KIF20A","TTK",0.923
"CEP55","KIF20A",0.962
"KIF20A","KIF2C",0.973
"CDC20","KIF20A",0.981
"CDCA8","KIF20A",0.98
"KIF20A","ZWINT",0.887
"KIF20A","KIF4A",0.992
"ECT2","KIF20A",0.922
"HMMR","KIF20A",0.909
"KIF20A","PTTG1",0.9
"KIF20A","PRC1",0.937
"GTSE1","KIF20A",0.753
"KIF20A","UHRF1",0.764
"KIF20A","TK1",0.791
"CDC45","KIF20A",0.797
"DEPDC1","KIF20A",0.9
"FAM83D","KIF20A",0.925
"CDCA3","KIF20A",0.93
"KIF20A","PBK",0.955
"KIF20A","NUSAP1",0.956
"CDK1","KIF20A",0.958
"CCNA2","KIF20A",0.974
"KIF20A","TOP2A",0.974
"KIF23","TRIP13",0.779
"AURKA","KIF23",0.924
"DLGAP5","KIF23",0.951
"KIF23","NCAPG",0.949
"CCNB1","KIF23",0.922
"BRCA1","KIF23",0.713
"KIF23","MCM2",0.733
"KIF23","KNL1",0.762
"KIF23","NME7",0.762
"KIF23","RRM2",0.763
"KIF23","STARD13",0.777
"KIF23","MCM4",0.778
"KIF23","KPNA2",0.778
"FOXM1","KIF23",0.789
"KIF23","NEK2",0.793
"CDC20","KIF23",0.797
"CDCA5","KIF23",0.799
"KIF23","SMC4",0.801
"CDC45","KIF23",0.803
"KIF23","MAD2L1",0.821
"KIF23","TTK",0.833
"KIF23","UBE2C",0.834
"DEPDC1","KIF23",0.865
"KIF23","NDC80",0.866
"KIF23","ZWINT",0.868
"KIF23","MKI67",0.88
"KIF23","PBK",0.884
"BIRC5","KIF23",0.885
"CDCA3","KIF23",0.886
"HMMR","KIF23",0.889
"KIF15","KIF23",0.893
"KIF23","NUSAP1",0.9
"KIF23","MELK",0.906
"KIF23","TPX2",0.906
"KIF23","NUF2",0.912
"CDK1","KIF23",0.914
"CCNA2","KIF23",0.914
"KIF23","KIF2C",0.917
"BUB1B","KIF23",0.926
"KIF23","TOP2A",0.927
"CENPF","KIF23",0.93
"CCNB2","KIF23",0.937
"CDCA8","KIF23",0.954
"KIF23","KIF4A",0.955
"KIF20A","KIF23",0.958
"BUB1","KIF23",0.958
"KIF14","KIF23",0.958
"KIF23","SHCBP1",0.965
"CENPE","KIF23",0.969
"CEP55","KIF23",0.975
"ASPM","KIF23",0.987
"ANLN","KIF23",0.989
"KIF23","PRC1",0.992
"KIF11","KIF23",0.994
"ECT2","KIF23",0.999
"KIF2C","TRIP13",0.811
"AURKA","KIF2C",0.975
"KIF2C","OIP5",0.866
"DLGAP5","KIF2C",0.975
"E2F8","KIF2C",0.772
"KIF2C","NCAPG",0.933
"CCNB1","KIF2C",0.966
"KIF23","KIF2C",0.917
"KIF11","KIF2C",0.968
"KIF2C","NDC80",0.934
"CENPE","KIF2C",0.988
"ANLN","KIF2C",0.821
"KIF2C","NUF2",0.935
"CDCA5","KIF2C",0.893
"BUB1B","KIF2C",0.991
"CCNB2","KIF2C",0.971
"KIF2C","MAD2L1",0.927
"KIF2C","MELK",0.935
"KIF2C","PCLAF",0.766
"KIF2C","TPX2",0.999
"BIRC5","KIF2C",0.972
"BUB1","KIF2C",0.994
"KIF2C","SPAG5",0.926
"KIF15","KIF2C",0.945
"CDKN3","KIF2C",0.791
"KIF2C","KNL1",0.717
"FOXM1","KIF2C",0.888
"KIF2C","UBE2C",0.954
"KIF2C","SGO2",0.939
"KIF2C","RRM2",0.758
"EXO1","KIF2C",0.764
"CENPF","KIF2C",0.985
"KIF2C","NEK2",0.92
"KIF14","KIF2C",0.901
"ASPM","KIF2C",0.936
"KIF2C","MKI67",0.892
"BUB3","KIF2C",0.762
"KIF2C","TTK",0.955
"CEP55","KIF2C",0.948
"BRCA1","KIF2C",0.706
"ECT2","KIF2C",0.717
"CENPN","KIF2C",0.727
"CKS2","KIF2C",0.732
"CHEK1","KIF2C",0.738
"GTSE1","KIF2C",0.754
"KIF2C","ZWINT",0.827
"DEPDC1","KIF2C",0.83
"HMMR","KIF2C",0.868
"KIF2C","PTTG1",0.875
"CDC45","KIF2C",0.892
"KIF2C","PBK",0.909
"CDCA3","KIF2C",0.93
"KIF2C","TOP2A",0.937
"KIF2C","NUSAP1",0.943
"KIF2C","PRC1",0.944
"KIF2C","KIF4A",0.947
"CCNA2","KIF2C",0.949
"CDK1","KIF2C",0.972
"KIF20A","KIF2C",0.973
"CDCA8","KIF2C",0.977
"CDC20","KIF2C",0.995
"KIF4A","TRIP13",0.76
"AURKA","KIF4A",0.885
"KIF4A","RAD51AP1",0.795
"DLGAP5","KIF4A",0.962
"KIF4A","NCAPG",0.934
"CCNB1","KIF4A",0.931
"KIF23","KIF4A",0.955
"KIF11","KIF4A",0.952
"KIF4A","NDC80",0.821
"CENPE","KIF4A",0.957
"ANLN","KIF4A",0.782
"KIF4A","NUF2",0.911
"CDCA5","KIF4A",0.887
"BUB1B","KIF4A",0.968
"CCNB2","KIF4A",0.864
"KIF4A","MAD2L1",0.726
"KIF4A","MELK",0.964
"KIF4A","TPX2",0.965
"BIRC5","KIF4A",0.925
"BUB1","KIF4A",0.952
"KIF4A","SHCBP1",0.738
"KIF4A","SPAG5",0.887
"KIF15","KIF4A",0.917
"CDKN3","KIF4A",0.803
"KIF4A","SMC4",0.725
"FOXM1","KIF4A",0.897
"KIF4A","UBE2C",0.905
"KIF4A","RRM2",0.927
"CENPF","KIF4A",0.879
"DTL","KIF4A",0.728
"KIF4A","NEK2",0.858
"KIF14","KIF4A",0.921
"ASPM","KIF4A",0.952
"KIF4A","MKI67",0.871
"KIF4A","TTK",0.921
"CEP55","KIF4A",0.951
"KIF2C","KIF4A",0.947
"CDC20","KIF4A",0.941
"CDCA8","KIF4A",0.932
"KIF4A","ZWINT",0.848
"KIF4A","TK1",0.718
"BRCA2","KIF4A",0.725
"CDC45","KIF4A",0.73
"KIF4A","PTTG1",0.786
"DEPDC1","KIF4A",0.797
"ECT2","KIF4A",0.82
"FAM83D","KIF4A",0.828
"HMMR","KIF4A",0.877
"CCNA2","KIF4A",0.895
"CDK1","KIF4A",0.911
"KIF4A","TOP2A",0.915
"KIF4A","NUSAP1",0.924
"CDCA3","KIF4A",0.927
"KIF4A","PBK",0.938
"KIF20A","KIF4A",0.992
"KIF4A","PRC1",0.995
"IRS1","KL",0.931
"FGF3","KL",0.991
"FGFR3","KL",0.966
"IRS2","KL",0.926
"FGFR2","KL",0.806
"GALNT3","KL",0.819
"KLB","PTPN11",0.702
"FGF3","KLB",0.903
"FGFR3","KLB",0.905
"FGFR2","KLB",0.938
"EP300","KLF1",0.758
"KLF1","SOX6",0.754
"KLF1","LDB2",0.802
"HBB","KLF1",0.889
"EPB42","KLF1",0.894
"KLF1","TAL1",0.928
"KLF12","TFAP2A",0.781
"EP300","KLF15",0.716
"CCR7","KLF2",0.804
"JUN","KLF2",0.72
"FOXO1","KLF2",0.733
"KLF2","MYC",0.779
"EP300","KLF2",0.78
"KLF2","S1PR1",0.856
"KLF4","TBX3",0.878
"CDH1","KLF4",0.809
"KLF4","SMAD2",0.832
"EP300","KLF4",0.945
"EPAS1","KLF4",0.704
"FGF2","KLF4",0.743
"KLF4","TP53",0.925
"FOS","KLF4",0.705
"EZH2","KLF4",0.715
"KLF4","SMAD4",0.709
"KLF4","SMARCA4",0.742
"KDM6A","KLF4",0.724
"KLF4","TET2",0.795
"FOXO1","KLF4",0.861
"KLF4","PBX1",0.862
"KLF4","MYC",0.945
"KMO","KYNU",0.999
"KMO","OPN3",0.867
"KMO","QPRT",0.83
"KMO","TDO2",0.9
"KNL1","OIP5",0.758
"DLGAP5","KNL1",0.748
"CCNB1","KNL1",0.789
"KIF23","KNL1",0.762
"KIF11","KNL1",0.759
"KNL1","NDC80",0.995
"CENPE","KNL1",0.9
"KNL1","NUF2",0.992
"CDCA5","KNL1",0.726
"CENPU","KNL1",0.895
"BUB1B","KNL1",0.999
"CCNB2","KNL1",0.829
"KNL1","MAD2L1",0.815
"BUB1","KNL1",0.999
"KNL1","ZWILCH",0.759
"KNL1","SGO2",0.709
"KNL1","TOP2A",0.711
"KIF2C","KNL1",0.717
"BRCA2","KNL1",0.741
"ASPM","KNL1",0.755
"CDCA8","KNL1",0.757
"KNL1","TTK",0.774
"CENPF","KNL1",0.784
"CDK1","KNL1",0.838
"CENPN","KNL1",0.844
"CENPK","KNL1",0.854
"CDC20","KNL1",0.95
"BUB3","KNL1",0.996
"KNL1","ZWINT",0.999
"DLGAP5","KPNA2",0.705
"CCNB1","KPNA2",0.84
"KIF23","KPNA2",0.778
"ANLN","KPNA2",0.714
"CCNB2","KPNA2",0.794
"KPNA2","MELK",0.719
"KPNA2","TPX2",0.867
"BIRC5","KPNA2",0.818
"FEN1","KPNA2",0.858
"KPNA2","TNPO1",0.779
"KPNA2","UBE2C",0.806
"KPNA2","RRM2",0.743
"KPNA2","STAT1",0.76
"CDC20","KPNA2",0.712
"CKS2","KPNA2",0.789
"CDK1","KPNA2",0.848
"KPNA2","TOP2A",0.742
"BRCA1","KPNA2",0.747
"KPNA2","PBK",0.765
"KPNA2","MYC",0.701
"KPNA2","TK1",0.707
"KPNA2","RAN",0.944
"ARHGEF6","KRAS",0.912
"KRAS","NTRK2",0.703
"FGF3","KRAS",0.703
"IDH2","KRAS",0.712
"ATM","KRAS",0.718
"BRCA1","KRAS",0.721
"BRCA2","KRAS",0.721
"CDH1","KRAS",0.723
"CDK1","KRAS",0.727
"FN1","KRAS",0.728
"KRAS","RASA3",0.729
"KRAS","NCAM1",0.735
"KRAS","PPARG",0.757
"EP300","KRAS",0.757
"ESR1","KRAS",0.764
"FGF2","KRAS",0.82
"ERBB4","KRAS",0.862
"KRAS","MYC",0.872
"KRAS","SMAD4",0.917
"ERBB3","KRAS",0.919
"KRAS","LZTR1",0.921
"GNAI1","KRAS",0.926
"KRAS","PTEN",0.936
"KRAS","RASGRF2",0.946
"KRAS","TP53",0.949
"KRAS","PTPN11",0.953
"KRAS","MAP3K1",0.953
"KRAS","PIK3R1",0.963
"ERBB2","KRAS",0.966
"FGFR3","KRAS",0.971
"FGFR2","KRAS",0.973
"ALK","KRAS",0.989
"HRAS","KRAS",0.992
"CDKN2A","KRAS",0.992
"KRAS","NF1",0.996
"EGFR","KRAS",0.997
"KRAS","PIK3CA",0.998
"KRT14","KRT15",0.731
"KRT14","KRT15",0.731
"CDH1","KRT18",0.881
"EPCAM","KRT18",0.789
"EGFR","KRT18",0.84
"KRT18","PKP3",0.707
"KRT18","KRT19",0.928
"DSP","KRT18",0.957
"KRT18","KRT8",0.999
"CDH1","KRT19",0.747
"EPCAM","KRT19",0.888
"KRT19","KRT7",0.701
"KRT19","MUC1",0.775
"GPC3","KRT19",0.785
"KRT19","KRT8",0.796
"DSP","KRT19",0.84
"KRT18","KRT19",0.928
"KRT7","MIF",0.76
"CDH1","KRT7",0.787
"EPCAM","KRT7",0.735
"KRT7","TP53",0.787
"KRT7","PIP",0.848
"CALB2","KRT7",0.789
"KRT19","KRT7",0.701
"KRT7","NCAM1",0.736
"GATA3","KRT7",0.743
"KRT7","KRT8",0.746
"KRT7","MUC1",0.768
"KRT7","MME",0.804
"CDH1","KRT8",0.826
"EPCAM","KRT8",0.845
"KRT8","TP53",0.763
"EGFR","KRT8",0.754
"HSPA5","KRT8",0.741
"KRT7","KRT8",0.746
"KRT8","PPL",0.791
"KRT19","KRT8",0.796
"ANXA1","KRT8",0.723
"DSP","KRT8",0.869
"KRT18","KRT8",0.999
"CAT","KYNU",0.914
"KYNU","SQLE",0.818
"KYNU","QPRT",0.866
"KYNU","TDO2",0.998
"KMO","KYNU",0.999
"LAMA2","SGCG",0.732
"LAMA2","LAMA4",0.768
"ITGA1","LAMA2",0.849
"DMD","LAMA2",0.978
"LAMA2","SGCB",0.703
"ITGA7","LAMA2",0.906
"ITGA1","LAMA3",0.746
"DST","LAMA3",0.839
"LAMA3","SV2B",0.7
"ITGA7","LAMA3",0.799
"DMD","LAMA4",0.702
"LAMA4","ME1",0.732
"LAMA2","LAMA4",0.768
"ITGA1","LAMA4",0.809
"FN1","LAMA4",0.814
"ITGA7","LAMA4",0.894
"LAMA4","MCAM",0.961
"EGFR","LAPTM4B",0.927
"KLF1","LDB2",0.802
"LDB2","TAL1",0.995
"LEF1","TWIST1",0.703
"LEF1","SOX4",0.822
"CDH1","LEF1",0.751
"LEF1","SMAD2",0.978
"EP300","LEF1",0.981
"LEF1","LRP5",0.728
"LEF1","STAT5A",0.75
"EBF1","LEF1",0.755
"LEF1","SMARCA4",0.758
"IKZF3","LEF1",0.786
"LEF1","TCF7L2",0.791
"LEF1","MSX1",0.829
"LEF1","RUNX2",0.838
"LEF1","MYB",0.856
"CEBPA","LEF1",0.862
"LEF1","MYC",0.893
"LEF1","SOX17",0.953
"LEF1","SMAD4",0.999
"LEP","SERPINE1",0.851
"LEP","LRP1",0.735
"LEP","LIPE",0.76
"LEP","PXDN",0.742
"FABP4","LEP",0.804
"EGFR","LEP",0.839
"LEP","PPARG",0.948
"LEP","PLIN1",0.846
"IRS1","LEP",0.963
"LEP","STAT5A",0.722
"LEP","SCD",0.723
"LEP","RARRES2",0.725
"LEP","PCK1",0.727
"LEP","RBP4",0.741
"FOXO1","LEP",0.749
"LEP","LIFR",0.761
"FTO","LEP",0.761
"LEP","SPP1",0.764
"CFD","LEP",0.769
"CIDEC","LEP",0.773
"ESR1","LEP",0.806
"LEP","PTPN11",0.808
"LEP","LPL",0.828
"LEP","PRLR",0.848
"GHR","LEP",0.885
"IRS2","LEP",0.891
"CLU","LEP",0.899
"IGF1","LEP",0.907
"CEBPA","LEP",0.943
"ADIPOQ","LEP",0.994
"LGR6","RNF43",0.781
"DLX2","LHX6",0.793
"LHX6","SSBP4",0.798
"CALB2","LHX6",0.768
"LHX6","MSX1",0.738
"LIFR","PIK3CA",0.915
"LEP","LIFR",0.761
"LIFR","PTPN11",0.73
"LIFR","PIK3R1",0.911
"CFL2","LIMK2",0.99
"LIMS2","PARVA",0.974
"DGAT2","LIPE",0.701
"APOB","LIPE",0.788
"LIPE","PLIN4",0.705
"CD36","LIPE",0.707
"FABP5","LIPE",0.737
"LEP","LIPE",0.76
"CIDEC","LIPE",0.812
"CIDEA","LIPE",0.853
"LIPE","PPARG",0.857
"LIPE","PLIN5",0.859
"ADIPOQ","LIPE",0.86
"LIPE","MLXIPL",0.9
"LIPE","LPL",0.903
"LIPE","MGLL",0.927
"LIPE","PRKAR2B",0.928
"LIPE","PNPLA2",0.971
"FABP4","LIPE",0.999
"LIPE","PLIN1",0.999
"LLGL2","SLC7A5",0.883
"LLGL2","PRKCI",0.996
"LLGL2","PARD6B",0.971
"LMNB1","PXDN",0.728
"CCNB1","LMNB1",0.725
"KIF20A","LMNB1",0.731
"BRCA1","LMNB1",0.809
"LMNB1","ZWINT",0.848
"CDK1","LMNB1",0.897
"LMNB1","TMPO",0.981
"LMOD1","MYL9",0.844
"LMOD1","MYH11",0.951
"FBLN5","LOXL4",0.755
"CETP","LPL",0.94
"APOB","LPL",0.94
"LPL","LRP1",0.987
"LIPE","LPL",0.903
"FABP4","LPL",0.965
"LPL","MGLL",0.967
"LPL","PPARG",0.941
"ANGPTL4","LPL",0.994
"LEP","LPL",0.828
"CLU","LPL",0.773
"LPL","PLPP2",0.913
"LPL","PNPLA2",0.97
"LPL","PLPP3",0.917
"LPL","VLDLR",0.911
"ADIPOQ","LPL",0.794
"LPL","PLPP5",0.9
"CD36","LPL",0.877
"ACSL1","LPL",0.928
"CEBPA","LPL",0.725
"LPL","PCSK5",0.777
"APOC1","LPL",0.866
"GPIHBP1","LPL",0.999
"DCN","LRP1",0.839
"LRP1","SERPINE1",0.988
"LRP1","LTF",0.902
"CLU","LRP1",0.715
"LRP1","PLAUR",0.718
"LEP","LRP1",0.735
"CD36","LRP1",0.742
"HSPG2","LRP1",0.809
"EGFR","LRP1",0.838
"LRP1","MMP9",0.889
"GULP1","LRP1",0.899
"LPL","LRP1",0.987
"LRP5","SFRP1",0.91
"LRP5","SERPINF1",0.933
"LEF1","LRP5",0.728
"LRP5","RUNX2",0.83
"LRP5","RNF43",0.881
"ADGRA2","LRP5",0.908
"BAMBI","LRP5",0.916
"LRP5","WNT11",0.946
"APCDD1","LRP5",0.991
"FZD4","LRP5",0.999
"LSP1","TOX3",0.892
"COX11","LSP1",0.711
"CLEC7A","LSP1",0.916
"CD209","LSP1",0.991
"BRCA2","LSP1",0.706
"LSP1","RAD51B",0.703
"LSP1","SLC4A7",0.743
"LSP1","MAP3K1",0.761
"APOB","LSR",0.847
"LSR","MARVELD2",0.949
"LTF","MB",0.707
"LTF","PIP",0.735
"CD209","LTF",0.766
"LTF","MMP9",0.768
"LTF","SPP1",0.772
"LTF","LYZ",0.901
"LRP1","LTF",0.902
"CLU","LTF",0.993
"CLEC7A","LY75-CD302",0.722
"CD209","LY75-CD302",0.866
"CDH5","LYVE1",0.707
"CD34","LYVE1",0.716
"LYVE1","VWF",0.724
"EMCN","LYVE1",0.746
"HMMR","LYVE1",0.853
"LTF","LYZ",0.901
"KRAS","LZTR1",0.921
"LZTR1","MRAS",0.735
"HRAS","LZTR1",0.861
"ENC1","LZTR1",0.9
"MAD2L1","TRIP13",0.994
"AURKA","MAD2L1",0.929
"MAD2L1","OIP5",0.854
"MAD2L1","RAD51AP1",0.859
"MAD2L1","MND1",0.837
"DLGAP5","MAD2L1",0.906
"MAD2L1","NCAPG",0.837
"CCNB1","MAD2L1",0.988
"KIF23","MAD2L1",0.821
"KIF11","MAD2L1",0.973
"MAD2L1","NDC80",0.968
"MAD2L1","MCM4",0.855
"MAD2L1","MCM2",0.757
"CENPE","MAD2L1",0.942
"MAD2L1","NUF2",0.981
"CENPU","MAD2L1",0.837
"BUB1B","MAD2L1",0.999
"CCNB2","MAD2L1",0.962
"FOXM1","MAD2L1",0.71
"CHEK2","MAD2L1",0.712
"MAD2L1","SHCBP1",0.712
"MAD2L1","TK1",0.714
"CDCA3","MAD2L1",0.722
"KIF4A","MAD2L1",0.726
"CEP55","MAD2L1",0.73
"MAD2L1","SPAG5",0.745
"MAD2L1","SMC4",0.763
"MAD2L1","PCLAF",0.774
"ECT2","MAD2L1",0.779
"MAD2L1","PCNA",0.792
"EXO1","MAD2L1",0.8
"HMMR","MAD2L1",0.801
"MAD2L1","PRC1",0.802
"ASPM","MAD2L1",0.812
"KNL1","MAD2L1",0.815
"CKS2","MAD2L1",0.82
"MAD2L1","UBE2T",0.838
"MAD2L1","NUSAP1",0.847
"CENPK","MAD2L1",0.848
"MAD2L1","ZWILCH",0.852
"CDC45","MAD2L1",0.862
"MAD2L1","TPX2",0.863
"CDKN3","MAD2L1",0.87
"MAD2L1","RRM2",0.883
"MAD2L1","SGO2",0.883
"MAD2L1","TOP2A",0.89
"MAD2L1","PTTG1",0.891
"CENPN","MAD2L1",0.899
"MAD2L1","ZWINT",0.899
"MAD2L1","TYMS",0.9
"KIF20A","MAD2L1",0.913
"CENPF","MAD2L1",0.915
"KIF2C","MAD2L1",0.927
"CHEK1","MAD2L1",0.927
"MAD2L1","UBE2C",0.929
"CDCA8","MAD2L1",0.935
"MAD2L1","MELK",0.946
"MAD2L1","PBK",0.952
"BIRC5","MAD2L1",0.981
"CCNA2","MAD2L1",0.988
"CDK1","MAD2L1",0.992
"MAD2L1","TTK",0.995
"MAD2L1","NEK2",0.999
"BUB1","MAD2L1",0.999
"CDC20","MAD2L1",0.999
"BUB3","MAD2L1",0.999
"MAF","NFE2L3",0.905
"FOSB","MAF",0.812
"EP300","MAF",0.729
"MAF","TP53",0.731
"FOS","MAF",0.998
"MAF","RUNX2",0.855
"JUN","MAF",0.993
"MAGED2","TP53",0.75
"GNAL","MAGED2",0.748
"MAL2","TPD52",0.948
"EP300","MAML2",0.95
"ANK3","MAML2",0.747
"ANK2","MAML2",0.745
"INMT","MAOA",0.93
"ALDH2","MAOA",0.982
"HNMT","MAOA",0.948
"ADH1B","MAOA",0.946
"AOC3","MAOA",0.959
"ADH1C","MAOA",0.936
"ALDH3B2","MAOA",0.941
"ALDH3A2","MAOA",0.957
"MAP3K1","TOX3",0.838
"KRAS","MAP3K1",0.953
"MAP3K1","TP53",0.866
"MAP3K1","MRAS",0.934
"JUN","MAP3K1",0.872
"MAP3K1","PTEN",0.712
"LSP1","MAP3K1",0.761
"BRCA1","MAP3K1",0.77
"HRAS","MAP3K1",0.945
"GNAI1","MAPK13",0.728
"FOSB","MAPK13",0.776
"DUSP5","MAPK13",0.799
"MAPK13","RAPGEF3",0.91
"ESR1","MAPK13",0.922
"CDKN2A","MAPK13",0.924
"FOXO1","MAPK13",0.926
"MAPK13","TP53",0.943
"FOS","MAPK13",0.958
"HSPB2","MAPK13",0.959
"JUN","MAPK13",0.968
"HERC2","MAPK6",0.888
"CDC14B","MAPK6",0.774
"CDK1","MAPK6",0.802
"JUN","MAPK6",0.846
"MARVELD2","SLC12A2",0.737
"CGN","MARVELD2",0.989
"MARVELD2","MARVELD3",0.928
"CLDN5","MARVELD2",0.774
"CLDN4","MARVELD2",0.795
"ILDR1","MARVELD2",0.863
"CLDN3","MARVELD2",0.908
"LSR","MARVELD2",0.949
"CLDN7","MARVELD2",0.964
"MARVELD2","OCLN",0.992
"MARVELD2","TJP3",0.995
"MARVELD3","TJP3",0.718
"CLDN7","MARVELD3",0.756
"CLDN3","MARVELD3",0.821
"MARVELD3","OCLN",0.89
"MARVELD2","MARVELD3",0.928
"MB","PYGM",0.81
"MB","PYGL",0.765
"LTF","MB",0.707
"CKMT2","MB",0.751
"MB","RNASE1",0.93
"MBOAT2","PEMT",0.936
"MBOAT2","SELENOI",0.949
"GPAT3","MBOAT2",0.842
"GPAM","MBOAT2",0.835
"CDS1","MBOAT2",0.945
"GPD1","MBOAT2",0.843
"MBOAT2","PLPP3",0.846
"MBOAT2","PLPP2",0.873
"MBOAT2","PLAAT3",0.909
"MBOAT2","PLPP5",0.921
"AGPAT2","MBOAT2",0.979
"LAMA4","MCAM",0.961
"MCAM","NT5E",0.802
"CDH5","MCAM",0.703
"CD34","MCAM",0.789
"MCM2","ORC6",0.949
"H4C6","MCM2",0.984
"GINS2","MCM2",0.998
"KIF23","MCM2",0.733
"KIF11","MCM2",0.848
"MCM2","MCM4",0.999
"GINS1","MCM2",0.999
"MCM2","PRC1",0.708
"CDC20","MCM2",0.733
"MAD2L1","MCM2",0.757
"ATR","MCM2",0.758
"DTL","MCM2",0.772
"EXO1","MCM2",0.786
"CDKN2A","MCM2",0.788
"CDK1","MCM2",0.805
"MCM2","TYMS",0.813
"CCNA2","MCM2",0.827
"MCM2","RRM2",0.849
"CHEK1","MCM2",0.87
"CCNB2","MCM2",0.873
"FEN1","MCM2",0.912
"MCM2","PCNA",0.939
"DBF4","MCM2",0.996
"CDC45","MCM2",0.999
"CDC7","MCM2",0.999
"MCM4","TRIP13",0.741
"MCM4","ORC6",0.987
"H4C6","MCM4",0.827
"GINS2","MCM4",0.999
"CCNB1","MCM4",0.869
"KIF23","MCM4",0.778
"KIF11","MCM4",0.874
"MCM4","PRC1",0.703
"DTL","MCM4",0.707
"MCM4","TTK",0.709
"HELLS","MCM4",0.711
"MCM4","TP53",0.722
"MCM4","TPX2",0.723
"MCM4","SMC4",0.736
"FANCD2","MCM4",0.74
"BUB1","MCM4",0.751
"ATR","MCM4",0.768
"CCNE2","MCM4",0.773
"MCM4","TOP2A",0.814
"KIF20A","MCM4",0.824
"CDK1","MCM4",0.827
"ANLN","MCM4",0.841
"MAD2L1","MCM4",0.855
"ATAD2","MCM4",0.86
"CCNB2","MCM4",0.866
"CDC20","MCM4",0.882
"CCNA2","MCM4",0.895
"EXO1","MCM4",0.896
"MCM4","RRM2",0.899
"CHEK2","MCM4",0.927
"MCM4","TYMS",0.938
"FEN1","MCM4",0.941
"MCM4","PCNA",0.965
"CHEK1","MCM4",0.978
"DBF4","MCM4",0.999
"MCM2","MCM4",0.999
"CDC45","MCM4",0.999
"CDC7","MCM4",0.999
"GINS1","MCM4",0.999
"MCUR1","MICU3",0.992
"MDK","PTPRB",0.825
"MDK","SDC1",0.825
"ALK","MDK",0.997
"MDM4","TP53",0.999
"ATM","MDM4",0.954
"MDM4","SFN",0.977
"HIPK2","MDM4",0.718
"MDM4","PTEN",0.732
"CHEK1","MDM4",0.742
"BRCA1","MDM4",0.77
"CHEK2","MDM4",0.92
"CDKN2A","MDM4",0.963
"LAMA4","ME1",0.732
"ME1","PC",0.997
"JUN","MECOM",0.734
"MECOM","RUNX1T1",0.744
"DLX2","MEIS2",0.813
"MEIS2","PBX1",0.987
"MELK","TRIP13",0.906
"AURKA","MELK",0.913
"MELK","OIP5",0.842
"MELK","RAD51AP1",0.887
"MELK","MND1",0.797
"DLGAP5","MELK",0.982
"E2F8","MELK",0.745
"MELK","NCAPG",0.936
"CCNB1","MELK",0.972
"KIF23","MELK",0.906
"KIF11","MELK",0.941
"MELK","NDC80",0.935
"CENPE","MELK",0.886
"ANLN","MELK",0.831
"MELK","NUF2",0.936
"CDCA5","MELK",0.875
"BUB1B","MELK",0.953
"CCNB2","MELK",0.975
"MAD2L1","MELK",0.946
"CENPN","MELK",0.705
"MELK","UBE2T",0.706
"KPNA2","MELK",0.719
"MELK","SPAG5",0.735
"MELK","TYMS",0.737
"EZH2","MELK",0.738
"MELK","SHCBP1",0.739
"GTSE1","MELK",0.746
"DEPDC1","MELK",0.751
"MELK","TK1",0.792
"CKS2","MELK",0.793
"MELK","NEK2",0.822
"CDKN3","MELK",0.842
"DTL","MELK",0.842
"KIF14","MELK",0.854
"KIF15","MELK",0.868
"MELK","PCLAF",0.871
"CDCA3","MELK",0.872
"CHEK1","MELK",0.873
"MELK","PTTG1",0.874
"CDC45","MELK",0.876
"HMMR","MELK",0.884
"ECT2","MELK",0.889
"MELK","PRC1",0.893
"EXO1","MELK",0.9
"CDK1","MELK",0.902
"CDCA8","MELK",0.902
"MELK","ZWINT",0.903
"MELK","MKI67",0.911
"CENPF","MELK",0.919
"KIF20A","MELK",0.929
"MELK","NUSAP1",0.93
"MELK","TTK",0.931
"MELK","RRM2",0.933
"KIF2C","MELK",0.935
"CCNA2","MELK",0.939
"ASPM","MELK",0.946
"MELK","UBE2C",0.948
"MELK","TOP2A",0.955
"CEP55","MELK",0.956
"MELK","TPX2",0.958
"MELK","PBK",0.963
"KIF4A","MELK",0.964
"CDC20","MELK",0.964
"BIRC5","MELK",0.965
"FOXM1","MELK",0.973
"BUB1","MELK",0.984
"MEOX1","MEOX2",0.83
"MEOX1","MEOX2",0.83
"MESP1","SOX17",0.802
"CEP41","MEST",0.877
"MEST","NNAT",0.719
"MEST","PLAGL1",0.871
"ETFB","METAP1D",0.888
"FBN1","MFAP4",0.909
"FBLN5","MFAP4",0.842
"MFAP4","MFAP5",0.713
"EFEMP1","MFAP4",0.784
"FBLN2","MFAP4",0.73
"FBN1","MFAP5",0.976
"FBLN5","MFAP5",0.796
"MFAP4","MFAP5",0.713
"FBLN2","MFAP5",0.777
"LIPE","MGLL",0.927
"MGLL","PALB2",0.828
"ADHFE1","MGLL",0.799
"ACSL1","MGLL",0.883
"CNR1","MGLL",0.941
"MGLL","NCEH1",0.962
"LPL","MGLL",0.967
"MGLL","PNPLA2",0.979
"MICAL2","PLXNA4",0.747
"MCUR1","MICU3",0.992
"ACKR3","MIF",0.718
"MIF","TP53",0.731
"CXCL12","MIF",0.737
"KRT7","MIF",0.76
"CXCR4","MIF",0.991
"AURKA","MKI67",0.85
"DLGAP5","MKI67",0.902
"E2F8","MKI67",0.782
"MKI67","NCAPG",0.908
"CCNB1","MKI67",0.868
"KIF23","MKI67",0.88
"KIF11","MKI67",0.931
"MKI67","NDC80",0.796
"CENPE","MKI67",0.921
"ANLN","MKI67",0.745
"MKI67","NUF2",0.759
"BUB1B","MKI67",0.932
"CCNB2","MKI67",0.87
"MELK","MKI67",0.911
"MKI67","PCLAF",0.767
"MKI67","TPX2",0.954
"BIRC5","MKI67",0.939
"BUB1","MKI67",0.963
"MKI67","SHCBP1",0.743
"MKI67","SPAG5",0.869
"KIF15","MKI67",0.935
"CDKN3","MKI67",0.707
"FOXM1","MKI67",0.91
"MKI67","UBE2C",0.916
"MKI67","RRM2",0.945
"CENPF","MKI67",0.979
"MKI67","NEK2",0.851
"KIF14","MKI67",0.894
"ASPM","MKI67",0.962
"DEPDC1","MKI67",0.705
"CDC45","MKI67",0.708
"MKI67","UHRF1",0.724
"CDCA3","MKI67",0.755
"BRCA1","MKI67",0.757
"MKI67","PBK",0.762
"GTSE1","MKI67",0.834
"MKI67","TTK",0.865
"KIF4A","MKI67",0.871
"MKI67","PRC1",0.873
"KIF2C","MKI67",0.892
"MKI67","ZWINT",0.894
"HMMR","MKI67",0.896
"CEP55","MKI67",0.904
"CDCA8","MKI67",0.923
"KIF20A","MKI67",0.925
"CCNA2","MKI67",0.93
"CDC20","MKI67",0.934
"CDK1","MKI67",0.939
"MKI67","NUSAP1",0.943
"MKI67","TOP2A",0.993
"ELL","MLLT10",0.916
"MLPH","RAB27B",0.995
"LIPE","MLXIPL",0.9
"EP300","MLXIPL",0.815
"ADIPOQ","MLXIPL",0.709
"MLXIPL","SCD",0.732
"CD34","MME",0.841
"KRT7","MME",0.804
"MME","NR3C2",0.763
"MME","SDC1",0.714
"CD9","MME",0.867
"BCL6","MME",0.926
"CD99L2","MME",0.72
"MME","NCAM1",0.858
"COL11A1","MMP11",0.732
"COL10A1","MMP11",0.812
"MMP12","MMP3",0.764
"FN1","MMP12",0.707
"DCN","MMP3",0.765
"MMP3","SERPINE1",0.877
"CDH1","MMP3",0.739
"FGF2","MMP3",0.743
"EGFR","MMP3",0.737
"ADAMTS5","MMP3",0.89
"ADAMTS3","MMP3",0.879
"MMP3","TIMP4",0.882
"CXCL10","MMP3",0.702
"MMP12","MMP3",0.764
"CXCL8","MMP3",0.821
"FN1","MMP3",0.936
"MMP3","MMP9",0.956
"MMP3","SPP1",0.997
"DCN","MMP9",0.713
"MMP9","SERPINE1",0.801
"COL1A1","MMP9",0.84
"LTF","MMP9",0.768
"LRP1","MMP9",0.889
"CCR7","MMP9",0.706
"MMP9","PXDN",0.755
"MMP9","VWF",0.805
"CDH1","MMP9",0.957
"FGF2","MMP9",0.919
"MMP9","TP53",0.838
"EGFR","MMP9",0.827
"MMP9","TIMP4",0.899
"MMP9","PPARG",0.765
"MMP3","MMP9",0.956
"CXCL10","MMP9",0.868
"CXCL8","MMP9",0.88
"CD34","MMP9",0.71
"CLU","MMP9",0.718
"FBN1","MMP9",0.746
"MMP9","PLAUR",0.772
"MMP9","SMAD4",0.724
"FN1","MMP9",0.85
"MMP9","OCLN",0.766
"MMP9","STAT1",0.727
"JUN","MMP9",0.866
"MMP9","PTEN",0.766
"MMP9","MYC",0.704
"MMP9","VIM",0.709
"CLDN5","MMP9",0.756
"MMP9","RECK",0.758
"IGF1","MMP9",0.767
"ESR1","MMP9",0.772
"CXCR4","MMP9",0.844
"CXCL12","MMP9",0.891
"MMP9","SPP1",0.947
"MMP9","SDC1",0.968
"MMRN2","USHBP1",0.754
"MMRN2","ROBO4",0.736
"MND1","OIP5",0.795
"MND1","RAD51AP1",0.857
"CCNA2","MND1",0.718
"MND1","TTK",0.728
"DTL","MND1",0.742
"MND1","MTFR2",0.768
"MND1","NDC80",0.78
"HMMR","MND1",0.785
"ASPM","MND1",0.792
"CEP55","MND1",0.794
"MELK","MND1",0.797
"KIF15","MND1",0.797
"CENPU","MND1",0.805
"CDK1","MND1",0.805
"CDC45","MND1",0.81
"MND1","RAD51C",0.811
"DLGAP5","MND1",0.816
"MND1","PBK",0.823
"MND1","NCAPG",0.824
"BUB1","MND1",0.825
"MND1","NUF2",0.829
"MAD2L1","MND1",0.837
"BRCA1","MND1",0.844
"CHEK1","MND1",0.861
"BRCA2","MND1",0.868
"EXO1","MND1",0.878
"GDPD5","MNX1",0.717
"ADCY4","MOCS1",0.812
"MOCS1","NPR2",0.818
"MOCS1","NME7",0.8
"MOCS1","NPR1",0.824
"GCH1","MOCS1",0.921
"GNG2","MRAP",0.8
"ARHGEF6","MRAS",0.908
"MRAS","PIK3CA",0.996
"MRAS","RASGRF2",0.925
"MRAS","RASA3",0.718
"LZTR1","MRAS",0.735
"MRAS","PIK3R1",0.919
"CDKN2A","MRAS",0.925
"MAP3K1","MRAS",0.934
"MRAS","NF1",0.955
"EP300","MRTFA",0.71
"MRTFA","SORD",0.865
"MRTFA","SMARCA4",0.743
"ADHFE1","MRTFA",0.955
"HSDL2","MRTFA",0.877
"FA2H","MSMO1",0.776
"FDPS","MSMO1",0.787
"HMGCR","MSMO1",0.902
"MSMO1","SQLE",0.992
"LEF1","MSX1",0.829
"MSX1","PAX9",0.983
"IRF6","MSX1",0.817
"MSX1","RUNX2",0.701
"BMP2","MSX1",0.797
"LHX6","MSX1",0.738
"MSX1","OSR2",0.873
"MT1M","MT1X",0.866
"MT1M","MT1X",0.866
"MND1","MTFR2",0.768
"BHMT2","MTHFD2",0.731
"ALDH1L1","MTHFD2",0.955
"MTHFD2","TYMS",0.994
"EPCAM","MUC1",0.92
"ERBB3","MUC1",0.76
"MUC1","TP53",0.966
"ERBB2","MUC1",0.979
"EGFR","MUC1",0.999
"EMCN","MUC1",0.79
"CD209","MUC1",0.965
"KRT7","MUC1",0.768
"FGFR3","MUC1",0.769
"KRT19","MUC1",0.775
"JUN","MUC1",0.714
"GALNT3","MUC1",0.789
"ESR1","MUC1",0.839
"EP300","MYB",0.996
"LEF1","MYB",0.856
"MYB","TP53",0.77
"MYB","TAL1",0.925
"CEBPA","MYB",0.729
"MYB","MYC",0.787
"GATA3","MYB",0.807
"AURKA","MYC",0.914
"MYC","TWIST1",0.852
"H4C6","MYC",0.95
"MYC","SOX4",0.722
"FOSB","MYC",0.712
"KLF2","MYC",0.779
"FOXA1","MYC",0.764
"MYC","PXDN",0.784
"KRAS","MYC",0.872
"CCNB1","MYC",0.872
"CDH1","MYC",0.804
"MYC","SMAD2",0.982
"E2F3","MYC",0.754
"EP300","MYC",0.999
"EPAS1","MYC",0.932
"MYC","PIK3CA",0.74
"FGF2","MYC",0.708
"LEF1","MYC",0.893
"ERBB3","MYC",0.731
"MYC","RB1",0.888
"MYC","TP53",0.997
"ERBB2","MYC",0.886
"EGFR","MYC",0.875
"CDKN2B","MYC",0.966
"ATM","MYC",0.871
"MYC","TCF7L1",0.785
"MYC","REL",0.744
"BIRC5","MYC",0.825
"FOS","MYC",0.965
"MYC","TERT",0.92
"HNRNPD","MYC",0.721
"BIN1","MYC",0.999
"EZH2","MYC",0.984
"MYB","MYC",0.787
"MYC","STAT5A",0.759
"MYC","SMAD4",0.931
"FOXM1","MYC",0.761
"MYC","SMARCA4",0.974
"FN1","MYC",0.775
"BLM","MYC",0.708
"MYC","STAT1",0.781
"KDM5B","MYC",0.966
"H2BC21","MYC",0.811
"FUBP1","MYC",0.828
"JUN","MYC",0.97
"MYC","PTEN",0.908
"MMP9","MYC",0.704
"KLF4","MYC",0.945
"FOXO1","MYC",0.774
"BRCA2","MYC",0.759
"MYC","SDC1",0.721
"MYC","RBMS3",0.715
"ALK","MYC",0.896
"IGF1","MYC",0.731
"CDK1","MYC",0.755
"BCL6","MYC",0.922
"CHEK1","MYC",0.76
"E2F5","MYC",0.822
"ESR1","MYC",0.982
"HRAS","MYC",0.871
"CDKN2A","MYC",0.998
"BRCA1","MYC",0.999
"CEBPA","MYC",0.904
"CCNE2","MYC",0.762
"KPNA2","MYC",0.701
"H2BS1","MYC",0.706
"CCNA2","MYC",0.734
"MYC","TCF7L2",0.882
"MYC","TFAP2A",0.938
"MYH11","MYH9",0.937
"MYH11","MYL9",0.986
"LMOD1","MYH11",0.951
"MYH11","RUNX1T1",0.814
"CLIC5","MYH9",0.813
"GSN","MYH9",0.713
"MYH9","WHRN",0.727
"ESPN","MYH9",0.747
"EZR","MYH9",0.914
"MYH11","MYH9",0.937
"MYH9","MYL9",0.99
"MYH9","S100A4",0.997
"MYH9","MYL9",0.99
"LMOD1","MYL9",0.844
"MYH11","MYL9",0.986
"EPCAM","MYO5B",0.75
"MYO5B","RAB3IP",0.712
"MYO5B","SPINT2",0.713
"MYO5B","STX3",0.739
"MYO5B","RAB11FIP1",0.87
"MYO5B","RAB25",0.965
"GIPC2","MYO6",0.862
"ESPN","MYO6",0.877
"FN1","MYOC",0.777
"FBN1","MYOC",0.909
"MYRIP","RAB27B",0.968
"MYRIP","SYTL1",0.903
"MZT2B","NME7",0.963
"BRCA1","MZT2B",0.9
"ASPA","NAT8L",0.977
"CCR7","NCAM1",0.732
"KRAS","NCAM1",0.735
"NCAM1","NT5E",0.734
"CD34","NCAM1",0.821
"KRT7","NCAM1",0.736
"FN1","NCAM1",0.748
"NCAM1","STAT1",0.709
"NCAM1","SDC1",0.842
"NCAM1","TIA1",0.727
"CD36","NCAM1",0.716
"MME","NCAM1",0.858
"CD99L2","NCAM1",0.72
"NCAPG","TRIP13",0.711
"AURKA","NCAPG",0.952
"NCAPG","OIP5",0.783
"NCAPG","RAD51AP1",0.911
"MND1","NCAPG",0.824
"DLGAP5","NCAPG",0.948
"EXO1","NCAPG",0.737
"NCAPG","SPAG5",0.742
"NCAPG","PCLAF",0.744
"CHEK1","NCAPG",0.775
"NCAPG","PTTG1",0.804
"CDCA3","NCAPG",0.81
"CDKN3","NCAPG",0.816
"NCAPG","NEK2",0.823
"DEPDC1","NCAPG",0.824
"DTL","NCAPG",0.83
"CDCA8","NCAPG",0.83
"NCAPG","SHCBP1",0.83
"MAD2L1","NCAPG",0.837
"FANCI","NCAPG",0.842
"CENPU","NCAPG",0.846
"GINS2","NCAPG",0.852
"NCAPG","ZWINT",0.852
"FOXM1","NCAPG",0.86
"NCAPG","UBE2C",0.86
"ECT2","NCAPG",0.865
"BIRC5","NCAPG",0.876
"CDCA5","NCAPG",0.886
"NCAPG","RRM2",0.892
"CEP55","NCAPG",0.899
"MKI67","NCAPG",0.908
"HMMR","NCAPG",0.909
"CDC45","NCAPG",0.918
"KIF15","NCAPG",0.919
"NCAPG","PBK",0.92
"CENPE","NCAPG",0.92
"NCAPG","PRC1",0.921
"KIF14","NCAPG",0.924
"CENPF","NCAPG",0.924
"NCAPG","NUF2",0.93
"NCAPG","NUSAP1",0.931
"KIF2C","NCAPG",0.933
"KIF4A","NCAPG",0.934
"MELK","NCAPG",0.936
"NCAPG","NDC80",0.949
"CDC20","NCAPG",0.949
"KIF23","NCAPG",0.949
"NCAPG","TPX2",0.949
"CCNA2","NCAPG",0.949
"BUB1B","NCAPG",0.952
"KIF20A","NCAPG",0.958
"CCNB1","NCAPG",0.962
"NCAPG","TOP2A",0.967
"CCNB2","NCAPG",0.97
"ASPM","NCAPG",0.972
"NCAPG","TTK",0.973
"KIF11","NCAPG",0.975
"BUB1","NCAPG",0.976
"CDK1","NCAPG",0.981
"NCAPG","SMC4",0.999
"MGLL","NCEH1",0.962
"NCOA1","NR3C1",0.997
"EP300","NCOA1",0.999
"NCOA1","TP53",0.826
"NCOA1","PPARG",0.999
"FOS","NCOA1",0.949
"NCOA1","NRIP1",0.759
"NCOA1","NR3C2",0.973
"JUN","NCOA1",0.965
"NCOA1","THRB",0.985
"ESR1","NCOA1",0.999
"AURKA","NDC80",0.933
"NDC80","OIP5",0.712
"MND1","NDC80",0.78
"DLGAP5","NDC80",0.957
"NCAPG","NDC80",0.949
"CCNB1","NDC80",0.981
"KIF23","NDC80",0.866
"KIF11","NDC80",0.972
"NDC80","TYMS",0.703
"EXO1","NDC80",0.72
"ESR1","NDC80",0.721
"CENPK","NDC80",0.733
"KIF14","NDC80",0.736
"NDC80","RRM2",0.745
"NDC80","TPX2",0.788
"MKI67","NDC80",0.796
"KIF4A","NDC80",0.821
"CDCA3","NDC80",0.822
"NDC80","PRC1",0.828
"NDC80","PTTG1",0.833
"HMMR","NDC80",0.835
"NDC80","ZWILCH",0.846
"CENPN","NDC80",0.852
"NDC80","SMC4",0.867
"CDKN3","NDC80",0.867
"NDC80","UBE2C",0.87
"CCNB2","NDC80",0.875
"NDC80","TOP2A",0.876
"BIRC5","NDC80",0.885
"NDC80","SPAG5",0.887
"CCNA2","NDC80",0.893
"KIF20A","NDC80",0.896
"CENPU","NDC80",0.897
"BUB3","NDC80",0.899
"KIF15","NDC80",0.9
"CDCA8","NDC80",0.907
"CEP55","NDC80",0.914
"NDC80","NUSAP1",0.918
"KIF2C","NDC80",0.934
"NDC80","PBK",0.934
"MELK","NDC80",0.935
"CDK1","NDC80",0.957
"CDC20","NDC80",0.962
"MAD2L1","NDC80",0.968
"ASPM","NDC80",0.969
"CENPE","NDC80",0.979
"NDC80","NEK2",0.985
"CENPF","NDC80",0.987
"NDC80","ZWINT",0.991
"NDC80","TTK",0.992
"BUB1B","NDC80",0.992
"KNL1","NDC80",0.995
"BUB1","NDC80",0.998
"NDC80","NUF2",0.999
"NDN","TP53",0.998
"ACKR1","NECTIN2",0.986
"NECTIN2","NECTIN3",0.999
"NECTIN2","NECTIN3",0.999
"NECTIN3","SHROOM3",0.713
"FTO","NEGR1",0.86
"KCTD15","NEGR1",0.933
"NEK2","TRIP13",0.761
"AURKA","NEK2",0.829
"DLGAP5","NEK2",0.963
"E2F8","NEK2",0.753
"NCAPG","NEK2",0.823
"CCNB1","NEK2",0.91
"KIF23","NEK2",0.793
"KIF11","NEK2",0.959
"NDC80","NEK2",0.985
"NEK2","UBE2S",0.703
"CENPE","NEK2",0.834
"ANLN","NEK2",0.787
"NEK2","NUF2",0.952
"CDCA5","NEK2",0.722
"BUB1B","NEK2",0.999
"CCNB2","NEK2",0.902
"MAD2L1","NEK2",0.999
"MELK","NEK2",0.822
"NEK2","TPX2",0.942
"BIRC5","NEK2",0.94
"BUB1","NEK2",0.932
"NEK2","SHCBP1",0.741
"NEK2","SPAG5",0.848
"KIF15","NEK2",0.823
"CDKN3","NEK2",0.722
"FOXM1","NEK2",0.803
"NEK2","UBE2C",0.923
"NEK2","RRM2",0.724
"CENPF","NEK2",0.97
"CHEK1","NEK2",0.704
"BUB3","NEK2",0.717
"FAM83D","NEK2",0.771
"NEK2","ZWINT",0.785
"NEK2","PRC1",0.791
"ECT2","NEK2",0.82
"NEK2","TTK",0.845
"DEPDC1","NEK2",0.847
"MKI67","NEK2",0.851
"KIF4A","NEK2",0.858
"HMMR","NEK2",0.87
"NEK2","PBK",0.88
"KIF14","NEK2",0.882
"NEK2","PTTG1",0.89
"CDCA8","NEK2",0.9
"NEK2","NUSAP1",0.905
"CDCA3","NEK2",0.911
"CEP55","NEK2",0.912
"ASPM","NEK2",0.916
"CDK1","NEK2",0.919
"KIF2C","NEK2",0.92
"NEK2","TOP2A",0.928
"CCNA2","NEK2",0.943
"KIF20A","NEK2",0.948
"CDC20","NEK2",0.999
"FOXA1","NF1",0.712
"KRAS","NF1",0.996
"NF1","PIK3CA",0.793
"NF1","TP53",0.88
"ERBB2","NF1",0.771
"EGFR","NF1",0.847
"ATM","NF1",0.732
"MRAS","NF1",0.955
"NF1","SMAD4",0.873
"NF1","SMARCA4",0.751
"BRCA2","NF1",0.75
"CDKN2A","NF1",0.772
"NF1","PTPN11",0.852
"NF1","PTEN",0.874
"BRCA1","NF1",0.876
"HRAS","NF1",0.994
"JUN","NFE2L3",0.727
"FOS","NFE2L3",0.77
"MAF","NFE2L3",0.905
"NHP2","WDR43",0.758
"NHP2","RPS21",0.794
"NHP2","SNRPB",0.844
"NHP2","TERT",0.999
"KIF23","NME7",0.762
"MOCS1","NME7",0.8
"NME7","RRM2",0.757
"GCH1","NME7",0.829
"ATP1B1","NME7",0.839
"CTPS1","NME7",0.94
"MZT2B","NME7",0.963
"NMNAT2","NT5E",0.969
"NMNAT2","QPRT",0.989
"MEST","NNAT",0.719
"NNAT","PLAGL1",0.705
"CAV1","NOSTRIN",0.869
"FREM1","NPNT",0.911
"NPR1","PDE3B",0.75
"NPR1","PDE11A",0.769
"NPR1","PDE2A",0.799
"NPR1","NPR2",0.949
"MOCS1","NPR1",0.824
"GCH1","NPR1",0.806
"NPR2","PDE3B",0.757
"NPR2","PDE11A",0.731
"NPR2","PDE2A",0.798
"GCH1","NPR2",0.806
"MOCS1","NPR2",0.818
"NPR1","NPR2",0.949
"ADGRD1","NPR3",0.711
"GNG2","NPY1R",0.827
"GNAI1","NPY1R",0.992
"FKBP4","NR3C1",0.996
"BCL2A1","NR3C1",0.7
"NR3C1","STAT1",0.701
"EPAS1","NR3C1",0.718
"ADRB2","NR3C1",0.727
"NR3C1","PTK6",0.74
"CEBPA","NR3C1",0.758
"NR3C1","SMAD2",0.789
"NR3C1","STAT5A",0.798
"NR3C1","RUNX2",0.827
"HSD11B1","NR3C1",0.852
"EGFR","NR3C1",0.87
"NR3C1","NRIP1",0.875
"FOXO1","NR3C1",0.89
"ESR1","NR3C1",0.896
"NR3C1","NTRK2",0.905
"EP300","NR3C1",0.914
"NR3C1","SMARCA4",0.924
"NR3C1","NR3C2",0.929
"NR3C1","TP53",0.936
"FOS","NR3C1",0.961
"JUN","NR3C1",0.961
"NCOA1","NR3C1",0.997
"FKBP4","NR3C2",0.945
"NR3C1","NR3C2",0.929
"MME","NR3C2",0.763
"HSD11B1","NR3C2",0.805
"NCOA1","NR3C2",0.973
"NR3C1","NRIP1",0.875
"FOXA1","NRIP1",0.902
"NRIP1","RORA",0.982
"EP300","NRIP1",0.88
"NRIP1","PPARG",0.854
"NCOA1","NRIP1",0.759
"JUN","NRIP1",0.793
"GATA3","NRIP1",0.889
"ESR1","NRIP1",0.999
"H4C6","NSD2",0.972
"NSD2","TP53",0.769
"ATM","NSD2",0.715
"H2AC8","NSD2",0.915
"FGFR3","NSD2",0.843
"H2BC12","NSD2",0.914
"H2BC21","NSD2",0.744
"H2AC6","NSD2",0.926
"BRCA1","NSD2",0.796
"NT5E","PDE7B",0.706
"NT5E","PDE3B",0.709
"CD9","NT5E",0.721
"NCAM1","NT5E",0.734
"FN1","NT5E",0.737
"MCAM","NT5E",0.802
"NT5E","SORD",0.83
"ALCAM","NT5E",0.868
"CD34","NT5E",0.905
"NT5E","TK2",0.92
"NT5E","TYMS",0.927
"NMNAT2","NT5E",0.969
"NTN1","SLIT3",0.9
"NR3C1","NTRK2",0.905
"KRAS","NTRK2",0.703
"FGF2","NTRK2",0.908
"ERBB2","NTRK2",0.704
"EGFR","NTRK2",0.882
"ANGPT1","NTRK2",0.719
"ERBB4","NTRK2",0.737
"NTRK2","PIK3R1",0.741
"FGF1","NTRK2",0.77
"ADCYAP1R1","NTRK2",0.774
"FGF3","NTRK2",0.778
"CNR1","NTRK2",0.822
"EFNA4","NTRK2",0.859
"IGF1","NTRK2",0.89
"EFNA1","NTRK2",0.916
"NTRK2","PTPN11",0.939
"IRS1","NTRK2",0.974
"NUF2","TRIP13",0.816
"AURKA","NUF2",0.893
"NUF2","OIP5",0.864
"NUF2","RAD51AP1",0.706
"MND1","NUF2",0.829
"DLGAP5","NUF2",0.964
"NCAPG","NUF2",0.93
"CCNB1","NUF2",0.967
"KIF23","NUF2",0.912
"KIF11","NUF2",0.975
"NDC80","NUF2",0.999
"CENPE","NUF2",0.996
"ANLN","NUF2",0.897
"CKS2","NUF2",0.701
"NUF2","SHCBP1",0.701
"CHEK1","NUF2",0.702
"NUF2","PCLAF",0.728
"CENPN","NUF2",0.73
"FAM83D","NUF2",0.739
"NUF2","UHRF1",0.741
"CENPU","NUF2",0.753
"NUF2","TYMS",0.753
"MKI67","NUF2",0.759
"NUF2","ZWILCH",0.765
"NUF2","SMC4",0.773
"NUF2","RRM2",0.787
"CENPK","NUF2",0.793
"NUF2","SPAG5",0.804
"NUF2","PTTG1",0.81
"CDC45","NUF2",0.816
"DTL","NUF2",0.816
"ECT2","NUF2",0.818
"NUF2","PRC1",0.829
"CDCA3","NUF2",0.844
"NUF2","SGO2",0.852
"CDKN3","NUF2",0.858
"BUB3","NUF2",0.864
"KIF14","NUF2",0.872
"HMMR","NUF2",0.886
"NUF2","UBE2C",0.887
"DEPDC1","NUF2",0.898
"EXO1","NUF2",0.899
"NUF2","UBE2T",0.901
"KIF4A","NUF2",0.911
"NUF2","NUSAP1",0.911
"CDCA8","NUF2",0.926
"CDCA5","NUF2",0.931
"CCNB2","NUF2",0.932
"KIF2C","NUF2",0.935
"KIF15","NUF2",0.936
"NUF2","TOP2A",0.936
"MELK","NUF2",0.936
"CCNA2","NUF2",0.94
"CEP55","NUF2",0.947
"NUF2","TPX2",0.947
"BIRC5","NUF2",0.949
"NEK2","NUF2",0.952
"CENPF","NUF2",0.952
"KIF20A","NUF2",0.955
"CDK1","NUF2",0.957
"NUF2","PBK",0.96
"CDC20","NUF2",0.962
"BUB1B","NUF2",0.98
"ASPM","NUF2",0.98
"MAD2L1","NUF2",0.981
"NUF2","TTK",0.989
"NUF2","ZWINT",0.991
"KNL1","NUF2",0.992
"BUB1","NUF2",0.994
"NUSAP1","TRIP13",0.744
"AURKA","NUSAP1",0.843
"NUSAP1","OIP5",0.872
"NUSAP1","RAD51AP1",0.758
"DLGAP5","NUSAP1",0.965
"NCAPG","NUSAP1",0.931
"CCNB1","NUSAP1",0.923
"KIF23","NUSAP1",0.9
"KIF11","NUSAP1",0.974
"NDC80","NUSAP1",0.918
"CENPE","NUSAP1",0.929
"ANLN","NUSAP1",0.712
"NUF2","NUSAP1",0.911
"CDCA5","NUSAP1",0.832
"ATAD2","NUSAP1",0.724
"BUB1B","NUSAP1",0.953
"CCNB2","NUSAP1",0.962
"MAD2L1","NUSAP1",0.847
"MELK","NUSAP1",0.93
"NUSAP1","PCLAF",0.914
"NUSAP1","TPX2",0.964
"BIRC5","NUSAP1",0.953
"BUB1","NUSAP1",0.937
"NUSAP1","SHCBP1",0.714
"FANCI","NUSAP1",0.84
"NUSAP1","TYMS",0.905
"NUSAP1","SPAG5",0.859
"KIF15","NUSAP1",0.926
"CDKN3","NUSAP1",0.831
"NUSAP1","SMC4",0.891
"FOXM1","NUSAP1",0.782
"NUSAP1","UBE2C",0.964
"NUSAP1","RRM2",0.951
"EXO1","NUSAP1",0.742
"CENPF","NUSAP1",0.944
"DTL","NUSAP1",0.834
"NEK2","NUSAP1",0.905
"KIF14","NUSAP1",0.899
"ASPM","NUSAP1",0.94
"MKI67","NUSAP1",0.943
"NUSAP1","TTK",0.926
"CEP55","NUSAP1",0.93
"KIF2C","NUSAP1",0.943
"CDC20","NUSAP1",0.946
"CDCA8","NUSAP1",0.949
"NUSAP1","ZWINT",0.902
"KIF4A","NUSAP1",0.924
"CKS2","NUSAP1",0.774
"ECT2","NUSAP1",0.784
"CENPN","NUSAP1",0.736
"HMMR","NUSAP1",0.896
"NUSAP1","PTTG1",0.906
"NUSAP1","PRC1",0.936
"KIF20A","NUSAP1",0.956
"CDK1","NUSAP1",0.946
"CDC45","NUSAP1",0.895
"NUSAP1","TOP2A",0.999
"DEPDC1","NUSAP1",0.711
"NUSAP1","PBK",0.954
"CDCA3","NUSAP1",0.905
"NUSAP1","TK1",0.747
"CCNA2","NUSAP1",0.922
"AZIN1","OAZ3",0.994
"CDH1","OCLN",0.993
"CGN","OCLN",0.995
"CXADR","OCLN",0.831
"MARVELD3","OCLN",0.89
"OCLN","PPP2R1B",0.9
"MARVELD2","OCLN",0.992
"CAV1","OCLN",0.789
"FN1","OCLN",0.744
"GJB2","OCLN",0.726
"JAM2","OCLN",0.734
"MMP9","OCLN",0.766
"OCLN","PATJ",0.851
"OCLN","PPP2R2C",0.906
"CDH5","OCLN",0.98
"CLDN4","OCLN",0.996
"OCLN","TJP3",0.998
"CLDN3","OCLN",0.998
"CLDN5","OCLN",0.999
"CLDN7","OCLN",0.999
"DCN","OGN",0.711
"OGN","PRELP",0.8
"OGN","OMD",0.946
"NDC80","OIP5",0.712
"OIP5","TPX2",0.728
"CENPK","OIP5",0.734
"DEPDC1","OIP5",0.737
"CHEK1","OIP5",0.743
"ASPM","OIP5",0.75
"KNL1","OIP5",0.758
"CCNB2","OIP5",0.77
"OIP5","TTK",0.777
"NCAPG","OIP5",0.783
"CDKN3","OIP5",0.792
"MND1","OIP5",0.795
"KIF15","OIP5",0.801
"CDC45","OIP5",0.805
"OIP5","ZWINT",0.814
"CENPU","OIP5",0.815
"KIF20A","OIP5",0.817
"CENPN","OIP5",0.819
"OIP5","UBE2T",0.821
"BUB1B","OIP5",0.837
"CEP55","OIP5",0.84
"MELK","OIP5",0.842
"BIRC5","OIP5",0.844
"CDK1","OIP5",0.846
"CCNA2","OIP5",0.85
"OIP5","RAD51AP1",0.85
"OIP5","PBK",0.854
"MAD2L1","OIP5",0.854
"DLGAP5","OIP5",0.856
"CDCA8","OIP5",0.856
"NUF2","OIP5",0.864
"KIF2C","OIP5",0.866
"NUSAP1","OIP5",0.872
"KIF11","OIP5",0.873
"CCNB1","OIP5",0.888
"BUB1","OIP5",0.891
"HMMR","OIP5",0.895
"APOB","OLR1",0.868
"CD36","OLR1",0.852
"OMD","PRELP",0.814
"ECM2","OMD",0.703
"OGN","OMD",0.946
"KMO","OPN3",0.867
"CCNA2","ORC6",0.721
"CHEK1","ORC6",0.732
"CDK1","ORC6",0.743
"CCNB1","ORC6",0.776
"MCM2","ORC6",0.949
"CDC7","ORC6",0.961
"CDC45","ORC6",0.982
"MCM4","ORC6",0.987
"DBF4","ORC6",0.998
"OSR2","PAX9",0.808
"MSX1","OSR2",0.873
"AVPR1A","OXTR",0.775
"ESR1","OXTR",0.751
"GNG2","OXTR",0.816
"GNAI1","OXTR",0.909
"P2RY12","P2RY14",0.807
"P2RY12","TREM2",0.874
"GNAI1","P2RY12",0.915
"P2RY12","P2RY14",0.807
"CPEB1","PABPC1L",0.777
"PABPC1L","PAIP1",0.987
"PAFAH1B3","PLA2G7",0.924
"GCH1","PAH",0.719
"PABPC1L","PAIP1",0.987
"FOS","PAIP1",0.733
"HNRNPD","PAIP1",0.977
"PALB2","RAD51AP1",0.952
"BRIP1","PALB2",0.998
"BARD1","PALB2",0.987
"CHEK1","PALB2",0.701
"PALB2","PTEN",0.727
"BLM","PALB2",0.729
"PALB2","TP53",0.738
"MGLL","PALB2",0.828
"EXO1","PALB2",0.848
"PALB2","RAD51B",0.89
"CHEK2","PALB2",0.921
"ATM","PALB2",0.945
"FANCI","PALB2",0.988
"FANCD2","PALB2",0.991
"BRCA1","PALB2",0.999
"PALB2","RAD51C",0.999
"BRCA2","PALB2",0.999
"PARD6B","RHOQ",0.757
"PARD6B","PRKCI",0.997
"PARD6B","RHOJ",0.889
"PARD6B","PTPN21",0.813
"PARD6B","PTEN",0.907
"LLGL2","PARD6B",0.971
"ITGA1","PARVA",0.709
"LIMS2","PARVA",0.974
"ITGA7","PARVA",0.707
"FERMT2","PARVA",0.893
"PARVA","TLN2",0.941
"EPB41L5","PATJ",0.751
"CGN","PATJ",0.721
"OCLN","PATJ",0.851
"CLDN7","PATJ",0.902
"AMOTL2","PATJ",0.957
"PATJ","TJP3",0.996
"IRF6","PAX9",0.753
"OSR2","PAX9",0.808
"KDM5B","PAX9",0.876
"MSX1","PAX9",0.983
"PBK","TRIP13",0.84
"AURKA","PBK",0.791
"OIP5","PBK",0.854
"PBK","RAD51AP1",0.771
"MND1","PBK",0.823
"DLGAP5","PBK",0.979
"NCAPG","PBK",0.92
"CCNB1","PBK",0.962
"KIF23","PBK",0.884
"KIF11","PBK",0.955
"NDC80","PBK",0.934
"CENPE","PBK",0.889
"ANLN","PBK",0.811
"PBK","TP53",0.873
"NUF2","PBK",0.96
"CDCA5","PBK",0.736
"CENPU","PBK",0.746
"BUB1B","PBK",0.937
"CCNB2","PBK",0.88
"MAD2L1","PBK",0.952
"MELK","PBK",0.963
"PBK","PCLAF",0.862
"PBK","TPX2",0.945
"BIRC5","PBK",0.978
"BUB1","PBK",0.935
"PBK","SHCBP1",0.834
"PBK","TYMS",0.885
"PBK","SPAG5",0.879
"KIF15","PBK",0.873
"CDKN3","PBK",0.861
"FOXM1","PBK",0.845
"PBK","UBE2C",0.946
"PBK","RRM2",0.93
"EXO1","PBK",0.773
"CENPF","PBK",0.949
"DTL","PBK",0.873
"NEK2","PBK",0.88
"KIF14","PBK",0.779
"ASPM","PBK",0.951
"MKI67","PBK",0.762
"PBK","TTK",0.969
"CEP55","PBK",0.957
"KIF2C","PBK",0.909
"CDC20","PBK",0.959
"CDCA8","PBK",0.912
"PBK","ZWINT",0.821
"KIF4A","PBK",0.938
"ECT2","PBK",0.895
"CENPN","PBK",0.756
"HMMR","PBK",0.893
"PBK","PTTG1",0.861
"PBK","PRC1",0.899
"KIF20A","PBK",0.955
"CDK1","PBK",0.988
"CENPK","PBK",0.816
"CHEK1","PBK",0.735
"CDC45","PBK",0.874
"PBK","TOP2A",0.958
"DEPDC1","PBK",0.849
"FAM83D","PBK",0.735
"PBK","UHRF1",0.758
"KPNA2","PBK",0.765
"PBK","UBE2T",0.805
"CCNA2","PBK",0.943
"CDCA3","PBK",0.946
"NUSAP1","PBK",0.954
"HOXA5","PBX1",0.808
"HOXA7","PBX1",0.752
"FOXA1","PBX1",0.876
"PBX1","SMAD2",0.767
"EPAS1","PBX1",0.719
"HOXA10","PBX1",0.867
"PBX1","SMAD4",0.772
"PBX1","SMARCA4",0.755
"KLF4","PBX1",0.862
"GATA3","PBX1",0.734
"MEIS2","PBX1",0.987
"ACSS2","PC",0.923
"ACO1","PC",0.73
"PC","PCK1",0.978
"IDH2","PC",0.769
"ACACB","PC",0.712
"ME1","PC",0.997
"PCDH19","STXBP1",0.876
"ACSS2","PCK1",0.883
"FABP4","PCK1",0.805
"EP300","PCK1",0.71
"GPAM","PCK1",0.721
"PCK1","PPARG",0.907
"LEP","PCK1",0.727
"PCK1","SCD",0.739
"PCK1","PFKFB1",0.746
"FOXO1","PCK1",0.812
"PC","PCK1",0.978
"AURKA","PCLAF",0.735
"DLGAP5","PCLAF",0.881
"NCAPG","PCLAF",0.744
"CCNB1","PCLAF",0.796
"KIF11","PCLAF",0.857
"NUF2","PCLAF",0.728
"BUB1B","PCLAF",0.875
"CCNB2","PCLAF",0.882
"MAD2L1","PCLAF",0.774
"MELK","PCLAF",0.871
"PCLAF","TPX2",0.724
"HMMR","PCLAF",0.754
"KIF2C","PCLAF",0.766
"MKI67","PCLAF",0.767
"PCLAF","UBE2T",0.785
"DTL","PCLAF",0.794
"PCLAF","SPAG5",0.796
"KIF15","PCLAF",0.797
"PCLAF","TTK",0.81
"BRCA1","PCLAF",0.81
"CDCA3","PCLAF",0.811
"PCLAF","TK1",0.82
"KIF20A","PCLAF",0.826
"BUB1","PCLAF",0.831
"CDC45","PCLAF",0.833
"CDCA8","PCLAF",0.839
"PCLAF","UHRF1",0.854
"PCLAF","TYMS",0.859
"CEP55","PCLAF",0.861
"PBK","PCLAF",0.862
"PCLAF","PTTG1",0.87
"CDK1","PCLAF",0.877
"CDC20","PCLAF",0.881
"CCNA2","PCLAF",0.886
"CENPF","PCLAF",0.898
"PCLAF","RRM2",0.907
"ASPM","PCLAF",0.909
"PCLAF","ZWINT",0.913
"NUSAP1","PCLAF",0.914
"PCLAF","TOP2A",0.92
"BIRC5","PCLAF",0.93
"PCLAF","UBE2C",0.938
"PCLAF","PCNA",0.997
"CCNB1","PCNA",0.867
"MCM4","PCNA",0.965
"EP300","PCNA",0.9
"MCM2","PCNA",0.939
"PCNA","TP53",0.913
"MAD2L1","PCNA",0.792
"PCLAF","PCNA",0.997
"FEN1","PCNA",0.999
"PCNA","TYMS",0.913
"PCNA","RAD51C",0.751
"PCNA","RRM2",0.828
"EXO1","PCNA",0.96
"DTL","PCNA",0.995
"CDC20","PCNA",0.798
"PCNA","RAD51B",0.731
"CDC45","PCNA",0.739
"CHEK1","PCNA",0.757
"PCNA","TOP2A",0.789
"CCNE2","PCNA",0.899
"CCNA2","PCNA",0.925
"CDK1","PCNA",0.93
"COL1A1","PCOLCE2",0.703
"LPL","PCSK5",0.777
"GPIHBP1","PCSK5",0.795
"ADCY4","PDE11A",0.719
"NPR2","PDE11A",0.731
"NPR1","PDE11A",0.769
"ADCY4","PDE2A",0.798
"NPR2","PDE2A",0.798
"NPR1","PDE2A",0.799
"NT5E","PDE3B",0.709
"ADCY4","PDE3B",0.744
"NPR1","PDE3B",0.75
"NPR2","PDE3B",0.757
"PDE3B","RAPGEF3",0.762
"ADRB2","PDE4D",0.745
"ADCY4","PDE4D",0.792
"AKAP9","PDE4D",0.809
"AKAP12","PDE4D",0.825
"PDE4D","RAPGEF3",0.91
"NT5E","PDE7B",0.706
"ADCY4","PDE7B",0.756
"ADCY4","PDE8B",0.705
"ERBB3","PDGFD",0.703
"ERBB2","PDGFD",0.726
"EGFR","PDGFD",0.932
"FGFR3","PDGFD",0.788
"ERBB4","PDGFD",0.7
"IGF1","PDGFD",0.931
"FGFR2","PDGFD",0.719
"ANGPTL4","PDK4",0.739
"ITPR1","PDK4",0.825
"PEMT","PLAAT3",0.901
"MBOAT2","PEMT",0.936
"PEMT","SELENOI",0.963
"PER3","RORA",0.923
"PER3","TEF",0.822
"ATM","PER3",0.778
"PCK1","PFKFB1",0.746
"HNF4G","PFKFB1",0.766
"PFKFB1","PFKFB3",0.923
"PFKFB1","PFKFB3",0.923
"PGM5","PYGM",0.862
"PGM5","PYGL",0.844
"PGM5","SSPN",0.747
"DMD","PGM5",0.836
"PGM5","SGCB",0.72
"CDKN1C","PHLDA2",0.928
"FOXA1","PIK3CA",0.706
"KRAS","PIK3CA",0.998
"FGF2","PIK3CA",0.714
"FOXO1","PIK3CA",0.726
"CAV1","PIK3CA",0.727
"CYTH2","PIK3CA",0.727
"BRCA1","PIK3CA",0.728
"MYC","PIK3CA",0.74
"PIK3CA","STAT1",0.74
"GNG2","PIK3CA",0.758
"CDKN2A","PIK3CA",0.791
"NF1","PIK3CA",0.793
"PIK3CA","SMAD4",0.805
"BRCA2","PIK3CA",0.812
"PIK3CA","THRB",0.908
"FGFR2","PIK3CA",0.908
"GNAI1","PIK3CA",0.914
"LIFR","PIK3CA",0.915
"PIK3CA","VAV3",0.92
"ESR1","PIK3CA",0.941
"PIK3CA","TP53",0.941
"PIK3CA","PRKCI",0.952
"FGFR3","PIK3CA",0.965
"ERBB4","PIK3CA",0.97
"ALK","PIK3CA",0.979
"IRS2","PIK3CA",0.984
"PIK3CA","PTPN11",0.99
"ERBB2","PIK3CA",0.992
"ERBB3","PIK3CA",0.993
"HRAS","PIK3CA",0.995
"PIK3CA","PTEN",0.995
"MRAS","PIK3CA",0.996
"IRS1","PIK3CA",0.999
"EGFR","PIK3CA",0.999
"PIK3CA","PIK3R1",0.999
"PIK3R1","XBP1",0.802
"KRAS","PIK3R1",0.963
"PIK3CA","PIK3R1",0.999
"ERBB3","PIK3R1",0.998
"PIK3R1","TP53",0.853
"ERBB2","PIK3R1",0.995
"EGFR","PIK3R1",0.998
"NTRK2","PIK3R1",0.741
"MRAS","PIK3R1",0.919
"PIK3R1","PRKCI",0.919
"IRS1","PIK3R1",0.999
"FGFR3","PIK3R1",0.824
"ERBB4","PIK3R1",0.948
"PIK3R1","TGFBR2",0.772
"PIK3R1","STAT1",0.743
"ADAM12","PIK3R1",0.79
"PIK3R1","VAV3",0.933
"PIK3R1","PTEN",0.997
"IRS2","PIK3R1",0.998
"ALK","PIK3R1",0.973
"PIK3R1","SPP1",0.773
"PIK3R1","THRB",0.966
"PIK3R1","ZFPM2",0.961
"LIFR","PIK3R1",0.911
"ESR1","PIK3R1",0.994
"HRAS","PIK3R1",0.99
"FGFR2","PIK3R1",0.924
"BRCA1","PIK3R1",0.766
"INPP4B","PIK3R1",0.949
"GNAI1","PIK3R1",0.912
"PIK3R1","PTPN11",0.996
"DLGAP5","PIMREG",0.726
"CDC20","PIMREG",0.734
"CDK1","PIMREG",0.748
"CCNB2","PIMREG",0.754
"BUB1","PIMREG",0.79
"KIF20A","PIMREG",0.829
"CDCA3","PIMREG",0.834
"PIP","SCGB2A2",0.729
"LTF","PIP",0.735
"KRT7","PIP",0.848
"AZGP1","PIP",0.999
"CA4","PKD2L1",0.729
"KRT18","PKP3",0.707
"PKP3","SFN",0.773
"PKP3","PPL",0.797
"DSP","PKP3",0.93
"PLA2G4A","PLA2G7",0.864
"GDPD1","PLA2G4A",0.78
"PLA2G4A","PLAAT3",0.828
"ANXA1","PLA2G4A",0.813
"CETP","PLA2G7",0.861
"APOB","PLA2G7",0.936
"PLA2G7","PLAAT3",0.802
"APOC1","PLA2G7",0.842
"CLU","PLA2G7",0.842
"PLA2G4A","PLA2G7",0.864
"PAFAH1B3","PLA2G7",0.924
"PEMT","PLAAT3",0.901
"PLAAT3","SELENOI",0.902
"PLA2G7","PLAAT3",0.802
"MBOAT2","PLAAT3",0.909
"CRABP2","PLAAT3",0.748
"PLA2G4A","PLAAT3",0.828
"MEST","PLAGL1",0.871
"PLAGL1","TP53",0.856
"NNAT","PLAGL1",0.705
"CDKN1C","PLAGL1",0.709
"PLAUR","SERPINE1",0.994
"LRP1","PLAUR",0.718
"EGFR","PLAUR",0.896
"MMP9","PLAUR",0.772
"LIPE","PLIN1",0.999
"FABP4","PLIN1",0.927
"PLIN1","THRSP",0.728
"PLIN1","PPARG",0.929
"CEBPA","PLIN1",0.723
"CD36","PLIN1",0.815
"LEP","PLIN1",0.846
"CAV1","PLIN1",0.92
"PLIN1","PNPLA2",0.945
"ADIPOQ","PLIN1",0.947
"CIDEA","PLIN1",0.959
"PLIN1","PLIN4",0.98
"CIDEC","PLIN1",0.99
"LIPE","PLIN4",0.705
"PLIN1","PLIN4",0.98
"CIDEC","PLIN4",0.778
"LIPE","PLIN5",0.859
"PLIN5","PNPLA2",0.984
"PLP1","QKI",0.722
"DGAT2","PLPP2",0.971
"GPLD1","PLPP2",0.761
"PLPP2","SELENOI",0.949
"GALC","PLPP2",0.913
"CDS1","PLPP2",0.947
"GPD1","PLPP2",0.85
"MBOAT2","PLPP2",0.873
"DEGS2","PLPP2",0.91
"PLPP2","SGPP2",0.964
"PLPP2","PNPLA2",0.83
"LPL","PLPP2",0.913
"PLPP2","UGCG",0.924
"CERS6","PLPP2",0.932
"PLPP2","PLPP5",0.94
"PLPP2","PLPP3",0.95
"AGPAT2","PLPP2",0.967
"DGAT2","PLPP3",0.952
"GPLD1","PLPP3",0.761
"PLPP3","SELENOI",0.942
"GALC","PLPP3",0.906
"CDS1","PLPP3",0.937
"GPD1","PLPP3",0.836
"MBOAT2","PLPP3",0.846
"DEGS2","PLPP3",0.904
"PLPP3","SGPP2",0.945
"PLPP2","PLPP3",0.95
"PLPP3","PNPLA2",0.743
"PLPP3","PLPP5",0.909
"LPL","PLPP3",0.917
"PLPP3","UGCG",0.923
"CERS6","PLPP3",0.925
"AGPAT2","PLPP3",0.965
"DGAT2","PLPP5",0.948
"PLPP5","SELENOI",0.919
"CDS1","PLPP5",0.905
"GPD1","PLPP5",0.821
"MBOAT2","PLPP5",0.921
"PLPP2","PLPP5",0.94
"PLPP5","PNPLA2",0.94
"PLPP3","PLPP5",0.909
"AGPAT2","PLPP5",0.936
"LPL","PLPP5",0.9
"MICAL2","PLXNA4",0.747
"PLXNA4","SEMA6A",0.999
"CLU","PLXNA4",0.802
"PNN","SRSF10",0.708
"BCLAF1","PNN",0.874
"DGAT2","PNPLA2",0.91
"LIPE","PNPLA2",0.971
"PNPLA2","SERPINF1",0.812
"FABP4","PNPLA2",0.714
"MGLL","PNPLA2",0.979
"PNPLA2","PPARG",0.769
"PLIN1","PNPLA2",0.945
"CIDEA","PNPLA2",0.773
"PLPP2","PNPLA2",0.83
"ADIPOQ","PNPLA2",0.705
"CD36","PNPLA2",0.722
"PLPP3","PNPLA2",0.743
"ACSL1","PNPLA2",0.83
"G0S2","PNPLA2",0.938
"PLPP5","PNPLA2",0.94
"LPL","PNPLA2",0.97
"PLIN5","PNPLA2",0.984
"DCN","POSTN",0.758
"COL1A1","POSTN",0.903
"FBN1","POSTN",0.785
"BGN","POSTN",0.83
"CTHRC1","POSTN",0.709
"FN1","POSTN",0.996
"DPT","POSTN",0.709
"POSTN","SPP1",0.704
"FBLN2","POSTN",0.802
"PPARG","SERPINE1",0.732
"LIPE","PPARG",0.857
"KRAS","PPARG",0.757
"FABP4","PPARG",0.993
"PPARG","SMAD2",0.707
"EP300","PPARG",0.997
"GPAM","PPARG",0.709
"PPARG","TP53",0.949
"EGFR","PPARG",0.843
"PPARG","ZNF423",0.711
"IRS1","PPARG",0.726
"ACSL1","PPARG",0.745
"PPARG","SCD",0.746
"MMP9","PPARG",0.765
"CAV1","PPARG",0.765
"PNPLA2","PPARG",0.769
"EZH2","PPARG",0.778
"ADIRF","PPARG",0.789
"EBF2","PPARG",0.79
"ESR1","PPARG",0.794
"PPARG","STAT1",0.817
"EBF1","PPARG",0.823
"FABP5","PPARG",0.828
"IGF1","PPARG",0.828
"PPARG","PTEN",0.83
"PPARG","STAT5A",0.833
"CIDEA","PPARG",0.839
"PPARG","TET1",0.842
"JUN","PPARG",0.849
"CIDEC","PPARG",0.85
"NRIP1","PPARG",0.854
"FOXO1","PPARG",0.856
"PPARG","RUNX2",0.873
"ANGPTL4","PPARG",0.875
"PCK1","PPARG",0.907
"PLIN1","PPARG",0.929
"LPL","PPARG",0.941
"CD36","PPARG",0.942
"LEP","PPARG",0.948
"ADIPOQ","PPARG",0.965
"PPARG","SMARCA4",0.966
"CEBPA","PPARG",0.991
"NCOA1","PPARG",0.999
"CCR7","PPBP",0.866
"PPBP","VWF",0.773
"CCR5","PPBP",0.918
"ACKR1","PPBP",0.836
"CXCR4","PPBP",0.963
"CXCL10","PPBP",0.999
"CXCL11","PPBP",0.999
"CXCL12","PPBP",0.999
"DST","PPL",0.722
"PKP3","PPL",0.797
"EZR","PPL",0.957
"KRT8","PPL",0.791
"DSP","PPL",0.953
"AHNAK","PPL",0.963
"PPP1R1A","PPP2R1B",0.906
"PPP1R1A","PPP2R2C",0.906
"PPP1R1A","PPP2R1B",0.906
"PPP2R1B","PRKCI",0.905
"OCLN","PPP2R1B",0.9
"PPP2R1B","TGFBR2",0.914
"PPP2R1B","PPP2R2C",0.999
"PPP1R1A","PPP2R2C",0.906
"PPP2R2C","PRKCI",0.902
"CCT2","PPP2R2C",0.994
"PPP2R1B","PPP2R2C",0.999
"OCLN","PPP2R2C",0.906
"PRC1","TRIP13",0.82
"AURKA","PRC1",0.91
"DLGAP5","PRC1",0.892
"NCAPG","PRC1",0.921
"CCNB1","PRC1",0.932
"KIF23","PRC1",0.992
"KIF11","PRC1",0.972
"NDC80","PRC1",0.828
"MCM4","PRC1",0.703
"MCM2","PRC1",0.708
"CENPE","PRC1",0.99
"ANLN","PRC1",0.839
"NUF2","PRC1",0.829
"CDCA5","PRC1",0.829
"BUB1B","PRC1",0.893
"CCNB2","PRC1",0.925
"MAD2L1","PRC1",0.802
"MELK","PRC1",0.893
"PRC1","TPX2",0.999
"BIRC5","PRC1",0.94
"BUB1","PRC1",0.757
"PRC1","SHCBP1",0.785
"PRC1","SPAG5",0.755
"KIF15","PRC1",0.782
"CDKN3","PRC1",0.883
"PRC1","SMC4",0.79
"FOXM1","PRC1",0.87
"PRC1","UBE2C",0.827
"PRC1","RRM2",0.868
"CENPF","PRC1",0.937
"NEK2","PRC1",0.791
"KIF14","PRC1",0.986
"ASPM","PRC1",0.921
"MKI67","PRC1",0.873
"PRC1","TTK",0.87
"CEP55","PRC1",0.904
"KIF2C","PRC1",0.944
"CDC20","PRC1",0.947
"CDCA8","PRC1",0.894
"PRC1","ZWINT",0.825
"KIF4A","PRC1",0.995
"ECT2","PRC1",0.85
"HMMR","PRC1",0.833
"PRC1","PTTG1",0.846
"CDCA3","PRC1",0.735
"CDC45","PRC1",0.744
"PBK","PRC1",0.899
"CCNA2","PRC1",0.91
"PRC1","TOP2A",0.932
"NUSAP1","PRC1",0.936
"CDK1","PRC1",0.937
"KIF20A","PRC1",0.937
"ITIH5","PRELP",0.7
"DPT","PRELP",0.777
"OGN","PRELP",0.8
"OMD","PRELP",0.814
"HSPG2","PRELP",0.839
"PREX2","PTEN",0.99
"COMP","PRG4",0.719
"PRIMA1","TP53",0.798
"LIPE","PRKAR2B",0.928
"AKAP9","PRKAR2B",0.902
"PIK3CA","PRKCI",0.952
"ECT2","PRKCI",0.804
"PRKCI","RHOJ",0.823
"ELF3","PRKCI",0.846
"PPP2R2C","PRKCI",0.902
"PPP2R1B","PRKCI",0.905
"AMOTL2","PRKCI",0.906
"PIK3R1","PRKCI",0.919
"PRKCI","PTEN",0.933
"LLGL2","PRKCI",0.996
"PARD6B","PRKCI",0.997
"IRS1","PRLR",0.747
"LEP","PRLR",0.848
"PRLR","STAT5A",0.936
"PRLR","STAT1",0.725
"GHR","PRLR",0.791
"PRSS8","SPINT2",0.807
"PRSS8","SPINT1",0.899
"CCT2","PSMA5",0.818
"PSMA5","PSME4",0.992
"PSMA5","PSMB4",0.999
"PSMA5","PSMB4",0.999
"PSMB4","PSME4",0.991
"PSMA5","PSME4",0.992
"PSMB4","PSME4",0.991
"AURKA","PTEN",0.711
"PTEN","TWIST1",0.762
"KRAS","PTEN",0.936
"PALB2","PTEN",0.727
"CDH1","PTEN",0.93
"PTEN","SLC9A3R1",0.982
"PIK3CA","PTEN",0.995
"ERBB3","PTEN",0.826
"PTEN","RB1",0.734
"PTEN","TP53",0.999
"ERBB2","PTEN",0.868
"EGFR","PTEN",0.969
"ATM","PTEN",0.897
"PPARG","PTEN",0.83
"PREX2","PTEN",0.99
"PRKCI","PTEN",0.933
"IRS1","PTEN",0.792
"FOS","PTEN",0.715
"PTEN","TERT",0.822
"EZH2","PTEN",0.76
"CAV1","PTEN",0.912
"PTEN","STAT5A",0.783
"PTEN","SMAD4",0.912
"ERBB4","PTEN",0.793
"PTEN","SMARCA4",0.705
"NF1","PTEN",0.874
"MDM4","PTEN",0.732
"JUN","PTEN",0.775
"PARD6B","PTEN",0.907
"MAP3K1","PTEN",0.712
"ALK","PTEN",0.722
"PTEN","PTPN11",0.745
"MMP9","PTEN",0.766
"CHEK1","PTEN",0.791
"IGF1","PTEN",0.795
"ESR1","PTEN",0.807
"CHEK2","PTEN",0.81
"BRCA1","PTEN",0.821
"HRAS","PTEN",0.823
"BRCA2","PTEN",0.877
"FOXO1","PTEN",0.903
"MYC","PTEN",0.908
"CDKN2A","PTEN",0.923
"INPP4B","PTEN",0.967
"PIK3R1","PTEN",0.997
"GNG2","PTGER3",0.934
"GNAI1","PTGER3",0.994
"FAXDC2","PTGIS",0.702
"PTGIS","SQLE",0.729
"PTH1R","SLC9A3R1",0.889
"GNG2","PTH1R",0.823
"GNAI1","PTH1R",0.938
"PTH1R","PTHLH",0.999
"FGF2","PTHLH",0.784
"GNG2","PTHLH",0.8
"PTHLH","RUNX2",0.713
"PTH1R","PTHLH",0.999
"NR3C1","PTK6",0.74
"EPAS1","PTK6",0.828
"ERBB3","PTK6",0.821
"ERBB2","PTK6",0.838
"EGFR","PTK6",0.989
"KRAS","PTPN11",0.953
"KLB","PTPN11",0.702
"PIK3CA","PTPN11",0.99
"ERBB3","PTPN11",0.828
"ERBB2","PTPN11",0.971
"FCRL4","PTPN11",0.734
"EGFR","PTPN11",0.999
"NTRK2","PTPN11",0.939
"IRS1","PTPN11",0.999
"LEP","PTPN11",0.808
"CAV1","PTPN11",0.739
"FGFR3","PTPN11",0.79
"PTPN11","STAT5A",0.974
"ERBB4","PTPN11",0.927
"NF1","PTPN11",0.852
"PTPN11","STAT1",0.961
"PTPN11","RABIF",0.836
"PTPN11","VAV3",0.948
"PTEN","PTPN11",0.745
"IRS2","PTPN11",0.887
"PTPN11","SPRY2",0.735
"ALK","PTPN11",0.79
"LIFR","PTPN11",0.73
"HRAS","PTPN11",0.926
"FGFR2","PTPN11",0.802
"PIK3R1","PTPN11",0.996
"PTPN11","TXNIP",0.972
"GHR","PTPN11",0.816
"PARD6B","PTPN21",0.813
"ANGPT1","PTPRB",0.705
"MDK","PTPRB",0.825
"CDH5","PTPRB",0.982
"AURKA","PTTG1",0.967
"DLGAP5","PTTG1",0.913
"NCAPG","PTTG1",0.804
"CCNB1","PTTG1",0.984
"KIF11","PTTG1",0.859
"NDC80","PTTG1",0.833
"PTTG1","UBE2S",0.844
"CENPE","PTTG1",0.796
"PTTG1","TP53",0.775
"NUF2","PTTG1",0.81
"CDCA5","PTTG1",0.829
"BUB1B","PTTG1",0.978
"CCNB2","PTTG1",0.97
"MAD2L1","PTTG1",0.891
"MELK","PTTG1",0.874
"PCLAF","PTTG1",0.87
"PTTG1","TPX2",0.921
"BIRC5","PTTG1",0.926
"BUB1","PTTG1",0.955
"PTTG1","TYMS",0.703
"PTTG1","SPAG5",0.84
"KIF15","PTTG1",0.746
"CDKN3","PTTG1",0.84
"FOXM1","PTTG1",0.745
"PTTG1","UBE2C",0.98
"PTTG1","RRM2",0.821
"CENPF","PTTG1",0.827
"NEK2","PTTG1",0.89
"ASPM","PTTG1",0.866
"BUB3","PTTG1",0.84
"PTTG1","TTK",0.835
"CEP55","PTTG1",0.892
"KIF2C","PTTG1",0.875
"CDC20","PTTG1",0.999
"CDCA8","PTTG1",0.893
"PTTG1","ZWINT",0.725
"KIF4A","PTTG1",0.786
"CKS2","PTTG1",0.888
"HMMR","PTTG1",0.861
"PTTG1","TK1",0.788
"CDC45","PTTG1",0.792
"CDCA3","PTTG1",0.838
"PRC1","PTTG1",0.846
"PTTG1","UBE2T",0.854
"PBK","PTTG1",0.861
"KIF20A","PTTG1",0.9
"NUSAP1","PTTG1",0.906
"CCNA2","PTTG1",0.934
"PTTG1","TOP2A",0.942
"CDK1","PTTG1",0.985
"ERBB2","PXDN",0.702
"FGF2","PXDN",0.707
"ESR1","PXDN",0.708
"GPX3","PXDN",0.722
"LMNB1","PXDN",0.728
"FOS","PXDN",0.739
"JUN","PXDN",0.74
"LEP","PXDN",0.742
"MMP9","PXDN",0.755
"EGFR","PXDN",0.763
"MYC","PXDN",0.784
"CDH1","PXDN",0.789
"PXDN","TP53",0.821
"FN1","PXDN",0.853
"PYGL","PYGM",0.955
"PYGL","STBD1",0.728
"MB","PYGL",0.765
"PGM5","PYGL",0.844
"GYG2","PYGL",0.916
"AHNAK","PYGM",0.77
"MB","PYGM",0.81
"GYG2","PYGM",0.84
"PGM5","PYGM",0.862
"PYGL","PYGM",0.955
"QKI","RBPMS",0.967
"PLP1","QKI",0.722
"ESRP1","QKI",0.861
"KYNU","QPRT",0.866
"NMNAT2","QPRT",0.989
"KMO","QPRT",0.83
"QPRT","TDO2",0.742
"MYO5B","RAB11FIP1",0.87
"RAB11FIP1","RAB25",0.981
"MYO5B","RAB25",0.965
"RAB11FIP1","RAB25",0.981
"ESRP1","RAB25",0.795
"RAB27B","SYTL1",0.968
"MYRIP","RAB27B",0.968
"MLPH","RAB27B",0.995
"MYO5B","RAB3IP",0.712
"RAB3IP","RABIF",0.91
"ARHGEF6","RABIF",0.826
"CYTH2","RABIF",0.724
"RABIF","RAPGEF3",0.743
"HRAS","RABIF",0.792
"RABIF","RAN",0.792
"ECT2","RABIF",0.809
"PTPN11","RABIF",0.836
"ITSN1","RABIF",0.861
"RAB3IP","RABIF",0.91
"OIP5","RAD51AP1",0.85
"NUF2","RAD51AP1",0.706
"DEPDC1","RAD51AP1",0.715
"RAD51AP1","RAD51C",0.715
"BIRC5","RAD51AP1",0.716
"RAD51AP1","RAD51B",0.72
"CDCA5","RAD51AP1",0.724
"BUB1","RAD51AP1",0.724
"FOXM1","RAD51AP1",0.727
"CCNA2","RAD51AP1",0.734
"CCNB2","RAD51AP1",0.734
"CDC20","RAD51AP1",0.737
"RAD51AP1","RRM2",0.744
"BUB1B","RAD51AP1",0.747
"RAD51AP1","SHCBP1",0.749
"RAD51AP1","RMI2",0.754
"NUSAP1","RAD51AP1",0.758
"CENPN","RAD51AP1",0.76
"KIF15","RAD51AP1",0.765
"PBK","RAD51AP1",0.771
"KIF20A","RAD51AP1",0.783
"BRCA2","RAD51AP1",0.794
"KIF4A","RAD51AP1",0.795
"CHEK1","RAD51AP1",0.802
"CENPU","RAD51AP1",0.806
"RAD51AP1","TOP2A",0.822
"RAD51AP1","TTK",0.838
"CEP55","RAD51AP1",0.839
"CDK1","RAD51AP1",0.844
"HMMR","RAD51AP1",0.852
"BRCA1","RAD51AP1",0.854
"MND1","RAD51AP1",0.857
"MAD2L1","RAD51AP1",0.859
"RAD51AP1","ZWINT",0.861
"KIF11","RAD51AP1",0.864
"DLGAP5","RAD51AP1",0.884
"MELK","RAD51AP1",0.887
"NCAPG","RAD51AP1",0.911
"EXO1","RAD51AP1",0.928
"PALB2","RAD51AP1",0.952
"RAD51B","TOX3",0.77
"RAD51AP1","RAD51B",0.72
"BRIP1","RAD51B",0.756
"BARD1","RAD51B",0.856
"PALB2","RAD51B",0.89
"ATM","RAD51B",0.865
"RAD51B","RAD51C",0.999
"ATR","RAD51B",0.799
"BLM","RAD51B",0.82
"EXO1","RAD51B",0.859
"PCNA","RAD51B",0.731
"BRCA2","RAD51B",0.961
"LSP1","RAD51B",0.703
"CHEK2","RAD51B",0.785
"BRCA1","RAD51B",0.922
"RAD51AP1","RAD51C",0.715
"MND1","RAD51C",0.811
"BRIP1","RAD51C",0.941
"BARD1","RAD51C",0.967
"PALB2","RAD51C",0.999
"ATM","RAD51C",0.921
"FANCD2","RAD51C",0.934
"FEN1","RAD51C",0.823
"FANCI","RAD51C",0.944
"CHEK1","RAD51C",0.731
"PCNA","RAD51C",0.751
"RAD51C","UBE2T",0.8
"ATR","RAD51C",0.84
"BLM","RAD51C",0.859
"EXO1","RAD51C",0.874
"CHEK2","RAD51C",0.887
"BRCA1","RAD51C",0.98
"RAD51B","RAD51C",0.999
"BRCA2","RAD51C",0.999
"H4C6","RAN",0.725
"DLGAP5","RAN",0.75
"CCT2","RAN",0.838
"RAN","TNPO1",0.995
"RABIF","RAN",0.792
"KPNA2","RAN",0.944
"MAPK13","RAPGEF3",0.91
"PDE3B","RAPGEF3",0.762
"ADRB2","RAPGEF3",0.756
"ADCY4","RAPGEF3",0.939
"PDE4D","RAPGEF3",0.91
"RABIF","RAPGEF3",0.743
"GNAI1","RAPGEF3",0.907
"LEP","RARRES2",0.725
"ADIPOQ","RARRES2",0.773
"KRAS","RASA3",0.729
"MRAS","RASA3",0.718
"HRAS","RASA3",0.734
"KRAS","RASGRF2",0.946
"MRAS","RASGRF2",0.925
"HRAS","RASGRF2",0.929
"COL1A1","RB1",0.766
"H4C6","RB1",0.727
"CCNB1","RB1",0.768
"E2F3","RB1",0.998
"EP300","RB1",0.808
"PTEN","RB1",0.734
"BCL11B","RB1",0.769
"CDKN1C","RB1",0.796
"CDKN2A","RB1",0.843
"BRCA1","RB1",0.858
"EZH2","RB1",0.861
"MYC","RB1",0.888
"RB1","TP53",0.936
"CCNE2","RB1",0.957
"RB1","RUNX2",0.97
"RB1","SMARCA4",0.979
"E2F5","RB1",0.992
"CDK1","RB1",0.995
"CCNA2","RB1",0.998
"CFH","RBMS2",0.716
"MYC","RBMS3",0.715
"AZGP1","RBP4",0.746
"LEP","RBP4",0.741
"ADIPOQ","RBP4",0.799
"RBPMS","RBPMS2",0.813
"ESRP1","RBPMS",0.759
"QKI","RBPMS",0.967
"ESRP1","RBPMS2",0.762
"RBPMS","RBPMS2",0.813
"RDH11","RDH5",0.938
"RDH11","RETSAT",0.928
"ALDH1A1","RDH11",0.951
"RDH11","RDH5",0.938
"ALDH1A1","RDH5",0.945
"MMP9","RECK",0.758
"ADGRA2","RECK",0.735
"EP300","REL",0.903
"REL","TP53",0.831
"ANK3","REL",0.854
"ESR1","REL",0.74
"MYC","REL",0.744
"FOS","REL",0.754
"ANK2","REL",0.857
"GALE","RETSAT",0.798
"ADH1B","RETSAT",0.91
"ADH1C","RETSAT",0.914
"HSD17B6","RETSAT",0.921
"RDH11","RETSAT",0.928
"ATR","RFX2",0.801
"CCNB1","RGCC",0.81
"RGCC","TP53",0.794
"BMP2","RGMA",0.962
"CAT","RGN",0.86
"RGN","SORD",0.837
"GNAI1","RGS1",0.978
"ATE1","RGS4",0.77
"EGFR","RGS4",0.778
"GNAI1","RGS4",0.932
"BCL6","RHOH",0.817
"PRKCI","RHOJ",0.823
"ITSN1","RHOJ",0.755
"PARD6B","RHOJ",0.889
"PARD6B","RHOQ",0.757
"ITSN1","RHOQ",0.854
"CDC42EP2","RHOQ",0.967
"BIN1","RIN3",0.999
"RAD51AP1","RMI2",0.754
"BRIP1","RMI2",0.752
"CCDC69","RMI2",0.706
"BRCA2","RMI2",0.717
"CHEK1","RMI2",0.744
"BRCA1","RMI2",0.856
"EXO1","RMI2",0.887
"BLM","RMI2",0.996
"MB","RNASE1",0.93
"ANG","RNASE4",0.988
"LRP5","RNF43",0.881
"LGR6","RNF43",0.781
"CDKN2A","RNF43",0.7
"FZD4","RNF43",0.934
"RNF43","TCF7L2",0.711
"CDH5","ROBO4",0.707
"CLDN5","ROBO4",0.732
"MMRN2","ROBO4",0.736
"ROBO4","SLIT3",0.999
"ROPN1L","SPA17",0.975
"FOS","RORA",0.721
"GATA3","RORA",0.747
"RORA","WNT11",0.908
"ITPR1","RORA",0.914
"PER3","RORA",0.923
"EP300","RORA",0.96
"NRIP1","RORA",0.982
"RPS21","XBP1",0.8
"CDH1","RPS21",0.801
"NHP2","RPS21",0.794
"HABP4","RPS21",0.869
"EIF1","RPS21",0.971
"AURKA","RRM2",0.892
"RAD51AP1","RRM2",0.744
"DLGAP5","RRM2",0.95
"E2F8","RRM2",0.805
"NCAPG","RRM2",0.892
"CCNB1","RRM2",0.905
"KIF23","RRM2",0.763
"KIF11","RRM2",0.947
"NDC80","RRM2",0.745
"MCM4","RRM2",0.899
"GINS1","RRM2",0.819
"MCM2","RRM2",0.849
"ANLN","RRM2",0.785
"RRM2","TP53",0.803
"NUF2","RRM2",0.787
"BUB1B","RRM2",0.922
"CCNB2","RRM2",0.913
"MAD2L1","RRM2",0.883
"MELK","RRM2",0.933
"PCLAF","RRM2",0.907
"RRM2","TPX2",0.943
"BIRC5","RRM2",0.895
"BUB1","RRM2",0.825
"FEN1","RRM2",0.735
"RRM2","SHCBP1",0.834
"RRM2","TYMS",0.939
"CDKN3","RRM2",0.713
"FOXM1","RRM2",0.835
"RRM2","UBE2C",0.931
"NEK2","RRM2",0.724
"KPNA2","RRM2",0.743
"NME7","RRM2",0.757
"KIF2C","RRM2",0.758
"CDCA3","RRM2",0.759
"CCNE2","RRM2",0.777
"EXO1","RRM2",0.788
"HMMR","RRM2",0.807
"RRM2","TTK",0.82
"PTTG1","RRM2",0.821
"CENPF","RRM2",0.822
"PCNA","RRM2",0.828
"RRM2","UHRF1",0.85
"CHEK1","RRM2",0.852
"ASPM","RRM2",0.854
"CDCA8","RRM2",0.861
"PRC1","RRM2",0.868
"CDC45","RRM2",0.87
"DTL","RRM2",0.88
"CDC20","RRM2",0.907
"RRM2","TK1",0.914
"KIF4A","RRM2",0.927
"PBK","RRM2",0.93
"KIF20A","RRM2",0.935
"CCNA2","RRM2",0.939
"RRM2","ZWINT",0.942
"MKI67","RRM2",0.945
"CEP55","RRM2",0.945
"NUSAP1","RRM2",0.951
"RRM2","TOP2A",0.956
"CDK1","RRM2",0.973
"MECOM","RUNX1T1",0.744
"RUNX1T1","ZBTB16",0.903
"MYH11","RUNX1T1",0.814
"CEBPA","RUNX1T1",0.961
"COL1A1","RUNX2",0.955
"NR3C1","RUNX2",0.827
"RUNX2","TWIST1",0.972
"EP300","RUNX2",0.885
"FGF2","RUNX2",0.753
"LEF1","RUNX2",0.838
"RB1","RUNX2",0.97
"RUNX2","TP53",0.808
"ADAMTS5","RUNX2",0.741
"PPARG","RUNX2",0.873
"LRP5","RUNX2",0.83
"FOS","RUNX2",0.987
"MAF","RUNX2",0.855
"COL10A1","RUNX2",0.875
"RUNX2","SMAD4",0.894
"RUNX2","STAT1",0.942
"RUNX2","ZNF521",0.761
"JUN","RUNX2",0.968
"MSX1","RUNX2",0.701
"PTHLH","RUNX2",0.713
"CEBPA","RUNX2",0.767
"FGFR2","RUNX2",0.798
"ERG","RUNX2",0.862
"RUNX2","SPP1",0.901
"ESR1","RUNX2",0.942
"RUNX2","TWIST2",0.948
"BMP2","RUNX2",0.982
"MYH9","S100A4",0.997
"FGF2","S100A4",0.869
"S100A4","TP53",0.996
"EGFR","S100A4",0.858
"S100A4","S100B",0.757
"S100A4","VIM",0.764
"ANXA1","S100A4",0.844
"FGF2","S100B",0.986
"S100B","SLC1A3",0.736
"S100B","TP53",0.995
"ALDH1L1","S100B",0.705
"S100A4","S100B",0.757
"ALCAM","S100B",0.844
"CCR7","S1PR1",0.739
"KLF2","S1PR1",0.856
"CXCR4","S1PR1",0.719
"GNG2","S1PR1",0.842
"GNAI1","S1PR1",0.993
"SAMD4A","TIA1",0.803
"H4C6","SAP30",0.776
"DGAT2","SCD",0.844
"HACD3","SCD",0.922
"GPAM","SCD",0.839
"FADS3","SCD",0.905
"PPARG","SCD",0.746
"HMGCR","SCD",0.747
"LEP","SCD",0.723
"PCK1","SCD",0.739
"MLXIPL","SCD",0.732
"ACACB","SCD",0.754
"PIP","SCGB2A2",0.729
"KCNJ2","SCN4B",0.856
"AKAP9","SCN4B",0.856
"ANK2","SCN4B",0.862
"DCN","SDC1",0.935
"SDC1","XBP1",0.74
"COMP","SDC1",0.911
"COL1A1","SDC1",0.815
"FGF2","SDC1",0.997
"ERBB2","SDC1",0.811
"CXCL8","SDC1",0.825
"BGN","SDC1",0.943
"FGF3","SDC1",0.761
"FN1","SDC1",0.999
"ADAM12","SDC1",0.79
"MMP9","SDC1",0.968
"HSPG2","SDC1",0.966
"CXCL12","SDC1",0.702
"MME","SDC1",0.714
"MYC","SDC1",0.721
"SDC1","TLN2",0.724
"GPC3","SDC1",0.733
"ALK","SDC1",0.792
"BCL6","SDC1",0.82
"MDK","SDC1",0.825
"NCAM1","SDC1",0.842
"PEMT","SELENOI",0.963
"ETNK1","SELENOI",0.805
"PLAAT3","SELENOI",0.902
"PLPP5","SELENOI",0.919
"PLPP3","SELENOI",0.942
"PLPP2","SELENOI",0.949
"MBOAT2","SELENOI",0.949
"PLXNA4","SEMA6A",0.999
"PPARG","SERPINE1",0.732
"IGF1","SERPINE1",0.733
"CXCL8","SERPINE1",0.736
"IGFBP5","SERPINE1",0.737
"FGF2","SERPINE1",0.741
"ADIPOQ","SERPINE1",0.789
"FN1","SERPINE1",0.79
"MMP9","SERPINE1",0.801
"SERPINE1","VWF",0.817
"SERPINE1","SMAD2",0.846
"LEP","SERPINE1",0.851
"SERPINE1","SMAD4",0.873
"MMP3","SERPINE1",0.877
"SERPINE1","VLDLR",0.89
"AGTR1","SERPINE1",0.953
"LRP1","SERPINE1",0.988
"PLAUR","SERPINE1",0.994
"PNPLA2","SERPINF1",0.812
"FN1","SERPINF1",0.846
"LRP5","SERPINF1",0.933
"SETBP1","TET2",0.748
"HSPB6","SFN",0.916
"CCNB1","SFN",0.965
"SFN","TP53",0.999
"EGFR","SFN",0.884
"CCNB2","SFN",0.919
"SFN","SHROOM3",0.905
"PKP3","SFN",0.773
"JUN","SFN",0.934
"CDK1","SFN",0.963
"MDM4","SFN",0.977
"ESR1","SFN",0.984
"FOXO1","SFN",0.984
"FZD4","SFRP1",0.742
"SFRP1","WNT11",0.881
"LRP5","SFRP1",0.91
"SGCB","SGCG",0.961
"SGCB","SSPN",0.939
"DMD","SGCB",0.992
"LAMA2","SGCB",0.703
"PGM5","SGCB",0.72
"LAMA2","SGCG",0.732
"BGN","SGCG",0.898
"SGCB","SGCG",0.961
"DMD","SGCG",0.984
"SGCG","SSPN",0.989
"FOXO1","SGK2",0.932
"CCNB1","SGO2",0.752
"CENPE","SGO2",0.832
"NUF2","SGO2",0.852
"CDCA5","SGO2",0.781
"BUB1B","SGO2",0.865
"MAD2L1","SGO2",0.883
"BUB1","SGO2",0.902
"KNL1","SGO2",0.709
"BUB3","SGO2",0.728
"CDK1","SGO2",0.748
"CDC20","SGO2",0.938
"KIF2C","SGO2",0.939
"CDCA8","SGO2",0.96
"GALC","SGPP2",0.906
"DEGS2","SGPP2",0.94
"PLPP3","SGPP2",0.945
"CERS6","SGPP2",0.948
"SGPP2","UGCG",0.96
"PLPP2","SGPP2",0.964
"HOMER1","SHANK3",0.957
"CNTNAP2","SHANK3",0.789
"RAD51AP1","SHCBP1",0.749
"DLGAP5","SHCBP1",0.74
"NCAPG","SHCBP1",0.83
"KIF23","SHCBP1",0.965
"KIF11","SHCBP1",0.863
"ANLN","SHCBP1",0.743
"NUF2","SHCBP1",0.701
"BUB1B","SHCBP1",0.769
"MAD2L1","SHCBP1",0.712
"MELK","SHCBP1",0.739
"SHCBP1","TPX2",0.701
"BIRC5","SHCBP1",0.853
"BUB1","SHCBP1",0.737
"NUSAP1","SHCBP1",0.714
"KIF20A","SHCBP1",0.722
"KIF4A","SHCBP1",0.738
"KIF14","SHCBP1",0.738
"CENPN","SHCBP1",0.739
"NEK2","SHCBP1",0.741
"MKI67","SHCBP1",0.743
"DEPDC1","SHCBP1",0.78
"CEP55","SHCBP1",0.785
"PRC1","SHCBP1",0.785
"CCNA2","SHCBP1",0.793
"CDCA8","SHCBP1",0.818
"RRM2","SHCBP1",0.834
"PBK","SHCBP1",0.834
"NECTIN3","SHROOM3",0.713
"SFN","SHROOM3",0.905
"EGLN3","SIAH2",0.976
"HIPK2","SIAH2",0.84
"KDM6A","SIX4",0.784
"ACO1","SLC11A2",0.927
"CYBRD1","SLC11A2",0.965
"MARVELD2","SLC12A2",0.737
"S100B","SLC1A3",0.736
"ALDH1L1","SLC1A3",0.781
"SLC22A3","SLC29A4",0.731
"SLC22A3","SLC29A4",0.731
"SLC38A1","SLC7A5",0.775
"CA4","SLC4A4",0.822
"SLC4A7","TOX3",0.775
"COX11","SLC4A7",0.706
"LSP1","SLC4A7",0.743
"SLC7A5","TRIB3",0.744
"SLC38A1","SLC7A5",0.775
"SLC7A5","SLC7A8",0.853
"LLGL2","SLC7A5",0.883
"SLC7A5","SLC7A8",0.853
"EGFR","SLC9A3R1",0.854
"PTH1R","SLC9A3R1",0.889
"PTEN","SLC9A3R1",0.982
"ADRB2","SLC9A3R1",0.997
"EZR","SLC9A3R1",0.999
"NTN1","SLIT3",0.9
"ROBO4","SLIT3",0.999
"SERPINE1","SMAD2",0.846
"NR3C1","SMAD2",0.789
"INHBA","SMAD2",0.738
"ACVR1C","SMAD2",0.982
"CDH1","SMAD2",0.852
"PPARG","SMAD2",0.707
"CDKN2B","SMAD2",0.714
"IGF1","SMAD2",0.716
"SMAD2","SMARCA4",0.717
"EGFR","SMAD2",0.736
"FN1","SMAD2",0.765
"PBX1","SMAD2",0.767
"EPAS1","SMAD2",0.787
"HIPK2","SMAD2",0.795
"ESR1","SMAD2",0.83
"KLF4","SMAD2",0.832
"JUN","SMAD2",0.925
"E2F5","SMAD2",0.942
"FOXO1","SMAD2",0.975
"LEF1","SMAD2",0.978
"MYC","SMAD2",0.982
"EP300","SMAD2",0.987
"SMAD2","TP53",0.993
"SMAD2","TGFBR2",0.998
"SMAD2","SMAD4",0.999
"SERPINE1","SMAD4",0.873
"SMAD4","TWIST1",0.847
"ACVR1C","SMAD4",0.817
"KRAS","SMAD4",0.917
"CDH1","SMAD4",0.804
"SMAD2","SMAD4",0.999
"EP300","SMAD4",0.994
"PIK3CA","SMAD4",0.805
"LEF1","SMAD4",0.999
"SMAD4","TP53",0.875
"ERBB2","SMAD4",0.708
"EGFR","SMAD4",0.735
"CDKN2B","SMAD4",0.812
"SMAD4","TCF7L1",0.925
"BMP6","SMAD4",0.792
"FOS","SMAD4",0.822
"KLF4","SMAD4",0.709
"HRAS","SMAD4",0.714
"MMP9","SMAD4",0.724
"SMAD4","TOB1",0.766
"PBX1","SMAD4",0.772
"ESR1","SMAD4",0.833
"CDKN2A","SMAD4",0.851
"SMAD4","ZNF423",0.858
"NF1","SMAD4",0.873
"FOXO1","SMAD4",0.888
"RUNX2","SMAD4",0.894
"PTEN","SMAD4",0.912
"MYC","SMAD4",0.931
"SMAD4","TCF7L2",0.948
"BMP2","SMAD4",0.954
"E2F5","SMAD4",0.986
"JUN","SMAD4",0.989
"SMAD4","TGFBR2",0.996
"NR3C1","SMARCA4",0.924
"H4C6","SMARCA4",0.99
"SMAD2","SMARCA4",0.717
"EP300","SMARCA4",0.969
"LEF1","SMARCA4",0.758
"RB1","SMARCA4",0.979
"SMARCA4","TP53",0.993
"ATM","SMARCA4",0.786
"SMARCA4","TCF7L1",0.715
"PPARG","SMARCA4",0.966
"SMARCA4","TERT",0.99
"EZH2","SMARCA4",0.909
"SMARCA4","STAT5A",0.702
"FOXM1","SMARCA4",0.75
"PTEN","SMARCA4",0.705
"ALK","SMARCA4",0.736
"KLF4","SMARCA4",0.742
"MRTFA","SMARCA4",0.743
"NF1","SMARCA4",0.751
"PBX1","SMARCA4",0.755
"CDKN2A","SMARCA4",0.811
"H2AC6","SMARCA4",0.848
"KDM6A","SMARCA4",0.848
"SMARCA4","STAT1",0.85
"ESR1","SMARCA4",0.859
"H2BC21","SMARCA4",0.961
"BCL11B","SMARCA4",0.967
"MYC","SMARCA4",0.974
"BRCA1","SMARCA4",0.983
"H4C6","SMC4",0.702
"DLGAP5","SMC4",0.728
"NCAPG","SMC4",0.999
"GINS2","SMC4",0.735
"CCNB1","SMC4",0.857
"KIF23","SMC4",0.801
"KIF11","SMC4",0.927
"NDC80","SMC4",0.867
"MCM4","SMC4",0.736
"CENPE","SMC4",0.899
"ANLN","SMC4",0.806
"NUF2","SMC4",0.773
"ATAD2","SMC4",0.766
"BUB1B","SMC4",0.733
"CCNB2","SMC4",0.864
"MAD2L1","SMC4",0.763
"BIRC5","SMC4",0.732
"BUB1","SMC4",0.788
"KIF15","SMC4",0.86
"EXO1","SMC4",0.709
"SMC4","ZWINT",0.711
"KIF4A","SMC4",0.725
"CCNA2","SMC4",0.76
"HMMR","SMC4",0.762
"ECT2","SMC4",0.775
"KIF14","SMC4",0.785
"PRC1","SMC4",0.79
"CENPF","SMC4",0.8
"ASPM","SMC4",0.809
"KIF20A","SMC4",0.815
"NUSAP1","SMC4",0.891
"SMC4","TOP2A",0.903
"CDK1","SMC4",0.906
"NHP2","SNRPB",0.844
"SNRPB","TERT",0.752
"DHX15","SNRPB",0.983
"CRNKL1","SNRPB",0.995
"BIN1","SNX1",0.725
"EGFR","SNX1",0.839
"CAT","SOD3",0.892
"GPX4","SOD3",0.713
"GPX3","SOD3",0.794
"ITGA1","SORBS1",0.876
"ATXN7","SORBS1",0.893
"SORBS1","TLN2",0.727
"GCH1","SORBS1",0.782
"SORBS1","SPART",0.956
"GCH1","SORBS2",0.782
"NT5E","SORD",0.83
"ABAT","SORD",0.707
"RGN","SORD",0.837
"MRTFA","SORD",0.865
"ADHFE1","SORD",0.874
"H4C6","SOX11",0.811
"H2AC8","SOX11",0.801
"SOX11","SOX5",0.744
"H2BC12","SOX11",0.8
"FOXA1","SOX17",0.788
"LEF1","SOX17",0.953
"SOX17","TCF7L1",0.948
"CXCR4","SOX17",0.729
"MESP1","SOX17",0.802
"SOX17","TCF7L2",0.918
"MYC","SOX4",0.722
"SOX4","TCF7L1",0.727
"SOX4","TCF7L2",0.746
"GATA3","SOX4",0.75
"LEF1","SOX4",0.822
"EZH2","SOX4",0.874
"SOX11","SOX5",0.744
"SOX5","SOX6",0.98
"ETNK1","SOX5",0.861
"KLF1","SOX6",0.754
"SOX5","SOX6",0.98
"ROPN1L","SPA17",0.975
"CFAP298","SPAG1",0.774
"AURKA","SPAG5",0.8
"DLGAP5","SPAG5",0.928
"E2F8","SPAG5",0.735
"NCAPG","SPAG5",0.742
"CCNB1","SPAG5",0.865
"KIF11","SPAG5",0.954
"NDC80","SPAG5",0.887
"CENPE","SPAG5",0.811
"NUF2","SPAG5",0.804
"CDCA5","SPAG5",0.788
"BUB1B","SPAG5",0.951
"CCNB2","SPAG5",0.76
"MAD2L1","SPAG5",0.745
"MELK","SPAG5",0.735
"PCLAF","SPAG5",0.796
"SPAG5","TPX2",0.854
"BIRC5","SPAG5",0.917
"BUB1","SPAG5",0.934
"SPAG5","TYMS",0.736
"HMMR","SPAG5",0.701
"CDC45","SPAG5",0.723
"KIF14","SPAG5",0.724
"SPAG5","TK1",0.727
"PRC1","SPAG5",0.755
"PTTG1","SPAG5",0.84
"NEK2","SPAG5",0.848
"NUSAP1","SPAG5",0.859
"KIF15","SPAG5",0.86
"MKI67","SPAG5",0.869
"CEP55","SPAG5",0.876
"CDCA3","SPAG5",0.877
"PBK","SPAG5",0.879
"SPAG5","UBE2C",0.884
"KIF4A","SPAG5",0.887
"SPAG5","TTK",0.89
"FOXM1","SPAG5",0.9
"CCNA2","SPAG5",0.901
"CENPF","SPAG5",0.905
"CDC20","SPAG5",0.923
"KIF20A","SPAG5",0.925
"KIF2C","SPAG5",0.926
"CDK1","SPAG5",0.927
"CDCA8","SPAG5",0.929
"SPAG5","TOP2A",0.941
"ASPM","SPAG5",0.945
"SORBS1","SPART",0.956
"FOXA1","SPDEF",0.709
"AGR2","SPDEF",0.784
"SPINT1","ST14",0.998
"PRSS8","SPINT1",0.899
"EPCAM","SPINT2",0.88
"SPINT2","ST14",0.851
"MYO5B","SPINT2",0.713
"PRSS8","SPINT2",0.807
"DCN","SPP1",0.768
"COL1A1","SPP1",0.747
"LTF","SPP1",0.772
"SPP1","VWF",0.807
"EGFR","SPP1",0.812
"ITGA1","SPP1",0.747
"MMP3","SPP1",0.997
"CXCL8","SPP1",0.755
"LEP","SPP1",0.764
"CLU","SPP1",0.73
"FN1","SPP1",0.996
"CFH","SPP1",0.703
"RUNX2","SPP1",0.901
"MMP9","SPP1",0.947
"BMP2","SPP1",0.921
"POSTN","SPP1",0.704
"ITGA7","SPP1",0.724
"CXCR4","SPP1",0.753
"PIK3R1","SPP1",0.773
"EGFR","SPRY2",0.846
"PTPN11","SPRY2",0.735
"ANK3","SPTBN1",0.974
"EPB41L2","SPTBN1",0.832
"ANK2","SPTBN1",0.997
"GNG2","SPX",0.806
"PTGIS","SQLE",0.729
"MSMO1","SQLE",0.992
"KYNU","SQLE",0.818
"FDPS","SQLE",0.942
"FAXDC2","SQLE",0.949
"HMGCR","SQLE",0.973
"SRD5A1","SRD5A3",0.996
"HSD11B1","SRD5A1",0.828
"AKR1C1","SRD5A1",0.975
"HSD17B6","SRD5A1",0.976
"AKR1C3","SRD5A1",0.986
"HSD17B6","SRD5A3",0.939
"AKR1C1","SRD5A3",0.951
"AKR1C3","SRD5A3",0.965
"SRD5A1","SRD5A3",0.996
"PNN","SRSF10",0.708
"ERG","SRSF10",0.76
"BCLAF1","SRSF10",0.732
"LHX6","SSBP4",0.798
"SGCG","SSPN",0.989
"PGM5","SSPN",0.747
"SGCB","SSPN",0.939
"DMD","SSPN",0.998
"SPINT2","ST14",0.851
"SPINT1","ST14",0.998
"KIF23","STARD13",0.777
"NR3C1","STAT1",0.701
"EP300","STAT1",0.998
"PIK3CA","STAT1",0.74
"STAT1","TP53",0.781
"ERBB2","STAT1",0.821
"EGFR","STAT1",0.975
"PPARG","STAT1",0.817
"CCR5","STAT1",0.71
"STAT1","TLR3",0.757
"CXCL10","STAT1",0.949
"FOS","STAT1",0.898
"CXCL8","STAT1",0.765
"ISG20","STAT1",0.832
"CXCL11","STAT1",0.755
"EPSTI1","STAT1",0.837
"STAT1","STAT5A",0.969
"IFI6","STAT1",0.934
"SMARCA4","STAT1",0.85
"NCAM1","STAT1",0.709
"PRLR","STAT1",0.725
"MMP9","STAT1",0.727
"BCL6","STAT1",0.732
"PIK3R1","STAT1",0.743
"KPNA2","STAT1",0.76
"GHR","STAT1",0.781
"MYC","STAT1",0.781
"GATA3","STAT1",0.831
"FHL1","STAT1",0.9
"JUN","STAT1",0.91
"ESR1","STAT1",0.915
"RUNX2","STAT1",0.942
"BRCA1","STAT1",0.958
"PTPN11","STAT1",0.961
"IFIH1","STAT1",0.963
"NR3C1","STAT5A",0.798
"EP300","STAT5A",0.946
"LEF1","STAT5A",0.75
"BCL2A1","STAT5A",0.761
"STAT5A","TP53",0.755
"EGFR","STAT5A",0.998
"PPARG","STAT5A",0.833
"LEP","STAT5A",0.722
"EZH2","STAT5A",0.896
"STAT5A","TSLP",0.709
"FOXO1","STAT5A",0.7
"SMARCA4","STAT5A",0.702
"JUN","STAT5A",0.721
"BRCA1","STAT5A",0.734
"MYC","STAT5A",0.759
"ESR1","STAT5A",0.768
"GATA3","STAT5A",0.777
"PTEN","STAT5A",0.783
"FGFR2","STAT5A",0.785
"STAT5A","TET2",0.807
"FHL1","STAT5A",0.9
"GHR","STAT5A",0.926
"PRLR","STAT5A",0.936
"STAT1","STAT5A",0.969
"PTPN11","STAT5A",0.974
"ERBB4","STAT5A",0.995
"PYGL","STBD1",0.728
"GYG2","STBD1",0.845
"GABARAPL1","STBD1",0.989
"C4orf19","STK26",0.827
"AKR1C3","STS",0.952
"STX11","STX6",0.865
"STX11","STX3",0.745
"STX11","STX12",0.845
"STX11","STXBP1",0.921
"STX12","STX6",0.999
"STX12","STX3",0.704
"STX11","STX12",0.845
"STX3","STX6",0.991
"MYO5B","STX3",0.739
"STX12","STX3",0.704
"STX11","STX3",0.745
"STX3","STXBP1",0.995
"STX11","STX6",0.865
"STX3","STX6",0.991
"STX12","STX6",0.999
"STX3","STXBP1",0.995
"STX11","STXBP1",0.921
"PCDH19","STXBP1",0.876
"STXBP1","SYN2",0.797
"LAMA3","SV2B",0.7
"SVEP1","VWF",0.857
"SYN2","TIMP4",0.719
"STXBP1","SYN2",0.797
"SYNM","TLN2",0.907
"RAB27B","SYTL1",0.968
"MYRIP","SYTL1",0.903
"TAB2","TLR3",0.993
"ERBB4","TAB2",0.907
"ESR1","TAB2",0.774
"AURKA","TACC1",0.833
"FGFR3","TACC1",0.807
"GNG2","TACR1",0.8
"ERBB2","TACSTD2",0.732
"CLDN7","TACSTD2",0.966
"IGF1","TACSTD2",0.815
"EP300","TAL1",0.889
"KLF1","TAL1",0.928
"EPB42","TAL1",0.725
"BCL11B","TAL1",0.754
"CEBPA","TAL1",0.821
"MYB","TAL1",0.925
"GATA3","TAL1",0.993
"LDB2","TAL1",0.995
"KLF4","TBX3",0.878
"H4C6","TCF7L1",0.714
"SOX4","TCF7L1",0.727
"EP300","TCF7L1",0.948
"SMARCA4","TCF7L1",0.715
"MYC","TCF7L1",0.785
"SMAD4","TCF7L1",0.925
"SOX17","TCF7L1",0.948
"TCF7L1","TERT",0.957
"TCF7L1","TCF7L2",0.962
"SOX4","TCF7L2",0.746
"EP300","TCF7L2",0.975
"LEF1","TCF7L2",0.791
"TCF7L1","TCF7L2",0.962
"SOX17","TCF7L2",0.918
"TCF7L2","TERT",0.919
"SMAD4","TCF7L2",0.948
"FTO","TCF7L2",0.768
"CDKN2A","TCF7L2",0.778
"RNF43","TCF7L2",0.711
"MYC","TCF7L2",0.882
"KYNU","TDO2",0.998
"KMO","TDO2",0.9
"QPRT","TDO2",0.742
"PER3","TEF",0.822
"TERT","TP53",0.902
"NHP2","TERT",0.999
"ATM","TERT",0.825
"TCF7L1","TERT",0.957
"H2AC8","TERT",0.805
"SNRPB","TERT",0.752
"CDKN2A","TERT",0.817
"PTEN","TERT",0.822
"H2BC12","TERT",0.826
"TCF7L2","TERT",0.919
"MYC","TERT",0.92
"SMARCA4","TERT",0.99
"PPARG","TET1",0.842
"EZH2","TET1",0.764
"TET1","TET2",0.86
"TET2","TP53",0.755
"CD34","TET2",0.71
"EZH2","TET2",0.875
"EBF1","TET2",0.976
"IDH2","TET2",0.871
"STAT5A","TET2",0.807
"TET1","TET2",0.86
"KLF4","TET2",0.795
"CEBPA","TET2",0.718
"SETBP1","TET2",0.748
"APOB","TF",0.797
"FOXA1","TFAP2A",0.716
"EP300","TFAP2A",0.856
"TFAP2A","TP53",0.913
"JUN","TFAP2A",0.758
"KLF12","TFAP2A",0.781
"TFAP2A","TFAP2B",0.968
"KCTD15","TFAP2A",0.863
"ESR1","TFAP2A",0.879
"MYC","TFAP2A",0.938
"KCTD15","TFAP2B",0.836
"TFAP2A","TFAP2B",0.968
"E2F3","TFE3",0.881
"FOXA1","TFF3",0.714
"CXCR4","TFF3",0.751
"AGR2","TFF3",0.799
"TGFBR2","TGFBR3",0.986
"GDF15","TGFBR2",0.96
"SMAD2","TGFBR2",0.998
"PPP2R1B","TGFBR2",0.914
"FBN1","TGFBR2",0.916
"SMAD4","TGFBR2",0.996
"FN1","TGFBR2",0.722
"BAMBI","TGFBR2",0.71
"PIK3R1","TGFBR2",0.772
"ADAM12","TGFBR2",0.853
"ALK","TGFBR2",0.947
"CLEC7A","TGFBR3",0.781
"BMP2","TGFBR3",0.825
"TGFBR2","TGFBR3",0.986
"EP300","THRB",0.731
"PIK3CA","THRB",0.908
"THRB","TP53",0.705
"DIO2","THRB",0.779
"PIK3R1","THRB",0.966
"NCOA1","THRB",0.985
"PLIN1","THRSP",0.728
"NCAM1","TIA1",0.727
"SAMD4A","TIA1",0.803
"EGFR","TIMP4",0.7
"SYN2","TIMP4",0.719
"MMP3","TIMP4",0.882
"MMP9","TIMP4",0.899
"CGN","TJP3",0.997
"MARVELD3","TJP3",0.718
"MARVELD2","TJP3",0.995
"OCLN","TJP3",0.998
"CLDN7","TJP3",0.99
"CLDN3","TJP3",0.988
"CLDN5","TJP3",0.945
"CLDN4","TJP3",0.932
"PATJ","TJP3",0.996
"TK1","TRIP13",0.722
"DLGAP5","TK1",0.811
"E2F8","TK1",0.714
"CCNB1","TK1",0.879
"KIF11","TK1",0.761
"CCNB2","TK1",0.88
"MAD2L1","TK1",0.714
"MELK","TK1",0.792
"TK1","TK2",0.961
"PCLAF","TK1",0.82
"TK1","TPX2",0.792
"BIRC5","TK1",0.92
"BUB1","TK1",0.707
"TK1","TYMS",0.991
"SPAG5","TK1",0.727
"FOXM1","TK1",0.811
"TK1","UBE2C",0.873
"RRM2","TK1",0.914
"CENPF","TK1",0.782
"ASPM","TK1",0.763
"CEP55","TK1",0.802
"CDC20","TK1",0.883
"CDCA8","TK1",0.704
"TK1","ZWINT",0.898
"KIF4A","TK1",0.718
"PTTG1","TK1",0.788
"KIF20A","TK1",0.791
"CDK1","TK1",0.84
"CDC45","TK1",0.836
"TK1","TOP2A",0.806
"KPNA2","TK1",0.707
"CTPS1","TK1",0.7
"TK1","UBE2T",0.705
"NUSAP1","TK1",0.747
"CCNA2","TK1",0.78
"NT5E","TK2",0.92
"TK1","TK2",0.961
"TK2","TYMS",0.994
"DLC1","TLN2",0.821
"ITGA1","TLN2",0.74
"PARVA","TLN2",0.941
"SYNM","TLN2",0.907
"EZR","TLN2",0.796
"FERMT2","TLN2",0.718
"FN1","TLN2",0.984
"DMD","TLN2",0.841
"SORBS1","TLN2",0.727
"GSN","TLN2",0.936
"SDC1","TLN2",0.724
"CDK1","TLN2",0.743
"ITGA7","TLN2",0.835
"KANK1","TLN2",0.977
"EGFR","TLR3",0.729
"CXCL8","TLR3",0.718
"STAT1","TLR3",0.757
"CXCL10","TLR3",0.78
"IFIH1","TLR3",0.975
"TAB2","TLR3",0.993
"HSPA5","TMEM132A",0.723
"ATP8B4","TMEM30B",0.955
"LMNB1","TMPO",0.981
"EBF1","TMTC1",0.852
"GNAL","TMTC1",0.873
"EBF2","TMTC1",0.847
"FGF3","TNFRSF12A",0.713
"DCN","TNMD",0.79
"COL1A1","TNMD",0.774
"DMD","TNNT3",0.745
"HNRNPD","TNPO1",0.968
"KPNA2","TNPO1",0.779
"RAN","TNPO1",0.995
"DLC1","TNS1",0.746
"FN1","TNS1",0.756
"DLC1","TNS2",0.992
"EGFR","TNS3",0.915
"ERBB2","TOB1",0.854
"SMAD4","TOB1",0.766
"TOP2A","TRIP13",0.823
"AURKA","TOP2A",0.963
"RAD51AP1","TOP2A",0.822
"H4C6","TOP2A",0.734
"DLGAP5","TOP2A",0.978
"E2F8","TOP2A",0.808
"NCAPG","TOP2A",0.967
"GINS2","TOP2A",0.711
"CCNB1","TOP2A",0.989
"KIF23","TOP2A",0.927
"KIF11","TOP2A",0.975
"NDC80","TOP2A",0.876
"MCM4","TOP2A",0.814
"CENPE","TOP2A",0.926
"ANLN","TOP2A",0.861
"TOP2A","TP53",0.843
"NUF2","TOP2A",0.936
"CDCA5","TOP2A",0.917
"ATAD2","TOP2A",0.837
"BUB1B","TOP2A",0.98
"CCNB2","TOP2A",0.975
"MAD2L1","TOP2A",0.89
"MELK","TOP2A",0.955
"PCLAF","TOP2A",0.92
"TOP2A","TPX2",0.942
"BIRC5","TOP2A",0.976
"BUB1","TOP2A",0.982
"FEN1","TOP2A",0.785
"FANCI","TOP2A",0.715
"TOP2A","TYMS",0.96
"SPAG5","TOP2A",0.941
"KIF15","TOP2A",0.955
"CDKN3","TOP2A",0.863
"KNL1","TOP2A",0.711
"SMC4","TOP2A",0.903
"FOXM1","TOP2A",0.927
"BLM","TOP2A",0.771
"TOP2A","UBE2C",0.973
"RRM2","TOP2A",0.956
"EXO1","TOP2A",0.797
"CENPF","TOP2A",0.974
"DTL","TOP2A",0.822
"NEK2","TOP2A",0.928
"KIF14","TOP2A",0.927
"ASPM","TOP2A",0.996
"MKI67","TOP2A",0.993
"TOP2A","TTK",0.958
"CEP55","TOP2A",0.928
"KIF2C","TOP2A",0.937
"CDC20","TOP2A",0.98
"CDCA8","TOP2A",0.92
"TOP2A","ZWINT",0.875
"KIF4A","TOP2A",0.915
"CKS2","TOP2A",0.708
"PCNA","TOP2A",0.789
"ECT2","TOP2A",0.845
"HMMR","TOP2A",0.902
"PTTG1","TOP2A",0.942
"HELLS","TOP2A",0.739
"PRC1","TOP2A",0.932
"KIF20A","TOP2A",0.974
"CDK1","TOP2A",0.997
"CHEK1","TOP2A",0.889
"CDC45","TOP2A",0.917
"GTSE1","TOP2A",0.714
"DEPDC1","TOP2A",0.733
"KPNA2","TOP2A",0.742
"TK1","TOP2A",0.806
"BRCA1","TOP2A",0.836
"TOP2A","UHRF1",0.855
"CDCA3","TOP2A",0.876
"PBK","TOP2A",0.958
"CCNA2","TOP2A",0.982
"NUSAP1","TOP2A",0.999
"COX11","TOX3",0.75
"BRCA1","TOX3",0.765
"RAD51B","TOX3",0.77
"SLC4A7","TOX3",0.775
"BRCA2","TOX3",0.797
"FGFR2","TOX3",0.826
"MAP3K1","TOX3",0.838
"LSP1","TOX3",0.892
"MAPK13","TP53",0.943
"MIF","TP53",0.731
"AURKA","TP53",0.998
"NR3C1","TP53",0.936
"TP53","TWIST1",0.967
"H4C6","TP53",0.947
"E2F8","TP53",0.765
"FOXA1","TP53",0.735
"PXDN","TP53",0.821
"GDF15","TP53",0.762
"KRAS","TP53",0.949
"CCNB1","TP53",0.914
"BARD1","TP53",0.982
"PALB2","TP53",0.738
"HERC2","TP53",0.816
"CDH1","TP53",0.853
"MCM4","TP53",0.722
"SMAD2","TP53",0.993
"CDKN2C","TP53",0.957
"ELL","TP53",0.822
"E2F3","TP53",0.707
"EP300","TP53",0.999
"EPAS1","TP53",0.736
"PIK3CA","TP53",0.941
"FGF2","TP53",0.754
"RB1","TP53",0.936
"CD34","TP53",0.7
"CDKN1C","TP53",0.701
"IRS1","TP53",0.702
"TP53","ZBTB16",0.703
"THRB","TP53",0.705
"EXO1","TP53",0.708
"KDM6A","TP53",0.71
"TP53","VIM",0.712
"FGFR3","TP53",0.718
"BUB3","TP53",0.718
"IGF1","TP53",0.72
"GATA3","TP53",0.724
"ERBB4","TP53",0.726
"DTL","TP53",0.727
"ANK2","TP53",0.727
"GPX4","TP53",0.73
"DMD","TP53",0.73
"MAF","TP53",0.731
"HSPB2","TP53",0.733
"FBXO11","TP53",0.736
"BUB1B","TP53",0.745
"MAGED2","TP53",0.75
"ANK3","TP53",0.753
"STAT5A","TP53",0.755
"TET2","TP53",0.755
"ANXA1","TP53",0.762
"KRT8","TP53",0.763
"NSD2","TP53",0.769
"FUBP1","TP53",0.769
"MYB","TP53",0.77
"ALK","TP53",0.772
"TP53","TYMS",0.774
"CDK12","TP53",0.775
"PTTG1","TP53",0.775
"STAT1","TP53",0.781
"IDH2","TP53",0.783
"KRT7","TP53",0.787
"FOXM1","TP53",0.79
"RGCC","TP53",0.794
"CRYAB","TP53",0.798
"PRIMA1","TP53",0.798
"RRM2","TP53",0.803
"CXCL8","TP53",0.804
"RUNX2","TP53",0.808
"HSPA5","TP53",0.824
"NCOA1","TP53",0.826
"CCT2","TP53",0.826
"REL","TP53",0.831
"MMP9","TP53",0.838
"TOP2A","TP53",0.843
"PIK3R1","TP53",0.853
"TP53","TXNIP",0.855
"PLAGL1","TP53",0.856
"CDKN3","TP53",0.858
"CDKN2B","TP53",0.86
"H2AC8","TP53",0.86
"MAP3K1","TP53",0.866
"PBK","TP53",0.873
"SMAD4","TP53",0.875
"H2BC12","TP53",0.876
"NF1","TP53",0.88
"FOXO1","TP53",0.886
"CCNE2","TP53",0.89
"EZH2","TP53",0.899
"TERT","TP53",0.902
"TP53","TPX2",0.903
"PCNA","TP53",0.913
"TFAP2A","TP53",0.913
"HRAS","TP53",0.925
"KLF4","TP53",0.925
"CEBPA","TP53",0.93
"BIRC5","TP53",0.93
"BLM","TP53",0.932
"GTSE1","TP53",0.933
"AIFM2","TP53",0.934
"ERBB2","TP53",0.935
"EGFR","TP53",0.943
"PPARG","TP53",0.949
"FOS","TP53",0.952
"BCL6","TP53",0.957
"CDK1","TP53",0.962
"MUC1","TP53",0.966
"ESR1","TP53",0.992
"SMARCA4","TP53",0.993
"BRCA2","TP53",0.995
"S100B","TP53",0.995
"S100A4","TP53",0.996
"ATR","TP53",0.996
"JUN","TP53",0.997
"CHEK1","TP53",0.997
"MYC","TP53",0.997
"CCNA2","TP53",0.997
"NDN","TP53",0.998
"SFN","TP53",0.999
"ATM","TP53",0.999
"MDM4","TP53",0.999
"CHEK2","TP53",0.999
"BRCA1","TP53",0.999
"CDKN2A","TP53",0.999
"PTEN","TP53",0.999
"HIPK2","TP53",0.999
"MAL2","TPD52",0.948
"TPX2","TRIP13",0.879
"AURKA","TPX2",0.999
"OIP5","TPX2",0.728
"DLGAP5","TPX2",0.978
"NCAPG","TPX2",0.949
"CCNB1","TPX2",0.949
"KIF23","TPX2",0.906
"KIF11","TPX2",0.965
"NDC80","TPX2",0.788
"MCM4","TPX2",0.723
"CENPE","TPX2",0.894
"ANLN","TPX2",0.923
"TP53","TPX2",0.903
"NUF2","TPX2",0.947
"CDCA5","TPX2",0.883
"ATAD2","TPX2",0.755
"BUB1B","TPX2",0.936
"CCNB2","TPX2",0.953
"MAD2L1","TPX2",0.863
"MELK","TPX2",0.958
"PCLAF","TPX2",0.724
"SHCBP1","TPX2",0.701
"FEN1","TPX2",0.709
"FANCI","TPX2",0.724
"ECT2","TPX2",0.75
"CDC45","TPX2",0.766
"CENPN","TPX2",0.766
"TK1","TPX2",0.792
"TPX2","UBE2T",0.799
"EXO1","TPX2",0.807
"CDKN3","TPX2",0.818
"SPAG5","TPX2",0.854
"FAM83D","TPX2",0.864
"KPNA2","TPX2",0.867
"CDCA3","TPX2",0.881
"KIF14","TPX2",0.903
"DEPDC1","TPX2",0.903
"TPX2","ZWINT",0.913
"CDCA8","TPX2",0.919
"PTTG1","TPX2",0.921
"BRCA1","TPX2",0.922
"FOXM1","TPX2",0.932
"TPX2","TTK",0.935
"TOP2A","TPX2",0.942
"NEK2","TPX2",0.942
"RRM2","TPX2",0.943
"CEP55","TPX2",0.944
"PBK","TPX2",0.945
"KIF15","TPX2",0.948
"ASPM","TPX2",0.949
"BIRC5","TPX2",0.952
"CDK1","TPX2",0.952
"CENPF","TPX2",0.954
"MKI67","TPX2",0.954
"CCNA2","TPX2",0.954
"BUB1","TPX2",0.958
"CDC20","TPX2",0.961
"NUSAP1","TPX2",0.964
"KIF4A","TPX2",0.965
"TPX2","UBE2C",0.965
"KIF20A","TPX2",0.972
"HMMR","TPX2",0.979
"PRC1","TPX2",0.999
"KIF2C","TPX2",0.999
"KIF11","TRAF4",0.701
"CLEC7A","TREM2",0.749
"P2RY12","TREM2",0.874
"CLU","TREM2",0.985
"CD300LF","TREM2",0.712
"TRIB3","XBP1",0.72
"SLC7A5","TRIB3",0.744
"HSPA5","TRIB3",0.706
"NCAPG","TRIP13",0.711
"BIRC5","TRIP13",0.716
"TK1","TRIP13",0.722
"BUB1","TRIP13",0.725
"TRIP13","ZWINT",0.727
"ASPM","TRIP13",0.729
"CDCA8","TRIP13",0.736
"BUB3","TRIP13",0.741
"MCM4","TRIP13",0.741
"CCNB2","TRIP13",0.741
"NUSAP1","TRIP13",0.744
"KIF14","TRIP13",0.744
"CENPF","TRIP13",0.746
"ANLN","TRIP13",0.748
"TRIP13","TTK",0.759
"KIF4A","TRIP13",0.76
"NEK2","TRIP13",0.761
"HMMR","TRIP13",0.763
"AURKA","TRIP13",0.771
"CDCA3","TRIP13",0.774
"CCNA2","TRIP13",0.778
"KIF23","TRIP13",0.779
"CDC45","TRIP13",0.783
"DLGAP5","TRIP13",0.789
"KIF11","TRIP13",0.789
"CCNB1","TRIP13",0.797
"FOXM1","TRIP13",0.8
"KIF2C","TRIP13",0.811
"CEP55","TRIP13",0.815
"NUF2","TRIP13",0.816
"PRC1","TRIP13",0.82
"TOP2A","TRIP13",0.823
"TRIP13","UBE2C",0.828
"PBK","TRIP13",0.84
"CDK1","TRIP13",0.845
"EXO1","TRIP13",0.861
"CDCA5","TRIP13",0.876
"TPX2","TRIP13",0.879
"MELK","TRIP13",0.906
"KIF20A","TRIP13",0.913
"BUB1B","TRIP13",0.928
"MAD2L1","TRIP13",0.994
"CDC20","TRIP13",0.996
"EGFR","TSLP",0.726
"CXCL8","TSLP",0.711
"STAT5A","TSLP",0.709
"GDF15","TSPAN4",0.885
"GALE","TSTA3",0.791
"TRIP13","TTK",0.759
"AURKA","TTK",0.779
"OIP5","TTK",0.777
"RAD51AP1","TTK",0.838
"MND1","TTK",0.728
"DLGAP5","TTK",0.977
"E2F8","TTK",0.786
"NCAPG","TTK",0.973
"CCNB1","TTK",0.936
"KIF23","TTK",0.833
"KIF11","TTK",0.984
"NDC80","TTK",0.992
"MCM4","TTK",0.709
"CENPE","TTK",0.968
"ANLN","TTK",0.704
"NUF2","TTK",0.989
"CDCA5","TTK",0.734
"BUB1B","TTK",0.991
"FANCD2","TTK",0.7
"CCNB2","TTK",0.96
"MAD2L1","TTK",0.995
"MELK","TTK",0.931
"PCLAF","TTK",0.81
"TPX2","TTK",0.935
"BIRC5","TTK",0.936
"BUB1","TTK",0.999
"TTK","ZWILCH",0.807
"SPAG5","TTK",0.89
"KIF15","TTK",0.961
"CDKN3","TTK",0.849
"KNL1","TTK",0.774
"FOXM1","TTK",0.766
"TTK","UBE2C",0.911
"RRM2","TTK",0.82
"EXO1","TTK",0.896
"CENPF","TTK",0.967
"DTL","TTK",0.787
"NEK2","TTK",0.845
"KIF14","TTK",0.904
"ASPM","TTK",0.957
"MKI67","TTK",0.865
"BUB3","TTK",0.913
"CENPN","TTK",0.7
"TTK","ZWINT",0.766
"CDC45","TTK",0.787
"PTTG1","TTK",0.835
"CDCA3","TTK",0.858
"ECT2","TTK",0.864
"PRC1","TTK",0.87
"HMMR","TTK",0.881
"CDK1","TTK",0.905
"KIF4A","TTK",0.921
"KIF20A","TTK",0.923
"NUSAP1","TTK",0.926
"DEPDC1","TTK",0.931
"CCNA2","TTK",0.939
"CEP55","TTK",0.945
"CDCA8","TTK",0.946
"KIF2C","TTK",0.955
"TOP2A","TTK",0.958
"PBK","TTK",0.969
"CDC20","TTK",0.99
"LEF1","TWIST1",0.703
"PTEN","TWIST1",0.762
"EZH2","TWIST1",0.773
"ESR1","TWIST1",0.811
"TWIST1","ZEB2",0.83
"SMAD4","TWIST1",0.847
"CDH1","TWIST1",0.849
"MYC","TWIST1",0.852
"TWIST1","VIM",0.857
"FGFR2","TWIST1",0.88
"FGFR3","TWIST1",0.882
"EP300","TWIST1",0.886
"TWIST1","TWIST2",0.939
"TP53","TWIST1",0.967
"RUNX2","TWIST1",0.972
"TWIST1","TWIST2",0.939
"RUNX2","TWIST2",0.948
"TWIST2","ZEB2",0.748
"TP53","TXNIP",0.855
"PTPN11","TXNIP",0.972
"AURKA","TYMS",0.729
"GINS2","TYMS",0.743
"CCNB1","TYMS",0.841
"NT5E","TYMS",0.927
"KIF11","TYMS",0.726
"NDC80","TYMS",0.703
"MCM4","TYMS",0.938
"MCM2","TYMS",0.813
"ANLN","TYMS",0.729
"TP53","TYMS",0.774
"NUF2","TYMS",0.753
"CDCA5","TYMS",0.73
"BUB1B","TYMS",0.72
"CCNB2","TYMS",0.868
"MAD2L1","TYMS",0.9
"MELK","TYMS",0.737
"TK2","TYMS",0.994
"PCLAF","TYMS",0.859
"BIRC5","TYMS",0.862
"BUB1","TYMS",0.846
"FEN1","TYMS",0.794
"EXO1","TYMS",0.701
"PTTG1","TYMS",0.703
"DTL","TYMS",0.713
"SPAG5","TYMS",0.736
"CTPS1","TYMS",0.738
"CDC20","TYMS",0.757
"ASPM","TYMS",0.76
"CEP55","TYMS",0.767
"TYMS","ZWINT",0.845
"CDK1","TYMS",0.846
"TYMS","UBE2C",0.858
"CHEK1","TYMS",0.863
"CCNA2","TYMS",0.865
"CDC45","TYMS",0.884
"PBK","TYMS",0.885
"NUSAP1","TYMS",0.905
"PCNA","TYMS",0.913
"RRM2","TYMS",0.939
"TOP2A","TYMS",0.96
"TK1","TYMS",0.991
"MTHFD2","TYMS",0.994
"CD209","TYRO3",0.721
"TRIP13","UBE2C",0.828
"CBX7","UBE2C",0.728
"AURKA","UBE2C",0.986
"DLGAP5","UBE2C",0.968
"NCAPG","UBE2C",0.86
"CCNB1","UBE2C",0.99
"KIF23","UBE2C",0.834
"KIF11","UBE2C",0.916
"BARD1","UBE2C",0.936
"NDC80","UBE2C",0.87
"GINS1","UBE2C",0.701
"UBE2C","UBE2S",0.985
"CENPE","UBE2C",0.803
"ANLN","UBE2C",0.773
"CBX8","UBE2C",0.904
"NUF2","UBE2C",0.887
"CDCA5","UBE2C",0.835
"BUB1B","UBE2C",0.991
"CCNB2","UBE2C",0.968
"MAD2L1","UBE2C",0.929
"MELK","UBE2C",0.948
"PCLAF","UBE2C",0.938
"TPX2","UBE2C",0.965
"BIRC5","UBE2C",0.992
"BUB1","UBE2C",0.954
"CBX2","UBE2C",0.921
"TYMS","UBE2C",0.858
"SPAG5","UBE2C",0.884
"KIF15","UBE2C",0.844
"CDKN3","UBE2C",0.847
"FOXM1","UBE2C",0.894
"GTSE1","UBE2C",0.71
"BUB3","UBE2C",0.781
"UBE2C","UBE2T",0.794
"BRCA2","UBE2C",0.802
"KPNA2","UBE2C",0.806
"PRC1","UBE2C",0.827
"CDC45","UBE2C",0.836
"TK1","UBE2C",0.873
"CKS2","UBE2C",0.874
"UBE2C","ZWINT",0.878
"HMMR","UBE2C",0.896
"BCOR","UBE2C",0.904
"KIF4A","UBE2C",0.905
"TTK","UBE2C",0.911
"MKI67","UBE2C",0.916
"NEK2","UBE2C",0.923
"RRM2","UBE2C",0.931
"CEP55","UBE2C",0.938
"CENPF","UBE2C",0.94
"ASPM","UBE2C",0.943
"PBK","UBE2C",0.946
"BRCA1","UBE2C",0.951
"KIF2C","UBE2C",0.954
"KIF20A","UBE2C",0.961
"CDCA3","UBE2C",0.962
"NUSAP1","UBE2C",0.964
"CDCA8","UBE2C",0.966
"TOP2A","UBE2C",0.973
"PTTG1","UBE2C",0.98
"CDK1","UBE2C",0.982
"CCNA2","UBE2C",0.994
"CDC20","UBE2C",0.999
"CBX7","UBE2S",0.728
"AURKA","UBE2S",0.704
"CCNB1","UBE2S",0.767
"BARD1","UBE2S",0.961
"NEK2","UBE2S",0.703
"BUB3","UBE2S",0.718
"CDK1","UBE2S",0.743
"BRCA2","UBE2S",0.779
"CCNA2","UBE2S",0.832
"PTTG1","UBE2S",0.844
"BUB1B","UBE2S",0.896
"BCOR","UBE2S",0.904
"CBX2","UBE2S",0.909
"CBX8","UBE2S",0.912
"BRCA1","UBE2S",0.963
"UBE2C","UBE2S",0.985
"CDC20","UBE2S",0.999
"OIP5","UBE2T",0.821
"CCNB1","UBE2T",0.851
"BRIP1","UBE2T",0.742
"NUF2","UBE2T",0.901
"CDCA5","UBE2T",0.823
"FANCD2","UBE2T",0.999
"MAD2L1","UBE2T",0.838
"MELK","UBE2T",0.706
"PCLAF","UBE2T",0.785
"TPX2","UBE2T",0.799
"BIRC5","UBE2T",0.72
"BUB1","UBE2T",0.73
"FANCI","UBE2T",0.997
"CDKN3","UBE2T",0.796
"RAD51C","UBE2T",0.8
"UBE2C","UBE2T",0.794
"CENPF","UBE2T",0.853
"DTL","UBE2T",0.812
"ASPM","UBE2T",0.827
"CEP55","UBE2T",0.768
"UBE2T","ZWINT",0.73
"PTTG1","UBE2T",0.854
"CDK1","UBE2T",0.844
"CHEK1","UBE2T",0.712
"CDC45","UBE2T",0.751
"BRCA1","UBE2T",0.849
"PBK","UBE2T",0.805
"TK1","UBE2T",0.705
"UBE2T","UHRF1",0.709
"GALC","UGCG",0.95
"DEGS2","UGCG",0.961
"SGPP2","UGCG",0.96
"PLPP2","UGCG",0.924
"PLPP3","UGCG",0.923
"CERS6","UGCG",0.972
"H4C6","UHRF1",0.735
"KIF11","UHRF1",0.708
"NUF2","UHRF1",0.741
"CDCA5","UHRF1",0.762
"FANCD2","UHRF1",0.766
"PCLAF","UHRF1",0.854
"BIRC5","UHRF1",0.707
"EZH2","UHRF1",0.81
"FOXM1","UHRF1",0.713
"RRM2","UHRF1",0.85
"DTL","UHRF1",0.786
"MKI67","UHRF1",0.724
"H2BC21","UHRF1",0.73
"CEP55","UHRF1",0.76
"CDCA8","UHRF1",0.743
"UHRF1","ZWINT",0.702
"HELLS","UHRF1",0.756
"KIF20A","UHRF1",0.764
"TOP2A","UHRF1",0.855
"BRCA1","UHRF1",0.806
"PBK","UHRF1",0.758
"UBE2T","UHRF1",0.709
"CCNA2","UHRF1",0.742
"MMRN2","USHBP1",0.754
"PIK3CA","VAV3",0.92
"EGFR","VAV3",0.805
"PIK3R1","VAV3",0.933
"PTPN11","VAV3",0.948
"COL1A1","VIM",0.778
"TWIST1","VIM",0.857
"CDH1","VIM",0.892
"TP53","VIM",0.712
"FN1","VIM",0.809
"S100A4","VIM",0.764
"MMP9","VIM",0.709
"VIM","ZEB2",0.899
"CETP","VLDLR",0.895
"SERPINE1","VLDLR",0.89
"APOB","VLDLR",0.873
"CLU","VLDLR",0.938
"APOC1","VLDLR",0.806
"LPL","VLDLR",0.911
"SERPINE1","VWF",0.817
"COL1A1","VWF",0.877
"LYVE1","VWF",0.724
"ITGA1","VWF",0.706
"ITGA7","VWF",0.711
"ANGPT1","VWF",0.755
"PPBP","VWF",0.773
"ANTXR2","VWF",0.802
"CD36","VWF",0.803
"MMP9","VWF",0.805
"SPP1","VWF",0.807
"CD34","VWF",0.849
"SVEP1","VWF",0.857
"CDH5","VWF",0.881
"CLDN5","VWF",0.92
"CXCL8","VWF",0.962
"F10","VWF",0.978
"FN1","VWF",0.998
"HSPA5","WASF3",0.834
"NHP2","WDR43",0.758
"DHX15","WDR43",0.899
"MYH9","WHRN",0.727
"GSN","WHRN",0.857
"ESPN","WHRN",0.958
"SFRP1","WNT11",0.881
"RORA","WNT11",0.908
"LRP5","WNT11",0.946
"GPC3","WNT11",0.92
"FZD4","WNT11",0.995
"TRIB3","XBP1",0.72
"BCL6","XBP1",0.727
"SDC1","XBP1",0.74
"ESR1","XBP1",0.76
"RPS21","XBP1",0.8
"PIK3R1","XBP1",0.802
"FOXO1","XBP1",0.89
"HSPA5","XBP1",0.98
"EP300","ZBTB16",0.844
"TP53","ZBTB16",0.703
"EZH2","ZBTB16",0.852
"GATA3","ZBTB16",0.742
"RUNX1T1","ZBTB16",0.903
"TWIST1","ZEB2",0.83
"CDH1","ZEB2",0.954
"VIM","ZEB2",0.899
"TWIST2","ZEB2",0.748
"PIK3R1","ZFPM2",0.961
"H4C6","ZMYND8",0.832
"FEZ1","ZNF365",0.75
"PPARG","ZNF423",0.711
"EBF1","ZNF423",0.978
"SMAD4","ZNF423",0.858
"EBF3","ZNF423",0.708
"EBF2","ZNF423",0.891
"EBF1","ZNF521",0.812
"RUNX2","ZNF521",0.761
"CCNB1","ZWILCH",0.702
"KIF11","ZWILCH",0.857
"NDC80","ZWILCH",0.846
"CENPE","ZWILCH",0.87
"NUF2","ZWILCH",0.765
"BUB1B","ZWILCH",0.953
"MAD2L1","ZWILCH",0.852
"BUB1","ZWILCH",0.879
"CCNA2","ZWILCH",0.711
"KNL1","ZWILCH",0.759
"CENPF","ZWILCH",0.77
"CENPN","ZWILCH",0.776
"CDCA8","ZWILCH",0.779
"CDK1","ZWILCH",0.781
"CENPK","ZWILCH",0.791
"TTK","ZWILCH",0.807
"BUB3","ZWILCH",0.89
"CDC20","ZWILCH",0.895
"ZWILCH","ZWINT",0.939
"TRIP13","ZWINT",0.727
"AURKA","ZWINT",0.787
"OIP5","ZWINT",0.814
"RAD51AP1","ZWINT",0.861
"DLGAP5","ZWINT",0.92
"E2F8","ZWINT",0.766
"NCAPG","ZWINT",0.852
"CCNB1","ZWINT",0.95
"KIF23","ZWINT",0.868
"KIF11","ZWINT",0.928
"LMNB1","ZWINT",0.848
"NDC80","ZWINT",0.991
"GINS1","ZWINT",0.849
"CENPE","ZWINT",0.878
"NUF2","ZWINT",0.991
"CDCA5","ZWINT",0.908
"CENPU","ZWINT",0.829
"BUB1B","ZWINT",0.996
"CCNB2","ZWINT",0.92
"MAD2L1","ZWINT",0.899
"MELK","ZWINT",0.903
"PCLAF","ZWINT",0.913
"TPX2","ZWINT",0.913
"BIRC5","ZWINT",0.917
"BUB1","ZWINT",0.991
"ZWILCH","ZWINT",0.939
"TYMS","ZWINT",0.845
"KIF15","ZWINT",0.793
"KNL1","ZWINT",0.999
"SMC4","ZWINT",0.711
"UBE2C","ZWINT",0.878
"RRM2","ZWINT",0.942
"EXO1","ZWINT",0.724
"CENPF","ZWINT",0.953
"DTL","ZWINT",0.819
"NEK2","ZWINT",0.785
"ASPM","ZWINT",0.818
"MKI67","ZWINT",0.894
"BUB3","ZWINT",0.897
"TTK","ZWINT",0.766
"CEP55","ZWINT",0.867
"KIF2C","ZWINT",0.827
"CDC20","ZWINT",0.968
"CDCA8","ZWINT",0.78
"UHRF1","ZWINT",0.702
"CHEK1","ZWINT",0.722
"PTTG1","ZWINT",0.725
"UBE2T","ZWINT",0.73
"PBK","ZWINT",0.821
"PRC1","ZWINT",0.825
"CDC45","ZWINT",0.842
"KIF4A","ZWINT",0.848
"TOP2A","ZWINT",0.875
"KIF20A","ZWINT",0.887
"HMMR","ZWINT",0.891
"TK1","ZWINT",0.898
"CCNA2","ZWINT",0.901
"NUSAP1","ZWINT",0.902
"CDK1","ZWINT",0.95
