"source","target","weight"
"A2M","TIMP1",0.736
"A2M","TGFB1",0.91
"A2M","SERPINE1",0.804
"A2M","LTF",0.724
"A2M","APOE",0.975
"A2M","SERPINF1",0.88
"A2M","CP",0.889
"A2M","SERPING1",0.905
"A2M","CLU",0.896
"A2M","PLAU",0.715
"A2M","NGF",0.719
"A2M","TF",0.82
"A2M","MMP9",0.845
"A2M","FN1",0.851
"A2M","SERPINA3",0.929
"A2M","HSPA5",0.972
"A2M","SERPINA1",0.98
"AATF","CD74",0.834
"AATF","RPS4Y1",0.767
"AATF","DDX10",0.958
"ABAT","ALDH5A1",0.994
"ABAT","GAD1",0.975
"ABAT","GATM",0.814
"ABCA1","APOE",0.98
"ABCA1","SCARB2",0.83
"ABCA1","PPARG",0.82
"ABCA1","LIPC",0.746
"ABCA1","SNTB1",0.75
"ABCA1","PLTP",0.829
"ABCC4","SLCO2B1",0.713
"ABCG1","APOE",0.928
"ABCG1","SCARB2",0.809
"ABCG1","PPARG",0.76
"ABCG2","NANOG",0.717
"ABCG2","POU5F1",0.723
"ABCG2","SLCO2B1",0.775
"ABCG2","ALDH1A1",0.738
"ABCG2","CD44",0.736
"ABCG2","PROM1",0.787
"ABL2","EGFR",0.782
"ACACA","PPARG",0.703
"ACACA","ELOVL6",0.868
"ACACA","ACSL1",0.807
"ACACA","PC",0.775
"ACER3","SPHK1",0.965
"ACER3","PLPP3",0.911
"ACSBG1","ACSL1",0.74
"ACSBG1","ACSL4",0.754
"ACSBG1","ACSL6",0.758
"ACSBG1","LPL",0.816
"ACSL1","PNPLA3",0.732
"ACSBG1","ACSL1",0.74
"ACSL1","SCARB2",0.826
"ACSL1","PPARG",0.745
"ACSL1","LIPC",0.702
"ACSL1","ACSL4",0.77
"ACACA","ACSL1",0.807
"ACSL1","LPL",0.928
"ACSL4","PNPLA3",0.712
"ACSBG1","ACSL4",0.754
"ACSL4","AMMECR1",0.936
"ACSL4","COL4A5",0.812
"ACSL4","ACSL6",0.731
"ACSL1","ACSL4",0.77
"ACSL4","LPL",0.905
"ACSL6","PNPLA3",0.716
"ACSBG1","ACSL6",0.758
"ACSL4","ACSL6",0.731
"ACSL6","LPL",0.899
"ACTA1","ACTA2",0.91
"ACTA1","TMOD1",0.929
"ACTA1","ACTC1",0.966
"ACTA1","CFL2",0.967
"ACTA1","MTSS1",0.906
"ACTA1","FLNC",0.792
"ACTA1","PHACTR1",0.93
"ACTA1","TPM1",0.976
"ACTA1","COBL",0.914
"ACTA1","MRTFB",0.914
"ACTA1","TPM2",0.939
"ACTA1","FLNA",0.948
"ACTA1","ACTG2",0.96
"ACTA1","TPM3",0.986
"ACTA2","MYH9",0.953
"ACTA2","TGFB1",0.705
"ACTA2","CNN2",0.704
"ACTA2","FBN1",0.721
"ACTA2","POSTN",0.73
"ACTA2","TPM3",0.741
"ACTA2","CALD1",0.748
"ACTA2","VIM",0.776
"ACTA2","TPM2",0.824
"ACTA2","TPM1",0.838
"ACTA2","MYLK",0.89
"ACTA2","CNN1",0.892
"ACTA1","ACTA2",0.91
"ACTA2","COL1A1",0.928
"ACTA2","TAGLN",0.954
"ACTA2","ACTC1",0.96
"ACTA2","MYL9",0.97
"ACTA2","ACTG2",0.988
"ACTA2","ACTC1",0.96
"ACTC1","CNN1",0.702
"ACTC1","MYOCD",0.701
"ACTC1","TAGLN",0.72
"ACTC1","LDB3",0.799
"ACTC1","ACTG2",0.939
"ACTC1","TPM2",0.954
"ACTA1","ACTC1",0.966
"ACTC1","TPM3",0.996
"ACTC1","TPM1",0.999
"ACTG2","MYH9",0.944
"ACTA2","ACTG2",0.988
"ACTG2","CNN1",0.93
"ACTG2","MYL9",0.974
"ACTC1","ACTG2",0.939
"ACTG2","TPM1",0.786
"ACTG2","MYLK",0.856
"ACTG2","CALD1",0.733
"ACTA1","ACTG2",0.96
"ACTG2","TAGLN",0.82
"ACTG2","TPM2",0.835
"ACTN4","MYH9",0.926
"ACTN4","PRKCA",0.725
"ACTN4","PDLIM5",0.735
"ACTN4","TPM2",0.76
"ACTN4","ANLN",0.78
"ACTN4","TLN2",0.781
"ACTN4","EGFR",0.785
"ACTN4","WT1",0.785
"ACTN4","ITGA3",0.805
"ACTN4","ITGA2",0.815
"ACTN4","TLN1",0.896
"ACTN4","CTNNA2",0.919
"ACTN4","ITGA5",0.922
"ACTN4","INF2",0.932
"ACTN4","LMO7",0.957
"ADA2","NT5E",0.96
"ADAM12","PAPPA",0.702
"ADAM12","TGFBR2",0.853
"ADAM12","PIK3R1",0.79
"ADAM12","SDC1",0.79
"ADAM22","CNTNAP2",0.861
"ADAM22","ADAM28",0.897
"ADAM22","ADAM28",0.897
"ADAMTS2","COL1A1",0.936
"ADAMTS2","FBN1",0.736
"ADAP1","PLEK",0.707
"ADAP2","EVI2B",0.755
"ADCY2","PRKCG",0.726
"ADCY2","PDE4B",0.773
"ADCY2","PDE1C",0.703
"ADCY2","PRKCA",0.713
"ADCY2","CAMK2B",0.733
"ADCY2","PDE4D",0.746
"ADCY2","GNG4",0.754
"ADCY2","CAMK2A",0.754
"ADCY2","PRKCB",0.768
"ADCY2","PRKACB",0.781
"ADCY2","CNR1",0.909
"ADCY8","PRKCG",0.736
"ADCY8","PDE8B",0.705
"ADCY8","GNG4",0.713
"ADCY8","CAMK2B",0.755
"ADCY8","CAMK2A",0.77
"ADCY8","PDE4D",0.788
"ADCY8","PDE1C",0.801
"ADCY8","GRIN2A",0.855
"ADCY8","PDE4B",0.878
"ADCY8","PRKCA",0.91
"ADCY8","CNR1",0.919
"ADCY8","PRKACB",0.955
"ADCYAP1R1","NTRK2",0.774
"ADD3","TMOD1",0.939
"ADD3","CAV1",0.701
"ADD3","DMTN",0.993
"ADGRG1","TGM2",0.852
"ADGRL3","TENM4",0.987
"ADGRL3","FLRT3",0.999
"ADGRL3","FRMD6",0.967
"ADGRL3","TENM1",0.988
"ADGRL3","TENM2",0.999
"ADO","GAD1",0.909
"AGT","TGFB1",0.812
"AGT","C3",0.718
"AGT","APOE",0.853
"AGT","CRP",0.707
"AGT","ANPEP",0.91
"AGT","FN1",0.79
"AGT","MAP3K5",0.771
"AGT","PRCP",0.703
"AGT","MMP9",0.704
"AGT","NPPB",0.715
"AGT","AOPEP",0.769
"AGT","CYBB",0.771
"AGT","NPY",0.784
"AGT","APLNR",0.873
"AGT","LPAR5",0.901
"AGT","LPAR3",0.91
"AGT","LPAR1",0.92
"AGT","EDN1",0.953
"AGT","MME",0.957
"AGT","EDNRB",0.962
"AHCY","SHMT2",0.857
"AHRR","CYP1B1",0.752
"AIF1","GFAP",0.913
"AIF1","TYROBP",0.943
"AIF1","CSF1R",0.857
"AIF1","FCER1G",0.782
"AIF1","S100B",0.706
"AIF1","P2RY12",0.747
"AIF1","OLIG2",0.771
"AIF1","CD86",0.818
"AIF1","CX3CR1",0.804
"AIF1","CD163",0.735
"AIF1","TREM2",0.752
"AIF1","C1QC",0.728
"AIF1","C1QA",0.847
"AIF1","ITGB2",0.72
"AIF1","BDNF",0.72
"AIF1","DCX",0.721
"AIF1","PECAM1",0.724
"AIF1","MS4A6A",0.731
"AIF1","CYBB",0.744
"AIF1","MRC1",0.758
"AIF1","PTPRC",0.813
"AIF1","ITGAM",0.843
"AIF1","RBFOX3",0.909
"AJUBA","AURKA",0.736
"AK5","NT5E",0.725
"AK5","RRM2",0.742
"AKR1C3","HPGDS",0.936
"AKR1C3","CYP1B1",0.937
"ALDH1A1","NANOG",0.771
"ALDH1A1","ALDH1A2",0.915
"ALDH1A1","POU5F1",0.738
"ALDH1A1","EPCAM",0.72
"ABCG2","ALDH1A1",0.738
"ALDH1A1","IDH1",0.739
"ALDH1A1","SOX2",0.771
"ALDH1A1","CD44",0.84
"ALDH1A1","PROM1",0.876
"ALDH1A1","ALDH1A3",0.903
"ALDH1A1","CYP2C8",0.924
"ALDH1A2","ALDH1A3",0.903
"ALDH1A1","ALDH1A2",0.915
"ALDH1A2","CYP2C8",0.917
"ALDH1A2","ALDH1A3",0.903
"ALDH1A1","ALDH1A3",0.903
"ALDH1A3","CYP2C8",0.926
"ALDH1L1","GFAP",0.767
"ALDH1L1","SLC1A3",0.781
"ALDH1L1","S100B",0.705
"ALDH1L1","SLC1A2",0.755
"ALDH1L1","SHMT2",0.958
"ALDH5A1","GABRB2",0.825
"ALDH5A1","GAD1",0.725
"ALDH5A1","PC",0.885
"ALDH5A1","IDH1",0.891
"ALDH5A1","IDH2",0.894
"ABAT","ALDH5A1",0.994
"ALOX5","PTGS1",0.97
"ALOX5","PLA2G4A",0.925
"ALOX5","CYP2C8",0.924
"ALOX5","CYSLTR1",0.782
"ALOX5","PLA2G4C",0.742
"ALOX5","GPX8",0.937
"ALOX5","GPX2",0.939
"ALOX5","GPX3",0.94
"AMACR","KRT7",0.811
"AMACR","MME",0.724
"AMMECR1","COL4A5",0.863
"ACSL4","AMMECR1",0.936
"AMPH","RCVRN",0.829
"AMPH","ARHGAP26",0.728
"AMPH","SOX1",0.736
"AMPH","DNER",0.791
"AMPH","SYNJ2",0.953
"AMPH","GPHN",0.711
"AMPH","DPP6",0.738
"AMPH","CNTNAP2",0.805
"AMPH","SH3GL2",0.93
"ANKRD1","CCN1",0.772
"ANLN","AURKA",0.741
"ACTN4","ANLN",0.78
"ANLN","PLK1",0.703
"ANLN","KPNA2",0.714
"ANLN","MKI67",0.745
"ANLN","CCNA2",0.747
"ANLN","UBE2C",0.773
"ANLN","RRM2",0.785
"ANLN","INF2",0.788
"ANLN","SEPTIN2",0.821
"ANLN","MELK",0.831
"ANO1","KIT",0.892
"ANO1","CALD1",0.729
"ANP32E","PAPPA",0.836
"ANPEP","NT5E",0.785
"ANPEP","SCARB2",0.737
"ANPEP","GGCT",0.902
"ANPEP","KIT",0.921
"ANPEP","CD44",0.772
"ANPEP","PTPRC",0.788
"ANPEP","NCAM1",0.818
"ANPEP","GOT1",0.829
"ANPEP","MME",0.898
"AGT","ANPEP",0.91
"ANPEP","ITGAM",0.916
"AGT","AOPEP",0.769
"APBB1IP","LCP2",0.701
"APBB1IP","RAP1B",0.984
"APBB1IP","TLN1",0.999
"APBB1IP","ENAH",0.949
"APBB1IP","RAP1A",0.997
"APBB1IP","ITGB2",0.743
"APBB1IP","FYB1",0.926
"APBB1IP","EVL",0.959
"APBB1IP","TLN2",0.999
"APBB2","EGFR",0.738
"APC2","CDH13",0.711
"APC2","JUP",0.901
"APEH","MST1",0.837
"APLNR","GNGT1",0.933
"APLNR","F13A1",0.784
"AGT","APLNR",0.873
"APLNR","GNG5",0.908
"APLNR","GNG4",0.91
"APOC1","APOE",0.999
"APOC1","PLA2G7",0.842
"APOC1","LIPC",0.853
"APOC1","CLU",0.969
"APOC1","APOD",0.854
"APOC1","VLDLR",0.806
"APOC1","SERPINA1",0.758
"APOC1","PLTP",0.881
"APOC1","LPL",0.866
"APOD","APOE",0.936
"APOD","C1QB",0.795
"APOD","CLU",0.939
"APOC1","APOD",0.854
"APOE","VTN",0.989
"APOE","LTF",0.828
"APOE","C3",0.732
"APOE","C1QB",0.705
"APOE","FN1",0.712
"APOE","FTO",0.713
"APOE","GPX3",0.715
"APOE","STAT1",0.733
"APOE","PPARG",0.74
"APOE","SDC2",0.741
"APOE","CX3CR1",0.764
"APOE","HDLBP",0.768
"APOE","MMP9",0.769
"APOE","SERPINA1",0.781
"APOE","SCARB2",0.797
"APOE","VCAM1",0.799
"APOE","CAV1",0.801
"APOE","CRP",0.803
"APOE","BDNF",0.831
"APOE","BCHE",0.835
"APOE","LDLR",0.839
"APOE","CST3",0.85
"AGT","APOE",0.853
"APOE","MSR1",0.878
"APOE","SERPINA3",0.916
"ABCG1","APOE",0.928
"APOE","SDC1",0.932
"APOD","APOE",0.936
"APOE","CD44",0.937
"APOE","LIPC",0.943
"APOE","PLTP",0.968
"APOE","PLA2G7",0.97
"A2M","APOE",0.975
"ABCA1","APOE",0.98
"APOE","LPL",0.982
"APOE","MAPT",0.991
"APOE","SNCA",0.996
"APOE","TREM2",0.997
"APOE","SORL1",0.997
"APOE","VLDLR",0.998
"APOE","CLU",0.999
"APOC1","APOE",0.999
"ARF3","RND1",0.704
"ARF3","CDKN2A",0.718
"ARHGAP24","FLNA",0.992
"AMPH","ARHGAP26",0.728
"ARHGAP26","DNER",0.738
"ARHGEF6","GRK5",0.735
"ARHGEF6","RRAS2",0.916
"ARHGEF6","PAK3",0.993
"ARHGEF6","GIT2",0.998
"ARPP19","ARPP21",0.89
"ARPP19","ARPP21",0.89
"ASCL1","HES1",0.72
"ASCL1","NES",0.744
"ASCL1","SOX2",0.748
"ASCL1","OLIG2",0.775
"ASCL1","OLIG1",0.785
"ASCL1","DLL1",0.794
"ASCL1","HES6",0.837
"ASCL1","ID4",0.911
"ASCL1","TCF12",0.96
"ASTN2","NLGN1",0.732
"ASTN2","FAM228B",0.764
"ASTN2","RPAP2",0.81
"ATG16L1","C3",0.961
"ATG16L1","TLR2",0.773
"ATG16L1","EVA1A",0.72
"ATP1A2","ATP1B2",0.993
"ATP1A2","SCN1A",0.926
"ATP1A2","FXYD6",0.709
"ATP1A2","PRRT2",0.71
"ATP1B2","ZNF3",0.77
"ATP1A2","ATP1B2",0.993
"ATP2B2","PRKACB",0.927
"ATP5MC2","ATP6V1E1",0.917
"ATP5MC2","ATP6V0D2",0.93
"ATP6V0D2","ATP6V1E1",0.999
"ATP5MC2","ATP6V0D2",0.93
"ATP5MC2","ATP6V1E1",0.917
"ATP6V0D2","ATP6V1E1",0.999
"ATRX","RAD51AP1",0.745
"ATRX","HIRA",0.701
"ATRX","TP53",0.981
"ATRX","FANCD2",0.761
"ATRX","MGMT",0.733
"ATRX","TERT",0.794
"ATRX","IDH2",0.727
"ATRX","CBX3",0.728
"ATRX","XRCC5",0.815
"ATRX","IDH1",0.888
"AURKA","CDKN2A",0.723
"AURKA","KIF15",0.725
"AJUBA","AURKA",0.736
"ANLN","AURKA",0.741
"AURKA","CALU",0.837
"AURKA","MKI67",0.85
"AURKA","HJURP",0.852
"AURKA","CDK2",0.886
"AURKA","RRM2",0.892
"AURKA","MELK",0.913
"AURKA","MYC",0.914
"AURKA","NDC80",0.933
"AURKA","FN1",0.945
"AURKA","CCNA2",0.949
"AURKA","PTTG1",0.967
"AURKA","UBE2C",0.986
"AURKA","CCNB2",0.988
"AURKA","PLK1",0.997
"AURKA","TP53",0.998
"B4GALNT3","CHST9",0.935
"BAALC","MN1",0.781
"BACE2","RTN4",0.962
"BAG2","TP53",0.752
"BBOX1","TRIM55",0.847
"BBOX1","TRIM9",0.87
"BCAN","NCAN",0.955
"BCAN","CSPG4",0.722
"BCAN","NRCAM",0.713
"BCAN","PTPRZ1",0.99
"BCAS1","PLP1",0.761
"APOE","BCHE",0.835
"BCHE","CRP",0.739
"BCHE","MAPT",0.712
"BCHE","MAOA",0.762
"BCL11A","IKZF1",0.701
"BCL11A","BCL11B",0.989
"BCL11A","NR2F2",0.929
"BCL11A","SOX6",0.942
"BCL11A","BCL6",0.889
"BCL11A","HBB",0.894
"BCL11B","NR2F2",0.899
"BCL11A","BCL11B",0.989
"BCL6","SPI1",0.863
"BCL6","CCND1",0.87
"BCL6","LMO2",0.852
"BCL6","CCND2",0.851
"BCL6","TP53",0.957
"BCL6","STAT1",0.732
"BCL6","JUN",0.814
"BCL6","SDC1",0.82
"BCL6","CEBPD",0.764
"BCL11A","BCL6",0.889
"BCL6","MYC",0.922
"BCL6","MME",0.926
"BDNF","NTN1",0.708
"APOE","BDNF",0.831
"BDNF","GFAP",0.804
"BDNF","CRP",0.72
"BDNF","FGF2",0.84
"BDNF","EGF",0.798
"BDNF","FGF7",0.774
"BDNF","EGFR",0.877
"BDNF","NTRK2",0.999
"BDNF","CSF1R",0.76
"BDNF","NRG1",0.737
"BDNF","KIT",0.841
"BDNF","S100B",0.786
"BDNF","FOS",0.748
"BDNF","FGF5",0.784
"BDNF","FGF8",0.778
"BDNF","GRIN2A",0.819
"BDNF","FGF3",0.755
"BDNF","MAOA",0.741
"BDNF","EPHA2",0.708
"BDNF","MAP2",0.713
"BDNF","NES",0.759
"BDNF","CNR1",0.784
"BDNF","GRIN1",0.745
"BDNF","MMP9",0.74
"AIF1","BDNF",0.72
"BDNF","FGF9",0.769
"BDNF","GAP43",0.748
"BDNF","NPY",0.825
"BDNF","NTF3",0.991
"BDNF","FGF1",0.707
"BDNF","NCAM1",0.767
"BDNF","RBFOX3",0.769
"BDNF","DCX",0.778
"BDNF","SNCA",0.798
"BDNF","NRN1",0.825
"BLID","SORL1",0.807
"BLNK","LCP2",0.991
"BLNK","PIK3AP1",0.702
"BLNK","PRKCB",0.734
"BLNK","PIK3R1",0.758
"BLNK","LYN",0.999
"BLNK","SYK",0.999
"BMP1","COL1A1",0.777
"BMP1","LOXL1",0.727
"BMP1","SFRP2",0.77
"BMP1","BMP7",0.744
"BMP1","TLL2",0.76
"BMP1","C1S",0.851
"BMP1","FN1",0.894
"BMP1","C1R",0.92
"BMP1","POSTN",0.983
"BMP4","FGF4",0.853
"BMP4","TGFBR3",0.754
"BMP4","NANOG",0.758
"BMP4","FN1",0.715
"BMP4","FGF7",0.718
"BMP4","FGF13",0.737
"BMP4","SPP1",0.74
"BMP4","POU5F1",0.742
"BMP4","FBN1",0.742
"BMP4","SOX2",0.745
"BMP4","SOSTDC1",0.757
"BMP4","FSTL1",0.762
"BMP4","FGF9",0.818
"BMP4","FGF18",0.833
"BMP4","RUNX2",0.836
"BMP4","FGF8",0.87
"BMP4","FGF2",0.873
"BMP4","FGF10",0.885
"BMP4","MSX1",0.91
"BMP4","GREM1",0.965
"BMP4","BMP7",0.978
"BMP4","BMPR1B",0.999
"BMP4","BMP7",0.978
"BMP7","FGF2",0.786
"BMP7","SOSTDC1",0.705
"BMP1","BMP7",0.744
"BMP7","SMAD1",0.709
"BMP7","FBN1",0.86
"BMP7","FN1",0.728
"BMP7","RUNX2",0.713
"BMP7","GDF5",0.714
"BMP7","GREM1",0.911
"BMP7","BMPR1B",0.999
"BMP4","BMPR1B",0.999
"BMPR1B","SMAD1",0.946
"BMPR1B","GDF5",0.999
"BMP7","BMPR1B",0.999
"BMPR1B","RGMA",0.927
"BOC","GAS1",0.982
"BOC","PTCH1",0.993
"BRAF","CCND1",0.864
"BRAF","MSH6",0.806
"BRAF","RAP1B",0.96
"BRAF","RRAS2",0.951
"BRAF","PRKCG",0.943
"BRAF","PIK3CA",0.947
"BRAF","TP53",0.887
"BRAF","TERT",0.815
"BRAF","HSPA5",0.773
"BRAF","IDH2",0.731
"BRAF","FN1",0.718
"BRAF","RAP1A",0.989
"BRAF","PRKACB",0.922
"BRAF","IDH1",0.799
"BRAF","PRKCA",0.937
"BRAF","CDKN2A",0.892
"BRAF","MYC",0.722
"BRAF","CTLA4",0.773
"BRAF","PRKCB",0.909
"BRPF1","KAT6B",0.999
"BST1","NAMPT",0.96
"BST1","SCRG1",0.741
"BST2","IFI44",0.708
"BST2","IFIT3",0.717
"BST2","IFI6",0.744
"BST2","RSAD2",0.754
"BST2","OAS1",0.779
"BST2","MX1",0.804
"BST2","IFITM1",0.81
"BST2","STAT1",0.813
"BST2","IFI35",0.819
"BST2","SAMHD1",0.896
"C15orf40","GRN",0.797
"C1QA","TYROBP",0.89
"C1QA","SERPING1",0.973
"C1QA","CSF1R",0.906
"C1QA","FCER1G",0.792
"C1QA","LAPTM5",0.702
"C1QA","C3AR1",0.837
"C1QA","P2RY12",0.714
"C1QA","C1QB",0.999
"C1QA","MS4A4A",0.803
"C1QA","CD163",0.727
"C1QA","CTSS",0.746
"C1QA","TREM2",0.854
"C1QA","C1QC",0.999
"C1QA","ITGAM",0.703
"C1QA","MRC1",0.703
"C1QA","ITGB2",0.736
"AIF1","C1QA",0.847
"C1QA","VSIG4",0.971
"C1QA","C1R",0.988
"C1QA","C1S",0.99
"APOE","C1QB",0.705
"C1QB","CRP",0.736
"C1QB","TYROBP",0.852
"C1QB","SERPING1",0.98
"C1QB","CSF1R",0.779
"C1QB","FCER1G",0.718
"C1QB","PTX3",0.914
"C1QB","C3AR1",0.74
"C1QB","ITGB2",0.708
"C1QB","CTSS",0.732
"C1QB","MS4A4A",0.764
"C1QB","CD163",0.783
"APOD","C1QB",0.795
"C1QB","VSIG4",0.961
"C1QB","C1S",0.995
"C1QB","C1R",0.995
"C1QA","C1QB",0.999
"C1QB","C1QC",0.999
"C1QC","TYROBP",0.724
"C1QC","SERPING1",0.959
"C1QC","CSF1R",0.809
"C1QB","C1QC",0.999
"AIF1","C1QC",0.728
"C1QC","VSIG4",0.943
"C1QC","C1S",0.992
"C1QC","C1R",0.993
"C1QA","C1QC",0.999
"C1R","C3",0.935
"C1R","CRP",0.868
"C1R","CBLIF",0.711
"C1R","EGF",0.705
"C1R","SERPING1",0.999
"C1R","MASP1",0.769
"BMP1","C1R",0.92
"C1QB","C1R",0.995
"C1QC","C1R",0.993
"C1QA","C1R",0.988
"C1R","C1S",0.999
"C1S","C3",0.908
"C1S","CRP",0.835
"C1S","SERPING1",0.999
"C1S","PTX3",0.811
"C1S","MASP1",0.851
"BMP1","C1S",0.851
"C1QB","C1S",0.995
"C1S","CLU",0.74
"C1S","CD163",0.703
"C1QC","C1S",0.992
"C1QA","C1S",0.99
"C1R","C1S",0.999
"C3","C5",0.974
"C3","VTN",0.79
"C3","LTF",0.711
"C3","PLAU",0.707
"C3","SCIN",0.716
"AGT","C3",0.718
"APOE","C3",0.732
"C3","PTX3",0.737
"C3","CP",0.751
"C3","CLU",0.803
"C3","SERPINA1",0.859
"C1S","C3",0.908
"C1R","C3",0.935
"C3","MASP1",0.936
"C3","SERPING1",0.954
"ATG16L1","C3",0.961
"C3","CRP",0.985
"C3","ITGB2",0.998
"C3","C3AR1",0.998
"C3","CFD",0.998
"C3","ITGAM",0.999
"C3","VSIG4",0.999
"C3AR1","C5",0.88
"C3","C3AR1",0.998
"C3AR1","TLR2",0.753
"C3AR1","TYROBP",0.738
"C3AR1","CSF1R",0.754
"C3AR1","FCER1G",0.844
"C3AR1","CCR1",0.733
"C3AR1","ITGAM",0.739
"C1QB","C3AR1",0.74
"C3AR1","VSIG4",0.783
"C3AR1","ITGB2",0.786
"C3AR1","FPR1",0.791
"C1QA","C3AR1",0.837
"C3AR1","C5",0.88
"C5","VTN",0.889
"C3","C5",0.974
"CA2","CYP24A1",0.799
"CA2","SLC4A4",0.893
"CACNA1E","CAV2",0.726
"CACNA1E","CACNB2",0.833
"CACNA1E","CACNA2D1",0.99
"CACNA1E","CACNB4",0.816
"CACNA2D1","CACNG3",0.978
"CACNA2D1","KCNE3",0.7
"CACNA2D1","CACNB2",0.995
"CACNA2D1","PRKACB",0.704
"CACNA2D1","CAMK2B",0.748
"CACNA2D1","CAMK2A",0.757
"CACNA2D1","CACNB4",0.983
"CACNA1E","CACNA2D1",0.99
"CACNB2","CACNG3",0.779
"CACNB2","KCNE3",0.841
"CACNB2","CAMK2B",0.711
"CACNB2","CAMK2A",0.722
"CACNB2","PPP2R2B",0.771
"CACNA1E","CACNB2",0.833
"CACNB2","CACNB4",0.891
"CACNA2D1","CACNB2",0.995
"CACNB4","CACNG3",0.958
"CACNB4","SLC1A3",0.754
"CACNB4","SCN1A",0.708
"CACNB2","CACNB4",0.891
"CACNB4","CBX3",0.932
"CACNA2D1","CACNB4",0.983
"CACNB4","KCNQ2",0.727
"CACNA1E","CACNB4",0.816
"CACNB4","PRKACB",0.794
"CACNB4","PPP2R2B",0.715
"CACNB4","CAMK2A",0.717
"CACNG3","CAMK2B",0.766
"CACNB2","CACNG3",0.779
"CACNG3","GRIN2A",0.794
"CACNG3","CAMK2A",0.805
"CACNG3","GRIN1",0.83
"CACNG3","GRIA3",0.852
"CACNG3","GRIA2",0.923
"CACNB4","CACNG3",0.958
"CACNA2D1","CACNG3",0.978
"CALCRL","RAMP1",0.999
"CALD1","MYH9",0.711
"ACTA2","CALD1",0.748
"CALD1","CNN1",0.867
"CALD1","MYL9",0.844
"ANO1","CALD1",0.729
"CALD1","TPM1",0.869
"CALD1","MYLK",0.832
"ACTG2","CALD1",0.733
"CALD1","TPM2",0.747
"CALD1","TAGLN",0.794
"AURKA","CALU",0.837
"CALU","FAM20C",0.779
"CALU","HSPA5",0.864
"CALU","P4HB",0.872
"CACNG3","CAMK2A",0.805
"CAMK2A","RAP1B",0.906
"ADCY8","CAMK2A",0.77
"CAMK2A","GRIA2",0.977
"CAMK2A","LRRC7",0.995
"CACNB2","CAMK2A",0.722
"CAMK2A","FLNC",0.904
"CAMK2A","GRIN2A",0.968
"CAMK2A","MAPT",0.976
"CAMK2A","PDE4B",0.723
"ADCY2","CAMK2A",0.754
"CAMK2A","PDE4D",0.718
"CAMK2A","DLG1",0.721
"CACNA2D1","CAMK2A",0.757
"CAMK2A","STAT1",0.913
"CAMK2A","RAP1A",0.905
"CAMK2A","FLNA",0.906
"CAMK2A","GRIN1",0.911
"CAMK2A","PLCB4",0.929
"CAMK2A","CYBB",0.903
"CAMK2A","CAMK2B",0.999
"CAMK2A","FLNB",0.903
"CACNB4","CAMK2A",0.717
"CAMK2A","GRIA3",0.808
"CAMK2A","DCX",0.727
"CACNG3","CAMK2B",0.766
"CAMK2B","RAP1B",0.9
"ADCY8","CAMK2B",0.755
"CAMK2B","GRIA2",0.953
"CAMK2B","LRRC7",0.792
"CACNB2","CAMK2B",0.711
"CAMK2B","FLNC",0.905
"CAMK2B","GRIN2A",0.769
"CAMK2B","MAPT",0.937
"CAMK2B","PDE4B",0.729
"ADCY2","CAMK2B",0.733
"CACNA2D1","CAMK2B",0.748
"CAMK2B","STAT1",0.918
"CAMK2B","RAP1A",0.9
"CAMK2B","FLNA",0.901
"CAMK2B","PLCB4",0.924
"CAMK2B","CYBB",0.908
"CAMK2B","GRIA3",0.797
"CAMK2B","FLNB",0.9
"CAMK2A","CAMK2B",0.999
"CAP2","CFL2",0.71
"CARD16","CSTA",0.704
"CARD16","CASP1",0.993
"CASP1","TNFRSF1A",0.74
"CASP1","TLR2",0.809
"CASP1","CSTA",0.737
"CASP1","TP53",0.876
"CASP1","TLR3",0.726
"CASP1","FOS",0.74
"CASP1","P2RX7",0.793
"CASP1","NLRP3",0.999
"CASP1","CASP8",0.999
"CASP1","TLR9",0.771
"CASP1","STAT1",0.702
"CASP1","TLR1",0.726
"CASP1","CTSS",0.762
"CARD16","CASP1",0.993
"CASP1","SYK",0.791
"CASP1","IL33",0.987
"CASP1","NLRC4",0.999
"CASP1","IL1R1",0.876
"CASP1","NLRP2",0.976
"CASP14","FLG",0.946
"CASP8","TNFRSF1A",0.998
"CASP8","CDK2",0.756
"CASP8","TP53",0.991
"CASP8","EGFR",0.737
"CASP8","TLR3",0.923
"CASP8","CLEC7A",0.787
"CASP8","NLRP3",0.948
"CASP8","MMP9",0.712
"CASP8","JUN",0.782
"CASP8","MYC",0.79
"CASP8","MAP3K5",0.792
"CASP8","VIM",0.82
"CASP8","NLRC4",0.946
"CASP8","FAF1",0.991
"CASP1","CASP8",0.999
"CAV1","CAV2",0.999
"APOE","CAV1",0.801
"CAV1","DSG2",0.756
"CAV1","PACSIN2",0.795
"CAV1","PIK3CA",0.727
"CAV1","SCARB2",0.945
"CAV1","RAB5A",0.761
"CAV1","EGFR",0.999
"CAV1","DLC1",0.785
"CAV1","PPARG",0.765
"CAV1","CAVIN3",0.922
"CAV1","MMP14",0.794
"CAV1","FLNC",0.88
"CAV1","IFITM1",0.801
"ADD3","CAV1",0.701
"CAV1","CLDN5",0.733
"CAV1","LYN",0.751
"CAV1","FN1",0.771
"CAV1","KCNN3",0.776
"CAV1","EPHA2",0.798
"CAV1","TRPC4",0.807
"CAV1","NOSTRIN",0.869
"CAV1","FLNB",0.869
"CAV1","KCNJ10",0.872
"CAV1","PRKCA",0.877
"CAV1","PRKACB",0.891
"CAV1","FLNA",0.908
"CAV1","CAVIN1",0.999
"CACNA1E","CAV2",0.726
"CAV2","CAVIN1",0.92
"CAV2","EGFR",0.977
"CAV1","CAV2",0.999
"CAV2","CAVIN1",0.92
"CAVIN1","PACSIN2",0.776
"CAVIN1","EGFR",0.885
"CAVIN1","GHDC",0.832
"CAVIN1","CAVIN3",0.894
"CAVIN1","TTF1",0.743
"CAV1","CAVIN1",0.999
"CAVIN1","FHL2",0.797
"CAVIN1","CAVIN3",0.894
"CAV1","CAVIN3",0.922
"C1R","CBLIF",0.711
"CBX3","SRSF1",0.828
"ATRX","CBX3",0.728
"CACNB4","CBX3",0.932
"CCDC122","LRRK2",0.72
"CCDC122","LACC1",0.949
"CCDC65","RSPH3",0.734
"CCL18","CCR1",0.956
"CCL18","TSLP",0.72
"CCL18","CX3CR1",0.787
"CCL18","CD163",0.78
"CCL18","MRC1",0.771
"CCL3","CX3CL1",0.733
"CCL3","NFKBIA",0.752
"CCL3","CRP",0.759
"CCL3","LMO2",0.705
"CCL3","TLR2",0.787
"CCL3","CCND2",0.717
"CCL3","CSF1R",0.712
"CCL3","CXCL16",0.74
"CCL3","PF4",0.734
"CCL3","CCR1",0.999
"CCL3","CD86",0.748
"CCL3","CX3CR1",0.97
"CCL3","CD83",0.823
"CCL3","IL1R1",0.702
"CCL3","TGFA",0.705
"CCL3","ITGAM",0.711
"CCL3","CCL4",0.997
"CCL4","CX3CL1",0.904
"CCL4","IL10RA",0.7
"CCL4","TLR2",0.763
"CCL4","CSF1R",0.711
"CCL4","CXCL16",0.79
"CCL4","PF4",0.752
"CCL4","CCR1",0.999
"CCL4","CD86",0.727
"CCL4","CX3CR1",0.852
"CCL4","TLR9",0.709
"CCL3","CCL4",0.997
"CCL8","CCR1",0.999
"CCL8","CX3CR1",0.791
"CCN1","VWF",0.783
"CCN1","FOS",0.753
"ANKRD1","CCN1",0.772
"CCNA1","CDC25B",0.974
"CCNA1","CCNB2",0.739
"CCNA1","CNTD2",0.765
"CCNA1","SCAPER",0.833
"CCNA1","PLK1",0.866
"CCNA1","WEE1",0.872
"CCNA1","MCM7",0.913
"CCNA1","UBE2C",0.938
"CCNA1","TP53",0.974
"CCNA1","CCNA2",0.977
"CCNA1","CDK6",0.993
"CCNA1","CDK2",0.999
"AURKA","CCNA2",0.949
"CCNA2","RAD51AP1",0.734
"CCNA2","CDC25B",0.982
"CCNA1","CCNA2",0.977
"CCNA2","NDC80",0.893
"CCNA2","MCM2",0.827
"CCNA2","CDK6",0.999
"ANLN","CCNA2",0.747
"CCNA2","CDK2",0.999
"CCNA2","TP53",0.997
"CCNA2","CCNB2",0.965
"CCNA2","MELK",0.939
"CCNA2","PLK1",0.958
"CCNA2","MCM7",0.947
"CCNA2","SKA3",0.783
"CCNA2","KIF15",0.873
"CCNA2","UBE2C",0.994
"CCNA2","RRM2",0.939
"CCNA2","MKI67",0.93
"CCNA2","PTTG1",0.934
"CCNA2","CNTD2",0.769
"CCNA2","WEE1",0.853
"CCNA2","HJURP",0.877
"CCNA2","SCAPER",0.939
"CCNA2","MYC",0.734
"CCNA2","SAMHD1",0.911
"CCNB1IP1","HMGA2",0.773
"AURKA","CCNB2",0.988
"CCNB2","RAD51AP1",0.734
"CCNB2","CDC25B",0.847
"CCNB2","GADD45G",0.921
"CCNA1","CCNB2",0.739
"CCNB2","NDC80",0.875
"CCNB2","MCM2",0.873
"CCNB2","CDK6",0.806
"CCNB2","CDK2",0.999
"CCNB2","MCM7",0.752
"CCNB2","KPNA2",0.794
"CCNB2","WEE1",0.82
"CCNB2","KIF15",0.828
"CCNB2","MKI67",0.87
"CCNB2","HJURP",0.905
"CCNB2","RRM2",0.913
"CCNA2","CCNB2",0.965
"CCNB2","UBE2C",0.968
"CCNB2","PTTG1",0.97
"CCNB2","MELK",0.975
"CCNB2","PLK1",0.995
"CCND1","PIK3CA",0.704
"CCND1","CDC25B",0.707
"CCND1","MME",0.717
"CCND1","MKI67",0.722
"CCND1","PLK1",0.727
"CCND1","EGF",0.731
"CCND1","RUNX1",0.733
"CCND1","FN1",0.743
"CCND1","NANOG",0.746
"CCND1","KIT",0.749
"CCND1","ZEB1",0.758
"CCND1","SDC1",0.772
"CCND1","STAT1",0.783
"CCND1","SOX2",0.792
"CCND1","MMP9",0.799
"CCND1","NES",0.802
"CCND1","RUNX2",0.819
"CCND1","EGFR",0.841
"CCND1","RUNX3",0.855
"BRAF","CCND1",0.864
"BCL6","CCND1",0.87
"CCND1","NOTCH1",0.902
"CCND1","JUN",0.919
"CCND1","FOS",0.942
"CCND1","CCND2",0.942
"CCND1","RASSF1",0.945
"CCND1","TP53",0.946
"CCND1","MYC",0.969
"CCND1","CDKN2A",0.998
"CCND1","CDK2",0.999
"CCND1","CDK6",0.999
"CCND1","CCND2",0.942
"CCND2","LMO2",0.847
"CCND2","MYC",0.701
"CCL3","CCND2",0.717
"BCL6","CCND2",0.851
"CCND2","CDKN2A",0.99
"CCND2","CDK2",0.995
"CCND2","CDK6",0.999
"CCR1","CX3CL1",0.905
"CCR1","IL10RA",0.708
"CCR1","TYROBP",0.731
"CCR1","CSF1R",0.711
"CCR1","FCER1G",0.737
"CCR1","CXCL16",0.883
"CCR1","PF4",0.895
"CCR1","ITGAM",0.711
"C3AR1","CCR1",0.733
"CCR1","ITGB2",0.743
"CCR1","CX3CR1",0.77
"CCR1","FPR1",0.813
"CCR1","TNFRSF1B",0.864
"CCL18","CCR1",0.956
"CCL4","CCR1",0.999
"CCL3","CCR1",0.999
"CCL8","CCR1",0.999
"CD14","LBP",0.991
"CD14","SPI1",0.935
"CD14","TLR2",0.992
"CD14","TYROBP",0.817
"CD14","CSF1R",0.803
"CD14","FCER1G",0.718
"CD14","S100A8",0.746
"CD14","S100A9",0.767
"CD14","ITGB2",0.805
"CD14","ITGAM",0.75
"CD14","TRIL",0.9
"CD163","MYH9",0.955
"CD163","TLR2",0.835
"CD163","FCGR2A",0.704
"CD163","CSF1R",0.929
"CD163","MS4A7",0.799
"CD163","STAB1",0.727
"C1QB","CD163",0.783
"CD163","CD86",0.832
"CD163","MS4A4A",0.843
"CD163","CX3CR1",0.79
"C1S","CD163",0.703
"CD163","PECAM1",0.708
"C1QA","CD163",0.727
"AIF1","CD163",0.735
"CD163","HBB",0.756
"CCL18","CD163",0.78
"CD163","ITGAM",0.819
"CD163","PTPRC",0.841
"CD163","MS4A6A",0.873
"CD163","MRC1",0.93
"CD163","VSIG4",0.938
"CD248","RASD2",0.889
"CD248","PLXDC1",0.824
"CD248","FN1",0.968
"CD27","TNFRSF1A",0.715
"CD27","IL2RB",0.829
"CD27","TNFSF8",0.927
"CD27","TNFSF13B",0.719
"CD27","SDC1",0.726
"CD27","HAVCR2",0.735
"CD27","ITGAM",0.738
"CD27","NCAM1",0.77
"CD27","CTLA4",0.781
"CD27","CD276",0.798
"CD27","PTPRC",0.804
"CD27","SELL",0.828
"CD27","CD86",0.992
"CD27","CD276",0.798
"CD276","HAVCR2",0.736
"CD276","PTPRC",0.739
"CD276","CTLA4",0.985
"CD276","CD86",0.988
"CD300A","TYROBP",0.745
"CD44","CD74",0.999
"CD44","FGF4",0.923
"CD44","FGF20",0.887
"CD44","FGF22",0.875
"CD44","IL2RB",0.827
"CD44","TIMP1",0.922
"CD44","TGFB1",0.747
"CD44","LAMB1",0.923
"CD44","COL1A1",0.987
"CD44","VTN",0.863
"CD44","FGF6",0.874
"CD44","NANOG",0.987
"CD44","LAMA4",0.925
"APOE","CD44",0.937
"CD44","NT5E",0.901
"CD44","LAMC1",0.922
"CD44","POU5F1",0.819
"CD44","TLR2",0.874
"CD44","THBS1",0.767
"CD44","EPCAM",0.971
"CD44","LAMC2",0.958
"CD44","NID1",0.991
"CD44","FGF2",0.993
"CD44","FGF10",0.922
"CD44","EGF",0.922
"CD44","FGF7",0.889
"CD44","TP53",0.876
"CD44","FGF18",0.874
"CD44","EGFR",0.998
"CD44","KIT",0.794
"CD44","ITGA5",0.785
"CD44","VCAM1",0.994
"CD44","ITGA2",0.727
"ALDH1A1","CD44",0.84
"ANPEP","CD44",0.772
"CD44","MMP14",0.919
"CD44","FGF5",0.875
"CD44","FGF8",0.873
"CD44","SOX2",0.792
"CD44","COL4A5",0.915
"CD44","CD86",0.809
"CD44","FGF3",0.874
"CD44","PLAUR",0.703
"CD44","NF2",0.979
"CD44","FN1",0.999
"CD44","FGF17",0.874
"CD44","STAT1",0.842
"CD44","ZEB1",0.792
"CD44","NES",0.888
"CD44","S100A8",0.887
"CD44","RUNX2",0.794
"CD44","MMP9",0.998
"CD44","COL4A1",0.928
"CD44","IGFBP3",0.739
"CD44","SDC1",0.927
"CD44","GPNMB",0.785
"CD44","FGF9",0.875
"CD44","SPP1",0.999
"CD44","ITGA4",0.933
"CD44","ITGB2",0.879
"CD44","LPL",0.7
"CD44","NCAM1",0.712
"CD44","KITLG",0.712
"ABCG2","CD44",0.736
"CD44","NOTCH1",0.76
"CD44","MYC",0.772
"CD44","VIM",0.809
"CD44","MRC1",0.828
"CD44","ICAM2",0.851
"CD44","ITGAM",0.86
"CD44","FGF16",0.874
"CD44","PROM1",0.885
"CD44","PTPRC",0.931
"CD44","PECAM1",0.949
"CD44","SELL",0.998
"CD53","LCP2",0.796
"CD53","TYROBP",0.791
"CD53","NCKAP1L",0.716
"CD53","LAPTM5",0.93
"CD53","EVI2B",0.726
"CD53","MNDA",0.723
"CD53","CTSS",0.702
"CD53","ITGB2",0.829
"CD53","PTPRC",0.821
"CD74","ITGB2",0.721
"CD74","GCN1",0.787
"AATF","CD74",0.834
"CD74","HLA-F",0.845
"CD74","RPS4Y1",0.864
"CD74","IFI35",0.94
"CD74","HLA-DOA",0.966
"CD74","CTSS",0.981
"CD74","HLA-DPB1",0.982
"CD74","HLA-DMB",0.982
"CD74","HLA-DRB5",0.986
"CD74","HLA-DPA1",0.993
"CD74","HLA-DMA",0.994
"CD74","HLA-DRB1",0.995
"CD74","HLA-DQB1",0.997
"CD44","CD74",0.999
"CD74","HLA-DRA",0.999
"CD83","TLR3",0.703
"CD83","CD86",0.926
"CCL3","CD83",0.823
"CD84","CTLA4",0.841
"CD86","TLR2",0.805
"CD27","CD86",0.992
"CD86","IRF8",0.708
"CD86","FCGR2A",0.788
"CD86","CSF1R",0.735
"CD86","HAVCR2",0.971
"CD276","CD86",0.988
"CD86","HLA-DRB1",0.702
"CD86","HLA-DPA1",0.712
"CD86","HLA-DRA",0.714
"CD86","TLR1",0.72
"CCL4","CD86",0.727
"CD86","TLR9",0.747
"CCL3","CD86",0.748
"CD86","IL1R1",0.75
"CD86","SELL",0.77
"CD86","ITGB2",0.807
"CD44","CD86",0.809
"CD86","TLR7",0.816
"AIF1","CD86",0.818
"CD86","LY86",0.821
"CD163","CD86",0.832
"CD86","MRC1",0.871
"CD86","PTPRC",0.879
"CD86","ITGAM",0.913
"CD83","CD86",0.926
"CD86","CTLA4",0.999
"CCND1","CDC25B",0.707
"CDC25B","MELK",0.764
"CCNB2","CDC25B",0.847
"CDC25B","WEE1",0.9
"CCNA1","CDC25B",0.974
"CDC25B","PLK1",0.976
"CCNA2","CDC25B",0.982
"CDC25B","CDK2",0.994
"CDCA7L","MAOA",0.738
"CDCA7L","MYC",0.995
"CDH12","CDH13",0.746
"CDH12","CDH18",0.752
"CDH12","CTNNA2",0.802
"CDH12","CDH8",0.893
"APC2","CDH13",0.711
"CDH12","CDH13",0.746
"CDH13","CDKN2A",0.747
"CDH13","CTNNA2",0.755
"CDH13","CDH8",0.757
"CDH13","RASSF1",0.906
"CDH12","CDH18",0.752
"CDH18","CTNNA2",0.728
"CDH4","JUP",0.776
"CDH4","CTNNA2",0.749
"CDH4","CDH8",0.76
"CDH13","CDH8",0.757
"CDH12","CDH8",0.893
"CDH8","JUP",0.799
"CDH8","CTNNA2",0.922
"CDH4","CDH8",0.76
"AURKA","CDK2",0.886
"CCND1","CDK2",0.999
"CDC25B","CDK2",0.994
"CCNA1","CDK2",0.999
"CCND2","CDK2",0.995
"CDK2","MCM2",0.857
"CDK2","CDK6",0.998
"CDK2","RRM2",0.728
"CDK2","PLK1",0.742
"CASP8","CDK2",0.756
"CDK2","SCAPER",0.765
"CDK2","UBE2C",0.775
"CDK2","SAMHD1",0.793
"CDK2","CNTD2",0.813
"CDK2","JUN",0.825
"CDK2","MCM7",0.914
"CDK2","MYC",0.96
"CDK2","WEE1",0.987
"CDK2","TP53",0.987
"CDK2","CEBPA",0.992
"CDK2","CDKN2A",0.993
"CCNA2","CDK2",0.999
"CCNB2","CDK2",0.999
"CCND1","CDK6",0.999
"CCNA1","CDK6",0.993
"CCND2","CDK6",0.999
"CDK6","MCM2",0.796
"CDK6","HMGA2",0.704
"CDK6","ZEB1",0.717
"CDK6","JUN",0.787
"CDK6","MYC",0.788
"CCNB2","CDK6",0.806
"CDK6","TP53",0.808
"CDK6","WEE1",0.828
"CDK6","RUNX1",0.929
"CDK2","CDK6",0.998
"CCNA2","CDK6",0.999
"CDK6","CDKN2A",0.999
"AURKA","CDKN2A",0.723
"CCND1","CDKN2A",0.998
"CDKN2A","RRAS2",0.922
"ARF3","CDKN2A",0.718
"CCND2","CDKN2A",0.99
"CDKN2A","PIK3CA",0.791
"CDKN2A","MCM2",0.788
"CDK6","CDKN2A",0.999
"CDK2","CDKN2A",0.993
"CDH13","CDKN2A",0.747
"CDKN2A","TP53",0.999
"CDKN2A","EGFR",0.91
"CDKN2A","MGMT",0.876
"CDKN2A","TERT",0.817
"CDKN2A","SOX2",0.706
"CDKN2A","RASSF1",0.894
"CDKN2A","JUN",0.779
"CDKN2A","NFE2L2",0.745
"CDKN2A","RUNX3",0.789
"CDKN2A","IDH1",0.744
"CDKN2A","NOTCH1",0.723
"BRAF","CDKN2A",0.892
"CDKN2A","MYC",0.998
"CEBPA","TGFB1",0.85
"CEBPA","SPI1",0.99
"CDK2","CEBPA",0.992
"CEBPA","TP53",0.93
"CEBPA","PPARG",0.991
"CEBPA","RUNX1",0.994
"CEBPA","FOS",0.859
"CEBPA","MYB",0.729
"CEBPA","IL6R",0.809
"CEBPA","JUN",0.886
"CEBPA","RUNX2",0.767
"CEBPA","CEBPD",0.701
"CEBPA","IDH1",0.71
"CEBPA","RUNX1T1",0.961
"CEBPA","LPL",0.725
"CEBPA","MYC",0.904
"CEBPD","PPARG",0.925
"CEBPD","CELF5",0.831
"CEBPD","FOS",0.772
"CEBPD","SOX2",0.789
"CEBPD","JUN",0.734
"BCL6","CEBPD",0.764
"CEBPA","CEBPD",0.701
"CEBPD","CELF2",0.893
"CEBPD","CELF2",0.893
"CEBPD","CELF5",0.831
"CENPP","ITGB3BP",0.999
"CENPV","SPI1",0.88
"CEP97","NDUFS3",0.714
"C3","CFD",0.998
"CFL2","CORO1A",0.842
"CAP2","CFL2",0.71
"CFL2","SCIN",0.846
"CFL2","TPM3",0.716
"CFL2","ROCK1",0.802
"CFL2","FLNB",0.821
"CFL2","FLNC",0.841
"CFL2","FLNA",0.888
"ACTA1","CFL2",0.967
"CFL2","WDR1",0.993
"CFL2","HCLS1",0.995
"CHI3L1","IL13RA2",0.984
"CHM","RAB27B",0.729
"CHM","RAB5A",0.878
"CHM","SNCA",0.774
"CHM","RAB5C",0.861
"B4GALNT3","CHST9",0.935
"CLASRP","DAB2",0.703
"CLASRP","GPHN",0.803
"CLASRP","PHLDB2",0.989
"CLDN5","VWF",0.92
"CLDN5","RUNX1",0.783
"CLDN5","ROBO4",0.732
"CAV1","CLDN5",0.733
"CLDN5","MMP9",0.756
"CLDN5","PECAM1",0.845
"CLEC7A","TGFBR3",0.781
"CLEC7A","TLR2",0.998
"CLEC7A","TYROBP",0.704
"CLEC7A","SCARB2",0.761
"CLEC7A","FCER1G",0.83
"CLEC7A","TLR7",0.713
"CLEC7A","TREM2",0.749
"CLEC7A","PTPRC",0.752
"CLEC7A","TLR9",0.783
"CASP8","CLEC7A",0.787
"CLEC7A","TLR1",0.824
"CLEC7A","SYK",0.999
"CLU","TGFB1",0.745
"CLU","VTN",0.962
"CLU","LTF",0.993
"C3","CLU",0.803
"APOE","CLU",0.999
"CLU","SORL1",0.862
"CLU","LOXL1",0.702
"CLU","LTBP2",0.704
"CLU","CP",0.794
"CLU","PLA2G7",0.842
"CLU","SERPING1",0.721
"CLU","MS4A6A",0.714
"CLU","MMP9",0.718
"CLU","SPP1",0.73
"C1S","CLU",0.74
"CLU","CST3",0.766
"CLU","LPL",0.773
"CLU","FN1",0.802
"CLU","PLXNA4",0.802
"CLU","SNCA",0.861
"CLU","HSPA5",0.874
"CLU","PLTP",0.894
"CLU","SERPINA1",0.896
"A2M","CLU",0.896
"CLU","VLDLR",0.938
"APOD","CLU",0.939
"APOC1","CLU",0.969
"CLU","TREM2",0.985
"CMPK2","IFI6",0.733
"CMPK2","PARP9",0.769
"CMPK2","OAS1",0.776
"CMPK2","IFI44",0.79
"CMPK2","MX1",0.811
"CMPK2","IFI44L",0.855
"CMPK2","ENTPD1",0.901
"CMPK2","IFIT3",0.904
"CMPK2","RRM2",0.914
"CMPK2","NT5E",0.916
"CMPK2","RSAD2",0.976
"ACTA2","CNN1",0.892
"ACTC1","CNN1",0.702
"CNN1","MYLK",0.703
"CNN1","NAV2",0.725
"CNN1","MYL9",0.771
"CNN1","TAGLN",0.781
"CNN1","TPM1",0.792
"CNN1","MYOCD",0.84
"CALD1","CNN1",0.867
"ACTG2","CNN1",0.93
"ACTA2","CNN2",0.704
"CNR1","NTRK2",0.822
"ADCY8","CNR1",0.919
"CNR1","DAGLB",0.705
"ADCY2","CNR1",0.909
"CNR1","GNG4",0.705
"BDNF","CNR1",0.784
"CCNA1","CNTD2",0.765
"CDK2","CNTD2",0.813
"CCNA2","CNTD2",0.769
"ADAM22","CNTNAP2",0.861
"AMPH","CNTNAP2",0.805
"CNTNAP2","NLGN1",0.765
"CNTNAP2","KCNAB2",0.79
"CNTNAP2","DPP6",0.842
"COBL","PACSIN2",0.893
"ACTA1","COBL",0.914
"COL11A1","COL1A1",0.965
"COL11A1","COL14A1",0.73
"COL11A1","COL4A5",0.71
"COL11A1","COL4A1",0.742
"COL14A1","COL1A1",0.783
"COL11A1","COL14A1",0.73
"COL14A1","FN1",0.74
"COL14A1","MMP9",0.854
"COL18A1","FGF4",0.722
"COL18A1","LAMB1",0.7
"COL18A1","COL1A1",0.724
"COL18A1","VTN",0.752
"COL18A1","LAMC1",0.793
"COL18A1","THBS1",0.864
"COL18A1","ITGA5",0.825
"COL18A1","ITGA3",0.744
"COL18A1","FN1",0.838
"COL18A1","COL4A1",0.774
"COL18A1","MMP9",0.92
"COL1A1","TIMP1",0.842
"COL1A1","TGFB1",0.802
"COL1A1","LAMB1",0.734
"ACTA2","COL1A1",0.928
"COL1A1","ITGA9",0.704
"COL1A1","TGFBI",0.716
"COL18A1","COL1A1",0.724
"COL1A1","NID1",0.739
"COL1A1","SPP1",0.747
"COL1A1","IGFBP3",0.75
"COL1A1","P4HB",0.763
"COL1A1","COL8A1",0.765
"COL1A1","LAMC1",0.77
"BMP1","COL1A1",0.777
"COL1A1","VIM",0.778
"COL14A1","COL1A1",0.783
"COL1A1","TAGLN",0.785
"COL1A1","COL4A5",0.798
"COL1A1","SDC1",0.815
"COL1A1","COL4A1",0.827
"COL1A1","COLGALT1",0.827
"COL1A1","ITGA4",0.83
"COL1A1","MMP9",0.84
"COL1A1","ITGA3",0.848
"COL1A1","VWF",0.877
"COL1A1","ITGA11",0.888
"COL1A1","THBS1",0.896
"COL1A1","POSTN",0.903
"COL1A1","FBN1",0.929
"ADAMTS2","COL1A1",0.936
"COL1A1","ITGA5",0.944
"COL1A1","RUNX2",0.955
"COL11A1","COL1A1",0.965
"COL1A1","FN1",0.974
"COL1A1","ITGA2",0.983
"CD44","COL1A1",0.987
"COL4A1","LAMB1",0.843
"COL1A1","COL4A1",0.827
"COL4A1","LAMA4",0.787
"COL4A1","LAMC1",0.88
"COL4A1","THBS1",0.774
"COL4A1","COL8A1",0.736
"COL4A1","LAMC2",0.735
"COL4A1","NID1",0.855
"COL4A1","ITGA9",0.734
"COL4A1","ITGA5",0.882
"COL4A1","ITGA2",0.781
"COL4A1","ITGA3",0.87
"COL4A1","FBN1",0.805
"COL4A1","ITGA11",0.856
"COL4A1","FN1",0.849
"COL18A1","COL4A1",0.774
"COL11A1","COL4A1",0.742
"COL4A1","MMP9",0.753
"COL4A1","SDC1",0.721
"COL4A1","ITGA4",0.75
"CD44","COL4A1",0.928
"COL1A1","COL4A5",0.798
"COL4A5","COL8A1",0.773
"AMMECR1","COL4A5",0.863
"COL4A5","ITGA9",0.716
"COL4A5","SLIT1",0.732
"COL4A5","ITGA5",0.718
"COL4A5","ITGA2",0.744
"COL4A5","ITGA3",0.789
"COL4A5","ITGA11",0.737
"COL11A1","COL4A5",0.71
"COL4A5","ITGA4",0.713
"ACSL4","COL4A5",0.812
"CD44","COL4A5",0.915
"COL1A1","COL8A1",0.765
"COL4A1","COL8A1",0.736
"COL4A5","COL8A1",0.773
"COL1A1","COLGALT1",0.827
"CORO1A","LAPTM5",0.729
"CORO1A","ITGB2",0.784
"CFL2","CORO1A",0.842
"COX19","GFER",0.755
"CP","HMOX1",0.942
"CP","LTF",0.971
"C3","CP",0.751
"CP","SLC40A1",0.982
"CLU","CP",0.794
"CP","SERPINA3",0.822
"CP","TF",0.835
"A2M","CP",0.889
"CP","SERPINA1",0.944
"CPPED1","CST3",0.758
"CPS1","GLUL",0.972
"CPS1","GLS2",0.923
"CPS1","FOXL1",0.729
"CREB3L1","SEC24D",0.726
"CRHR1","MAPT",0.755
"CRHR1","FKBP5",0.724
"CRP","LBP",0.776
"CRP","SERPINE1",0.793
"C3","CRP",0.985
"APOE","CRP",0.803
"CRP","NLRP3",0.707
"AGT","CRP",0.707
"CRP","PLA2G7",0.715
"CRP","PAPPA",0.719
"BDNF","CRP",0.72
"CRP","IL6R",0.725
"CRP","SERPINA1",0.731
"C1QB","CRP",0.736
"BCHE","CRP",0.739
"CCL3","CRP",0.759
"CRP","VWF",0.772
"CRP","VCAM1",0.774
"CRP","MMP9",0.806
"C1S","CRP",0.835
"C1R","CRP",0.868
"CRP","NPPB",0.871
"CRP","CST3",0.877
"CRP","FN1",0.894
"CRP","FCGR2A",0.992
"CRY2","RORA",0.837
"CRY2","NPAS2",0.998
"CRY2","TIMELESS",0.996
"CSF1R","CX3CL1",0.711
"CSF1R","FGF4",0.8
"CSF1R","FGF20",0.801
"CSF1R","FGF22",0.799
"CSF1R","SPI1",0.992
"CSF1R","IL10RA",0.714
"CSF1R","FGF6",0.802
"CSF1R","FGF23",0.729
"CSF1R","TLR2",0.765
"CSF1R","TYROBP",0.962
"CSF1R","PIK3CA",0.821
"CSF1R","FGF2",0.821
"CSF1R","FGF10",0.8
"CSF1R","EGF",0.811
"CSF1R","FGF7",0.807
"CSF1R","IRF8",0.723
"CSF1R","FGF18",0.801
"CSF1R","FOS",0.703
"CCR1","CSF1R",0.711
"CCL4","CSF1R",0.711
"CCL3","CSF1R",0.712
"CSF1R","LYN",0.719
"CSF1R","FGF21",0.724
"CSF1R","MS4A7",0.724
"CSF1R","PECAM1",0.725
"CSF1R","FGF19",0.729
"CSF1R","NGF",0.73
"CD86","CSF1R",0.735
"CSF1R","STAT1",0.745
"CSF1R","TGFA",0.748
"C3AR1","CSF1R",0.754
"CSF1R","P2RY12",0.756
"CSF1R","PDGFC",0.756
"CSF1R","PIK3CG",0.757
"CSF1R","CTSS",0.757
"CSF1R","LY86",0.758
"BDNF","CSF1R",0.76
"CSF1R","MRC1",0.773
"C1QB","CSF1R",0.779
"CSF1R","VEGFC",0.782
"CSF1R","CYBB",0.782
"CSF1R","FGF8",0.793
"CSF1R","FGF17",0.799
"CSF1R","FGF5",0.799
"CSF1R","FGF9",0.801
"CSF1R","FGF16",0.801
"CSF1R","FGF3",0.801
"CD14","CSF1R",0.803
"C1QC","CSF1R",0.809
"CSF1R","PTPRC",0.818
"CSF1R","CX3CR1",0.836
"CSF1R","FGF1",0.842
"AIF1","CSF1R",0.857
"CSF1R","TREM2",0.857
"CSF1R","VSIG4",0.859
"CSF1R","ITGB2",0.862
"CSF1R","ITGAM",0.865
"CSF1R","HCK",0.877
"CSF1R","FCER1G",0.885
"C1QA","CSF1R",0.906
"CSF1R","PIK3R1",0.925
"CD163","CSF1R",0.929
"CSF1R","KITLG",0.949
"CSF1R","RUNX1",0.983
"CSPG4","FGF2",0.813
"BCAN","CSPG4",0.722
"CSPG4","OLIG1",0.822
"CSPG4","OLIG2",0.898
"APOE","CST3",0.85
"CST3","GDF15",0.746
"CRP","CST3",0.877
"CST3","SERPING1",0.737
"CLU","CST3",0.766
"CST3","CTSS",0.951
"CPPED1","CST3",0.758
"CST3","SPP1",0.727
"CSTA","CTSH",0.964
"CARD16","CSTA",0.704
"CASP1","CSTA",0.737
"CSTA","DSP",0.785
"CSTA","CTSS",0.921
"CTLA4","IL10RA",0.708
"CTLA4","MTUS1",0.925
"CD27","CTLA4",0.781
"CTLA4","RUNX1",0.844
"CTLA4","HAVCR2",0.907
"CD84","CTLA4",0.841
"CD276","CTLA4",0.985
"CD86","CTLA4",0.999
"CTLA4","KLRD1",0.738
"CTLA4","HLA-DRB1",0.746
"CTLA4","STAT1",0.742
"CTLA4","ENTPD1",0.789
"CTLA4","PTPRC",0.746
"BRAF","CTLA4",0.773
"CTLA4","PIK3R1",0.816
"CTLA4","LYN",0.714
"CTLA4","SELL",0.743
"ACTN4","CTNNA2",0.919
"CDH13","CTNNA2",0.755
"CTNNA2","CTNND2",0.726
"CTNNA2","TLN1",0.712
"CDH12","CTNNA2",0.802
"CDH18","CTNNA2",0.728
"CTNNA2","JUP",0.921
"CTNNA2","TLN2",0.701
"CDH4","CTNNA2",0.749
"CTNNA2","LRRTM4",0.837
"CDH8","CTNNA2",0.922
"CTNNA2","CTNND2",0.726
"CTNND2","HCLS1",0.747
"CTNND2","LRRC7",0.827
"CTNND2","PDZD2",0.925
"CTSH","SFTPB",0.715
"CTSH","HLA-DQB1",0.732
"CSTA","CTSH",0.964
"CD74","CTSS",0.981
"CTSS","TIMP1",0.763
"CTSS","IL10RA",0.951
"CTSS","TYROBP",0.776
"CSTA","CTSS",0.921
"CSF1R","CTSS",0.757
"C1QB","CTSS",0.732
"CD53","CTSS",0.702
"CTSS","TLR7",0.706
"CTSS","HLA-DPA1",0.71
"CTSS","LY86",0.723
"CTSS","ITGB2",0.724
"CTSS","HLA-DRA",0.745
"C1QA","CTSS",0.746
"CASP1","CTSS",0.762
"CTSS","PTPRC",0.762
"CTSS","HLA-DMA",0.815
"CTSS","MMP9",0.874
"CST3","CTSS",0.951
"CWC27","DDX5",0.829
"CWC27","LSM8",0.912
"CWC27","SRRM1",0.833
"CWC27","SF3B1",0.994
"CWC27","LSM2",0.957
"CX3CL1","TGFA",0.71
"CSF1R","CX3CL1",0.711
"CX3CL1","PF4",0.713
"CX3CL1","ITGAM",0.729
"CCL3","CX3CL1",0.733
"CCL4","CX3CL1",0.904
"CCR1","CX3CL1",0.905
"CX3CL1","CXCL16",0.914
"CX3CL1","EGF",0.961
"CX3CL1","FGF13",0.968
"CX3CL1","FGF2",0.971
"CX3CL1","CX3CR1",0.999
"CX3CL1","CX3CR1",0.999
"APOE","CX3CR1",0.764
"CX3CR1","TLR2",0.741
"CX3CR1","TYROBP",0.773
"CSF1R","CX3CR1",0.836
"CX3CR1","CXCL16",0.972
"CX3CR1","VCAM1",0.754
"CX3CR1","PF4",0.797
"CCR1","CX3CR1",0.77
"CX3CR1","PTPRC",0.75
"CX3CR1","TREM2",0.767
"CCL18","CX3CR1",0.787
"CD163","CX3CR1",0.79
"CCL8","CX3CR1",0.791
"AIF1","CX3CR1",0.804
"CX3CR1","ITGAM",0.827
"CCL4","CX3CR1",0.852
"CCL3","CX3CR1",0.97
"CX3CL1","CXCL16",0.914
"CCL3","CXCL16",0.74
"CXCL16","PF4",0.772
"CCL4","CXCL16",0.79
"CCR1","CXCL16",0.883
"CX3CR1","CXCL16",0.972
"CYBB","HMOX1",0.712
"CYBB","NAMPT",0.923
"CYBB","PLEK",0.72
"CYBB","TLR2",0.786
"CYBB","IRF8",0.782
"CSF1R","CYBB",0.782
"CYBB","FCER1G",0.741
"CYBB","VCAM1",0.959
"AGT","CYBB",0.771
"CYBB","S100A9",0.792
"CYBB","RAP1A",0.971
"CYBB","MMP9",0.963
"AIF1","CYBB",0.744
"CYBB","GPX3",0.739
"CYBB","GPX8",0.743
"CYBB","GPX2",0.753
"CYBB","ITGAM",0.778
"CYBB","XDH",0.782
"CYBB","ITGB2",0.816
"CAMK2A","CYBB",0.903
"CAMK2B","CYBB",0.908
"CYBB","NOXO1",0.995
"CYP1B1","LTBP2",0.809
"CYP1B1","GSTT2B",0.931
"CYP1B1","HPGDS",0.954
"CYP1B1","NQO1",0.797
"AHRR","CYP1B1",0.752
"AKR1C3","CYP1B1",0.937
"CYP1B1","MGST1",0.925
"CYP24A1","FGF23",0.796
"CA2","CYP24A1",0.799
"ALDH1A2","CYP2C8",0.917
"CYP2C8","HPGDS",0.775
"ALDH1A1","CYP2C8",0.924
"ALDH1A3","CYP2C8",0.926
"CYP2C8","PTGS1",0.92
"CYP2C8","GPX8",0.909
"CYP2C8","GPX2",0.91
"CYP2C8","GPX3",0.91
"ALOX5","CYP2C8",0.924
"ALOX5","CYSLTR1",0.782
"CLASRP","DAB2",0.703
"DAB2","SCARB2",0.769
"DAB2","STON2",0.746
"DAB2","TGFBR2",0.786
"DAB2","LDLR",0.934
"CNR1","DAGLB",0.705
"DCAF1","TP53",0.751
"DCAF1","NF2",0.956
"DCAF1","GLMN",0.75
"DCAF1","SAMHD1",0.995
"DCDC2","TDP2",0.863
"DCLK1","NBEA",0.816
"DCLK1","DCX",0.886
"DCX","GFAP",0.864
"DCX","OLIG2",0.706
"DCX","MAP2",0.757
"DCLK1","DCX",0.886
"DCX","NES",0.876
"AIF1","DCX",0.721
"BDNF","DCX",0.778
"DCX","RBFOX3",0.888
"CAMK2A","DCX",0.727
"AATF","DDX10",0.958
"DDX17","DDX5",0.994
"DDX17","TP53",0.97
"DDX17","KHDRBS1",0.774
"DDX17","SF3B1",0.785
"DDX17","SRA1",0.791
"DDX17","XRCC5",0.719
"DDX5","KHDRBS1",0.739
"DDX5","SRSF1",0.764
"DDX5","HDGF",0.765
"DDX5","SRA1",0.795
"CWC27","DDX5",0.829
"DDX5","LUC7L3",0.885
"DDX5","SRRM1",0.885
"DDX5","SF3B1",0.901
"DDX5","NANOG",0.916
"DDX17","DDX5",0.994
"DDX5","TP53",0.997
"DEPDC7","KIAA1549L",0.874
"DGKD","LPL",0.906
"DGKG","PLCB4",0.73
"DGKG","LPL",0.9
"DGKZ","RASGRP1",0.714
"DGKZ","LPL",0.9
"DHCR24","TP53",0.706
"DISC1","KALRN",0.838
"DISC1","NRG1",0.723
"DISC1","PDE4B",0.998
"DISC1","RGS4",0.714
"CAV1","DLC1",0.785
"DLC1","TLN2",0.821
"DLC1","TLN1",0.932
"DLG1","KIF17",0.802
"DLG1","GRIA2",0.809
"DLG1","LRRC7",0.735
"DLG1","GRIN2A",0.979
"CAMK2A","DLG1",0.721
"DLG1","NRCAM",0.752
"DLG1","KCNAB2",0.797
"DLG1","NCALD",0.816
"DLG1","GRIN1",0.878
"DLK1","PLAGL1",0.8
"DLK1","NOTCH1",0.852
"ASCL1","DLL1",0.794
"DLL1","HEY1",0.864
"DLL1","MFAP5",0.711
"DLL1","NOTCH1",0.999
"DMTN","TMOD1",0.933
"ADD3","DMTN",0.993
"DNAJC10","P4HB",0.703
"DNAJC10","MAN1B1",0.722
"DNAJC10","PDIA6",0.749
"DNAJC10","HSPA5",0.998
"DNER","DTX1",0.869
"ARHGAP26","DNER",0.738
"DNER","DPP6",0.715
"AMPH","DNER",0.791
"DOCK1","NTN1",0.808
"DOCK11","RHOJ",0.818
"DOCK5","TNFRSF10D",0.738
"DPP6","KCNC1",0.896
"DNER","DPP6",0.715
"AMPH","DPP6",0.738
"CNTNAP2","DPP6",0.842
"DPP7","DPP9",0.881
"DPP7","DPP9",0.881
"DSCAM","NTN1",0.999
"DSCAM","DSCAML1",0.842
"DSCAM","NTN4",0.793
"DSCAM","NRXN1",0.722
"DSCAM","DSCAML1",0.842
"DSG2","PERP",0.717
"DSG2","LMNA",0.728
"CAV1","DSG2",0.756
"DSG2","JUP",0.997
"DSG2","DSP",0.998
"DSG2","DSP",0.998
"CSTA","DSP",0.785
"DSP","KRT19",0.84
"DSP","LMNA",0.724
"DSP","FLG",0.727
"DSP","PERP",0.844
"DSP","KRT8",0.869
"DSP","KRT18",0.957
"DSP","JUP",0.999
"DTNA","RSPH3",0.84
"DTNA","SNTB1",0.946
"DTNA","SNTG1",0.877
"DTX1","NRARP",0.773
"DNER","DTX1",0.869
"DTX1","NOTCH1",0.984
"EDN1","HMOX1",0.735
"EDN1","SERPINE1",0.755
"EDN1","VWF",0.898
"EDN1","FGF2",0.762
"EDN1","EGF",0.795
"EDN1","PPARG",0.724
"EDN1","VCAM1",0.722
"AGT","EDN1",0.953
"EDN1","MMP9",0.963
"EDN1","EDNRB",0.999
"EDNRB","KIT",0.703
"AGT","EDNRB",0.962
"EDNRB","KITLG",0.881
"EDN1","EDNRB",0.999
"CX3CL1","EGF",0.961
"EGF","FGF4",0.989
"EGF","FGF20",0.988
"EGF","FGF22",0.989
"EGF","TIMP1",0.728
"EGF","TGFB1",0.904
"EGF","VTN",0.812
"CCND1","EGF",0.731
"EGF","IL10RA",0.7
"EGF","FGF6",0.988
"EGF","GFAP",0.741
"EGF","VWF",0.711
"EGF","PIK3CA",0.746
"EGF","FGF2",0.969
"EGF","FGF10",0.99
"EGF","SH3GL2",0.704
"C1R","EGF",0.705
"EGF","TERT",0.709
"EGF","SPP1",0.715
"EGF","FGF19",0.721
"EGF","SOX2",0.725
"EGF","PROM1",0.725
"EGF","KITLG",0.728
"EGF","VEGFC",0.73
"EGF","IL13RA2",0.739
"EGF","MMP9",0.741
"EGF","PTPRC",0.743
"EGF","IL4R",0.75
"EGF","LRIG1",0.776
"EGF","TP53",0.78
"EGF","FOS",0.788
"EGF","NES",0.789
"EDN1","EGF",0.795
"BDNF","EGF",0.798
"EGF","EPHA2",0.802
"CSF1R","EGF",0.811
"EGF","MYC",0.836
"EGF","FGF1",0.841
"EGF","IL6R",0.857
"EGF","PLAU",0.86
"EGF","NGF",0.866
"EGF","NTRK2",0.884
"EGF","JUN",0.89
"EGF","NRG2",0.891
"EGF","PIK3R1",0.911
"EGF","TDGF1",0.914
"CD44","EGF",0.922
"EGF","PDGFC",0.935
"EGF","P4HB",0.938
"EGF","FN1",0.96
"EGF","NRG1",0.972
"EGF","KIT",0.973
"EGF","FGF13",0.975
"EGF","FGF9",0.988
"EGF","FGF17",0.988
"EGF","FGF18",0.988
"EGF","FGF3",0.988
"EGF","FGF16",0.988
"EGF","FGF8",0.991
"EGF","FGF7",0.992
"EGF","FGF5",0.993
"EGF","TGFA",0.998
"EGF","EGFR",0.999
"EGFL7","SPRED1",0.813
"EGFR","TNFRSF1A",0.864
"EGFR","FGF4",0.922
"EGFR","FGF20",0.927
"EGFR","TFAP2C",0.82
"EGFR","FGF22",0.926
"EGFR","SOS2",0.998
"EGFR","TGFB1",0.975
"CAV2","EGFR",0.977
"CCND1","EGFR",0.841
"EGFR","FGF6",0.924
"EGFR","FGF23",0.805
"EGFR","LIF",0.765
"ACTN4","EGFR",0.785
"EGFR","FOLH1",0.782
"EGFR","TLR2",0.933
"EGFR","THBS1",0.708
"EGFR","MTUS1",0.725
"EGFR","EPCAM",0.923
"EGFR","PIK3CA",0.999
"EGFR","LAMC2",0.722
"EGFR","FGF2",0.957
"EGFR","IL11",0.868
"EGFR","FGF10",0.926
"EGF","EGFR",0.999
"EGFR","FGF7",0.927
"EGFR","TP53",0.943
"EGFR","RAB5A",0.883
"EGFR","LRIG1",0.975
"EGFR","FGF18",0.931
"EGFR","TIMP4",0.7
"EGFR","ROR1",0.701
"EGFR","SLC2A1",0.704
"EGFR","PRKCZ",0.707
"EGFR","PLCB4",0.714
"EGFR","IDH2",0.72
"EGFR","ITGB2",0.72
"EGFR","TSLP",0.726
"EGFR","SNCA",0.728
"EGFR","TLR3",0.729
"EGFR","FGF21",0.737
"CASP8","EGFR",0.737
"APBB2","EGFR",0.738
"EGFR","PIK3CG",0.748
"EGFR","PTPRC",0.749
"EGFR","NTF3",0.752
"EGFR","SPRY1",0.753
"EGFR","KRT8",0.754
"EGFR","SOX2",0.758
"EGFR","SLA",0.765
"EGFR","IL13RA2",0.775
"EGFR","RGS4",0.778
"ABL2","EGFR",0.782
"EGFR","MMP14",0.787
"EGFR","ITGA5",0.792
"EGFR","IDH1",0.795
"EGFR","FGF19",0.795
"EGFR","HCK",0.795
"EGFR","PROM1",0.801
"EGFR","SPP1",0.812
"EGFR","MGMT",0.821
"EGFR","MMP9",0.827
"EGFR","PTPRK",0.829
"EGFR","MAPT",0.83
"EGFR","VEGFC",0.837
"EGFR","KRT18",0.84
"EGFR","SOCS3",0.841
"EGFR","PPARG",0.843
"EGFR","NF2",0.844
"EGFR","JUP",0.847
"EGFR","LYN",0.859
"EGFR","HSPA5",0.862
"EGFR","FGF13",0.871
"EGFR","JUN",0.871
"EGFR","MYC",0.875
"EGFR","NOTCH1",0.877
"BDNF","EGFR",0.877
"EGFR","NTRK2",0.882
"CAVIN1","EGFR",0.885
"EGFR","FGF1",0.887
"EGFR","NGF",0.892
"EGFR","PLAUR",0.896
"EGFR","EPHA2",0.903
"CDKN2A","EGFR",0.91
"EGFR","FGF8",0.92
"EGFR","UBASH3B",0.92
"EGFR","FGF5",0.922
"EGFR","FGF17",0.922
"EGFR","FGF16",0.927
"EGFR","FGF9",0.928
"EGFR","FGF3",0.928
"EGFR","FHL2",0.929
"EGFR","PRKCA",0.932
"EGFR","FOS",0.94
"EGFR","FN1",0.944
"EGFR","KITLG",0.95
"EGFR","PDGFC",0.961
"EGFR","SH3GL2",0.972
"EGFR","STAT1",0.975
"EGFR","IGFBP3",0.981
"EGFR","GPNMB",0.991
"EGFR","NRG2",0.996
"EGFR","PIK3R1",0.998
"CD44","EGFR",0.998
"EGFR","NRG1",0.999
"EGFR","TGFA",0.999
"CAV1","EGFR",0.999
"EGLN3","PRKCG",0.901
"EGLN3","PRKCA",0.906
"EGLN3","PRKCB",0.919
"EIF3L","SELENOP",0.729
"EIF4EBP1","LRRK2",0.861
"EIF4EBP1","RRAGD",0.753
"ELAVL4","USP24",0.79
"ELAVL4","NOVA1",0.722
"ELOA","TTF2",0.723
"ELOA","NELFA",0.905
"ELOVL2","HACD1",0.934
"ELOVL2","HACD2",0.934
"ELOVL6","HACD1",0.944
"ELOVL6","HACD2",0.952
"ACACA","ELOVL6",0.868
"EN1","FGF8",0.765
"ENAH","TES",0.967
"ENAH","GPHN",0.73
"APBB1IP","ENAH",0.949
"ENAH","EVL",0.999
"CMPK2","ENTPD1",0.901
"ENTPD1","NT5E",0.999
"ENTPD1","P2RY1",0.82
"ENTPD1","HAVCR2",0.733
"ENTPD1","PDE4B",0.707
"ENTPD1","RRM2",0.914
"CTLA4","ENTPD1",0.789
"EPCAM","MSH6",0.874
"ALDH1A1","EPCAM",0.72
"EPCAM","PECAM1",0.727
"EPCAM","ITGAM",0.734
"EPCAM","KRT7",0.735
"EPCAM","KRT18",0.789
"EPCAM","TSPAN8",0.812
"EPCAM","PTPRC",0.84
"EPCAM","KRT8",0.845
"EPCAM","PROM1",0.864
"EPCAM","KRT19",0.888
"EGFR","EPCAM",0.923
"CD44","EPCAM",0.971
"EPHA2","FGF4",0.727
"EPHA2","FGF20",0.728
"EPHA2","FGF22",0.725
"EPHA2","FGF6",0.718
"EPHA2","FGF2",0.773
"EPHA2","FGF10",0.73
"EGF","EPHA2",0.802
"EPHA2","FGF7",0.733
"EPHA2","FGF18",0.72
"EGFR","EPHA2",0.903
"EPHA2","FGF5",0.721
"EPHA2","ITGA3",0.703
"EPHA2","FGF8",0.719
"EPHA2","FGF3",0.72
"CAV1","EPHA2",0.798
"EPHA2","FGF1",0.704
"BDNF","EPHA2",0.708
"EPHA2","KITLG",0.708
"EPHA2","EPHB1",0.712
"EPHA2","NGF",0.714
"EPHA2","FGF17",0.719
"EPHA2","FGF16",0.727
"EPHA2","TGFA",0.73
"EPHA2","FGF9",0.731
"EPHA2","PIK3R1",0.733
"EPHA2","PDGFC",0.743
"EPHA2","VEGFC",0.755
"EPHA2","LYN",0.775
"EPHA2","IL13RA2",0.801
"EPHA2","EPHB2",0.851
"EPHB1","ISL2",0.742
"EPHA2","EPHB1",0.712
"EPHA2","EPHB2",0.851
"ERG","RUNX2",0.862
"ERP44","ITPR1",0.988
"ETNK1","SOX5",0.861
"ATG16L1","EVA1A",0.72
"EVI2B","LAPTM5",0.763
"CD53","EVI2B",0.726
"ADAP2","EVI2B",0.755
"EVL","SEMA6A",0.892
"ENAH","EVL",0.999
"APBB1IP","EVL",0.959
"EVL","FYB1",0.707
"EXT1","SDC2",0.715
"EXT1","SDC1",0.711
"EXT1","THSD7A",0.716
"EYA1","MYC",0.775
"F13A1","VWF",0.713
"F13A1","FN1",0.783
"APLNR","F13A1",0.784
"FABP7","GFAP",0.736
"FABP7","SLC1A3",0.738
"FABP7","S100B",0.711
"FABP7","NES",0.723
"CASP8","FAF1",0.991
"FAF1","KCTD13",0.994
"FAM20C","FGF23",0.784
"CALU","FAM20C",0.779
"FAM20C","SPP1",0.881
"ASTN2","FAM228B",0.764
"FAM241A","RTN4",0.763
"FANCD2","HES1",0.933
"FANCD2","MSH6",0.874
"FANCD2","TIMELESS",0.746
"FANCD2","MCM7",0.748
"ATRX","FANCD2",0.761
"FANCD2","XRCC2",0.799
"FANCD2","XRCC5",0.918
"FAP","FN1",0.705
"FARP2","RAP1B",0.907
"FARP2","PLXNA4",0.829
"FARP2","RAP1A",0.907
"FBLIM1","FLNC",0.999
"FBLIM1","FLNA",0.999
"FBLIM1","FLNB",0.996
"FBN1","TGFB1",0.882
"ACTA2","FBN1",0.721
"COL1A1","FBN1",0.929
"FBN1","VTN",0.806
"BMP4","FBN1",0.742
"ADAMTS2","FBN1",0.736
"FBN1","LAMC1",0.72
"FBN1","THBS1",0.801
"FBN1","LOXL1",0.888
"FBN1","LTBP2",0.887
"FBN1","ITGA5",0.775
"FBN1","MMP9",0.746
"FBN1","POSTN",0.785
"COL4A1","FBN1",0.805
"BMP7","FBN1",0.86
"FBN1","TGFBR2",0.916
"FBN1","MFAP5",0.976
"FBN1","FN1",0.982
"FBN1","MFAP2",0.997
"FCER1G","LCP2",0.857
"FCER1G","HCST",0.932
"FCER1G","TLR2",0.715
"FCER1G","TYROBP",0.999
"FCER1G","PIK3CA",0.908
"FCER1G","FCGR2A",0.907
"CSF1R","FCER1G",0.885
"CD14","FCER1G",0.718
"C1QB","FCER1G",0.718
"FCER1G","PTPRC",0.724
"CCR1","FCER1G",0.737
"CYBB","FCER1G",0.741
"FCER1G","LAIR1",0.743
"FCER1G","KLRD1",0.748
"FCER1G","ITGAM",0.782
"AIF1","FCER1G",0.782
"C1QA","FCER1G",0.792
"FCER1G","HCK",0.824
"CLEC7A","FCER1G",0.83
"FCER1G","ITGB2",0.841
"C3AR1","FCER1G",0.844
"FCER1G","ITGA2",0.855
"FCER1G","PIK3R1",0.906
"FCER1G","LYN",0.988
"FCER1G","TREM2",0.991
"FCER1G","SYK",0.999
"CRP","FCGR2A",0.992
"FCGR2A","TLR2",0.785
"FCGR2A","VWF",0.743
"FCGR2A","TYROBP",0.761
"CD163","FCGR2A",0.704
"FCGR2A","FPR1",0.708
"FCGR2A","MRC1",0.717
"FCGR2A","SELL",0.73
"FCGR2A","PIK3R1",0.753
"FCGR2A","TLR9",0.756
"CD86","FCGR2A",0.788
"FCGR2A","ITGB2",0.813
"FCGR2A","ITGAM",0.882
"FCGR2A","PTPRC",0.886
"FCGR2A","PF4",0.895
"FCER1G","FCGR2A",0.907
"FCGR2A","HCK",0.952
"FCGR2A","LYN",0.962
"FCGR2A","SYK",0.995
"FGF1","FGF4",0.777
"FGF1","FGF22",0.746
"FGF1","TGFB1",0.813
"FGF1","FGF6",0.741
"FGF1","FGF23",0.769
"FGF1","FGF2",0.962
"FGF1","FGF10",0.741
"EGF","FGF1",0.841
"FGF1","FGF7",0.726
"FGF1","FGF18",0.729
"EGFR","FGF1",0.887
"FGF1","NTRK2",0.77
"CSF1R","FGF1",0.842
"FGF1","KIT",0.811
"FGF1","FGF5",0.712
"FGF1","FGF8",0.704
"FGF1","FGF3",0.71
"EPHA2","FGF1",0.704
"FGF1","FGF17",0.953
"FGF1","NGF",0.814
"FGF1","FGF13",0.927
"BDNF","FGF1",0.707
"FGF10","TGFB1",0.825
"FGF10","FGF23",0.731
"BMP4","FGF10",0.885
"FGF10","POU5F1",0.711
"EPHA2","FGF10",0.73
"FGF1","FGF10",0.741
"FGF10","PECAM1",0.753
"FGF10","SDC1",0.761
"FGF10","NTRK2",0.766
"FGF10","FN1",0.799
"CSF1R","FGF10",0.8
"FGF10","PTX3",0.82
"FGF10","KIT",0.858
"CD44","FGF10",0.922
"EGFR","FGF10",0.926
"EGF","FGF10",0.99
"FGF11","FGF17",0.702
"CX3CL1","FGF13",0.968
"FGF13","TGFB1",0.819
"FGF13","NANOG",0.74
"BMP4","FGF13",0.737
"EGF","FGF13",0.975
"EGFR","FGF13",0.871
"FGF13","SCN3A",0.808
"FGF13","PTX3",0.903
"FGF13","SCN1A",0.727
"FGF13","SOX2",0.767
"FGF13","FN1",0.77
"FGF13","FGF17",0.893
"FGF13","MMP9",0.708
"FGF13","SDC1",0.741
"FGF13","SCN9A",0.737
"FGF13","PTHLH",0.758
"FGF1","FGF13",0.927
"FGF14","FGF17",0.713
"FGF16","TGFB1",0.823
"FGF16","FGF23",0.741
"EGF","FGF16",0.988
"EGFR","FGF16",0.927
"FGF16","NTRK2",0.754
"CSF1R","FGF16",0.801
"FGF16","KIT",0.85
"FGF16","FGF19",0.744
"FGF16","FN1",0.799
"EPHA2","FGF16",0.727
"FGF16","SDC1",0.761
"CD44","FGF16",0.874
"FGF16","PECAM1",0.741
"FGF17","TGFB1",0.817
"FGF17","FGF23",0.906
"FGF17","POU5F1",0.713
"FGF17","FGF2",0.953
"EGF","FGF17",0.988
"EGFR","FGF17",0.922
"FGF17","NTRK2",0.769
"CSF1R","FGF17",0.799
"FGF17","KIT",0.852
"FGF11","FGF17",0.702
"FGF17","FGF19",0.873
"FGF17","PTX3",0.864
"FGF17","FGF3",0.716
"FGF17","FN1",0.798
"EPHA2","FGF17",0.719
"FGF14","FGF17",0.713
"FGF17","PECAM1",0.728
"FGF17","SDC1",0.761
"FGF17","HDGF",0.771
"CD44","FGF17",0.874
"FGF13","FGF17",0.893
"FGF1","FGF17",0.953
"FGF18","TGFB1",0.826
"FGF18","FGF23",0.904
"BMP4","FGF18",0.833
"FGF18","FGF2",0.704
"EGF","FGF18",0.988
"FGF18","NGF",0.701
"EPHA2","FGF18",0.72
"FGF18","PECAM1",0.728
"FGF1","FGF18",0.729
"FGF18","FGF19",0.748
"FGF18","NTRK2",0.757
"FGF18","SDC1",0.761
"FGF18","FN1",0.8
"CSF1R","FGF18",0.801
"FGF18","KIT",0.848
"CD44","FGF18",0.874
"EGFR","FGF18",0.931
"FGF19","FGF4",0.848
"FGF19","FGF20",0.758
"FGF19","FGF23",0.701
"EGF","FGF19",0.721
"FGF18","FGF19",0.748
"EGFR","FGF19",0.795
"CSF1R","FGF19",0.729
"FGF19","KIT",0.768
"FGF16","FGF19",0.744
"FGF19","FGF9",0.748
"FGF19","FGF8",0.851
"FGF17","FGF19",0.873
"CX3CL1","FGF2",0.971
"FGF2","TIMP1",0.77
"FGF2","TGFB1",0.982
"FGF2","SERPINE1",0.741
"FGF2","VTN",0.852
"FGF2","NANOG",0.924
"BMP4","FGF2",0.873
"FGF2","LIF",0.9
"FGF2","GFAP",0.759
"FGF2","POU5F1",0.931
"FGF2","THBS1",0.841
"FGF2","PIK3CA",0.714
"FGF18","FGF2",0.704
"FGF2","MYC",0.708
"FGF2","KITLG",0.71
"FGF2","PROM1",0.72
"FGF2","PTN",0.722
"FGF2","KLF4",0.743
"FGF2","RUNX2",0.753
"FGF2","TP53",0.754
"EDN1","FGF2",0.762
"FGF2","HDGF",0.767
"EPHA2","FGF2",0.773
"FGF2","PTHLH",0.784
"BMP7","FGF2",0.786
"FGF2","PECAM1",0.801
"FGF2","FGF7",0.812
"CSPG4","FGF2",0.813
"CSF1R","FGF2",0.821
"FGF2","TGFA",0.824
"FGF2","VEGFC",0.828
"FGF2","NES",0.836
"BDNF","FGF2",0.84
"FGF2","NGF",0.869
"FGF2","SDC2",0.884
"FGF2","KIT",0.885
"FGF2","NTRK2",0.908
"FGF2","MMP9",0.919
"FGF2","SOX2",0.933
"FGF17","FGF2",0.953
"EGFR","FGF2",0.957
"FGF1","FGF2",0.962
"FGF2","FN1",0.965
"EGF","FGF2",0.969
"FGF2","PTX3",0.982
"FGF2","S100B",0.986
"CD44","FGF2",0.993
"FGF2","SDC1",0.997
"EPHA2","FGF20",0.728
"FGF20","PECAM1",0.741
"FGF19","FGF20",0.758
"FGF20","SDC1",0.761
"FGF20","NTRK2",0.766
"FGF20","FGF23",0.768
"FGF20","FGF9",0.794
"FGF20","FN1",0.797
"CSF1R","FGF20",0.801
"FGF20","TGFB1",0.821
"FGF20","KIT",0.85
"CD44","FGF20",0.887
"EGFR","FGF20",0.927
"EGF","FGF20",0.988
"EGFR","FGF21",0.737
"CSF1R","FGF21",0.724
"FGF21","PPARG",0.703
"FGF21","KIT",0.748
"FGF22","NGF",0.702
"FGF22","FGF3",0.712
"EPHA2","FGF22",0.725
"FGF22","PECAM1",0.746
"FGF1","FGF22",0.746
"FGF22","SDC1",0.761
"FGF22","NTRK2",0.762
"CSF1R","FGF22",0.799
"FGF22","FN1",0.799
"FGF22","TGFB1",0.819
"FGF22","KIT",0.848
"CD44","FGF22",0.875
"FGF22","FGF23",0.912
"EGFR","FGF22",0.926
"EGF","FGF22",0.989
"FGF23","FGF4",0.77
"FGF20","FGF23",0.768
"FGF22","FGF23",0.912
"CYP24A1","FGF23",0.796
"FGF23","FGF6",0.77
"FGF19","FGF23",0.701
"FGF23","FGF5",0.726
"FGF23","FGF3",0.729
"CSF1R","FGF23",0.729
"FGF10","FGF23",0.731
"FGF16","FGF23",0.741
"FGF23","KIT",0.744
"FGF23","FGF7",0.765
"FGF1","FGF23",0.769
"FAM20C","FGF23",0.784
"EGFR","FGF23",0.805
"FGF18","FGF23",0.904
"FGF17","FGF23",0.906
"FGF23","FGF9",0.918
"FGF23","FGF8",0.935
"FGF23","PHEX",0.981
"FGF22","FGF3",0.712
"FGF3","TGFB1",0.817
"FGF23","FGF3",0.729
"EGF","FGF3",0.988
"EGFR","FGF3",0.928
"FGF3","NTRK2",0.778
"CSF1R","FGF3",0.801
"FGF3","KIT",0.853
"FGF3","FGF8",0.727
"FGF3","VEGFC",0.708
"FGF1","FGF3",0.71
"FGF17","FGF3",0.716
"EPHA2","FGF3",0.72
"FGF3","PECAM1",0.728
"BDNF","FGF3",0.755
"FGF3","SDC1",0.761
"FGF3","FN1",0.797
"CD44","FGF3",0.874
"FGF4","NANOG",0.708
"COL18A1","FGF4",0.722
"EPHA2","FGF4",0.727
"FGF4","PECAM1",0.734
"FGF4","POU5F1",0.745
"FGF4","NTRK2",0.754
"FGF23","FGF4",0.77
"FGF1","FGF4",0.777
"FGF4","GREM1",0.781
"FGF4","HDGF",0.784
"FGF4","SDC1",0.786
"FGF4","FN1",0.799
"CSF1R","FGF4",0.8
"FGF4","TGFB1",0.824
"FGF19","FGF4",0.848
"BMP4","FGF4",0.853
"FGF4","KIT",0.858
"FGF4","SOX2",0.865
"EGFR","FGF4",0.922
"CD44","FGF4",0.923
"EGF","FGF4",0.989
"FGF5","TGFB1",0.821
"FGF5","NANOG",0.759
"FGF23","FGF5",0.726
"FGF5","POU5F1",0.733
"EGF","FGF5",0.993
"EGFR","FGF5",0.922
"FGF5","NTRK2",0.754
"CSF1R","FGF5",0.799
"FGF5","KIT",0.85
"FGF5","NGF",0.708
"FGF1","FGF5",0.712
"FGF5","VEGFC",0.717
"EPHA2","FGF5",0.721
"FGF5","PECAM1",0.733
"FGF5","SDC1",0.76
"BDNF","FGF5",0.784
"FGF5","FN1",0.799
"CD44","FGF5",0.875
"FGF6","TGFB1",0.825
"FGF6","NGF",0.703
"EPHA2","FGF6",0.718
"FGF6","PECAM1",0.728
"FGF6","HDGF",0.729
"FGF1","FGF6",0.741
"FGF6","NTRK2",0.755
"FGF6","SDC1",0.761
"FGF23","FGF6",0.77
"FGF6","FN1",0.799
"CSF1R","FGF6",0.802
"FGF6","PTX3",0.809
"FGF6","KIT",0.848
"CD44","FGF6",0.874
"EGFR","FGF6",0.924
"EGF","FGF6",0.988
"FGF7","TGFB1",0.846
"FGF23","FGF7",0.765
"BMP4","FGF7",0.718
"FGF2","FGF7",0.812
"EGF","FGF7",0.992
"FGF7","NGF",0.706
"FGF1","FGF7",0.726
"FGF7","SPP1",0.729
"EPHA2","FGF7",0.733
"FGF7","KITLG",0.735
"FGF7","PECAM1",0.757
"FGF7","SDC1",0.769
"FGF7","NTRK2",0.771
"BDNF","FGF7",0.774
"FGF7","FN1",0.802
"CSF1R","FGF7",0.807
"CD44","FGF7",0.889
"FGF7","KIT",0.911
"EGFR","FGF7",0.927
"FGF8","TGFB1",0.816
"FGF23","FGF8",0.935
"BMP4","FGF8",0.87
"FGF8","POU5F1",0.735
"EGF","FGF8",0.991
"EGFR","FGF8",0.92
"FGF8","NTRK2",0.762
"CSF1R","FGF8",0.793
"FGF8","KIT",0.848
"FGF19","FGF8",0.851
"EN1","FGF8",0.765
"FGF8","PTX3",0.783
"FGF8","SPRY1",0.7
"FGF1","FGF8",0.704
"FGF8","FLRT3",0.707
"FGF8","HDGF",0.717
"EPHA2","FGF8",0.719
"FGF3","FGF8",0.727
"FGF8","PECAM1",0.728
"FGF8","SDC1",0.759
"FGF8","MSX1",0.771
"BDNF","FGF8",0.778
"FGF8","FN1",0.799
"CD44","FGF8",0.873
"FGF20","FGF9",0.794
"FGF9","TGFB1",0.828
"FGF23","FGF9",0.918
"BMP4","FGF9",0.818
"EGF","FGF9",0.988
"EGFR","FGF9",0.928
"FGF9","NTRK2",0.773
"CSF1R","FGF9",0.801
"FGF9","KIT",0.855
"FGF19","FGF9",0.748
"FGF9","FN1",0.798
"EPHA2","FGF9",0.731
"FGF9","HDGF",0.71
"FGF9","SDC1",0.761
"FGF9","PECAM1",0.742
"BDNF","FGF9",0.769
"CD44","FGF9",0.875
"FGL2","MS4A6A",0.705
"FGL2","FN1",0.756
"FGL2","THBS1",0.778
"EGFR","FHL2",0.929
"CAVIN1","FHL2",0.797
"FHL2","TAGLN",0.7
"FKBP5","ZBTB16",0.812
"FKBP5","MAPT",0.896
"FKBP5","GLMN",0.811
"FKBP5","POSTN",0.732
"CRHR1","FKBP5",0.724
"FLG","TSLP",0.72
"DSP","FLG",0.727
"CASP14","FLG",0.946
"FLNA","MYH9",0.861
"FLNA","VWF",0.802
"FLNA","ITGA5",0.789
"FLNA","ITGA2",0.733
"FLNA","SCIN",0.792
"CFL2","FLNA",0.888
"FLNA","ITGA3",0.733
"FLNA","TLN1",0.998
"FLNA","FLNC",0.907
"CAV1","FLNA",0.908
"FLNA","FN1",0.809
"ACTA1","FLNA",0.948
"FLNA","MYC",0.701
"FLNA","PHLDB2",0.716
"FLNA","ITGA4",0.792
"FLNA","POGLUT2",0.817
"FLNA","WDR1",0.874
"CAMK2B","FLNA",0.901
"CAMK2A","FLNA",0.906
"FLNA","ITGB2",0.938
"FLNA","FLNB",0.979
"ARHGAP24","FLNA",0.992
"FLNA","TLN2",0.996
"FBLIM1","FLNA",0.999
"FLNB","ITGA5",0.737
"FLNB","ITGA2",0.736
"FLNB","SCIN",0.744
"CFL2","FLNB",0.821
"FLNB","ITGA3",0.736
"FLNB","TLN1",0.995
"FLNB","FLNC",0.921
"CAV1","FLNB",0.869
"FLNA","FLNB",0.979
"CAMK2B","FLNB",0.9
"FBLIM1","FLNB",0.996
"CAMK2A","FLNB",0.903
"FLNB","TLN2",0.995
"FLNC","ITGA5",0.747
"FLNC","ITGA2",0.722
"FLNC","SCIN",0.73
"CFL2","FLNC",0.841
"FLNC","ITGA3",0.736
"FLNC","TLN1",0.996
"FLNC","KCTD13",0.7
"FLNC","ITGA11",0.708
"FLNC","TPM2",0.742
"ACTA1","FLNC",0.792
"FLNC","MYBPC1",0.837
"FLNC","PHLDB2",0.863
"CAV1","FLNC",0.88
"CAMK2A","FLNC",0.904
"CAMK2B","FLNC",0.905
"FLNA","FLNC",0.907
"FLNB","FLNC",0.921
"FLNC","LDB3",0.926
"FLNC","TLN2",0.996
"FBLIM1","FLNC",0.999
"FLRT3","MACROD2",0.959
"FLRT3","RND1",0.718
"FGF8","FLRT3",0.707
"FLRT3","TENM2",0.877
"ADGRL3","FLRT3",0.999
"FGF4","FN1",0.799
"FGF20","FN1",0.797
"FAP","FN1",0.705
"FGF22","FN1",0.799
"FN1","LGALS1",0.878
"AURKA","FN1",0.945
"FN1","TIMP1",0.954
"FN1","TGFB1",0.969
"FN1","SERPINE1",0.79
"COL1A1","FN1",0.974
"FN1","VTN",0.999
"CCND1","FN1",0.743
"FGF6","FN1",0.799
"FN1","LAMA4",0.814
"BMP4","FN1",0.715
"FGL2","FN1",0.756
"APOE","FN1",0.712
"FN1","SERPINF1",0.846
"CRP","FN1",0.894
"FN1","NT5E",0.737
"FN1","LAMC1",0.7
"FN1","TLR2",0.917
"FN1","THBS1",0.999
"FN1","VWF",0.998
"FN1","LGALS3BP",0.953
"FN1","NID1",0.997
"FGF2","FN1",0.965
"FGF10","FN1",0.799
"FN1","ITGA9",0.945
"F13A1","FN1",0.783
"FN1","TNC",0.814
"EGF","FN1",0.96
"FN1","TIMP3",0.751
"FGF7","FN1",0.802
"FGF18","FN1",0.8
"EGFR","FN1",0.944
"FN1","KIT",0.776
"FN1","ITGA5",0.999
"FN1","VCAM1",0.983
"FN1","PF4",0.77
"FN1","ITGA2",0.986
"FN1","SCIN",0.717
"COL14A1","FN1",0.74
"BMP1","FN1",0.894
"FN1","FOS",0.782
"FN1","SDC2",0.959
"CD248","FN1",0.968
"FN1","MMP14",0.818
"FGF5","FN1",0.799
"CLU","FN1",0.802
"FN1","ITGA3",0.999
"FN1","TLN1",0.992
"FGF8","FN1",0.799
"A2M","FN1",0.851
"FBN1","FN1",0.982
"FN1","ITGA11",0.866
"FGF3","FN1",0.797
"CAV1","FN1",0.771
"FN1","SYK",0.709
"FN1","PROM1",0.712
"BRAF","FN1",0.718
"FN1","TGFBR2",0.722
"FN1","ZEB1",0.728
"BMP7","FN1",0.728
"FN1","GAP43",0.739
"FN1","NCAM1",0.748
"FN1","PECAM1",0.748
"FGF13","FN1",0.77
"FN1","MYC",0.775
"AGT","FN1",0.79
"FGF17","FN1",0.798
"FGF9","FN1",0.798
"FGF16","FN1",0.799
"FLNA","FN1",0.809
"FN1","VIM",0.809
"FN1","ITGAD",0.821
"FN1","SERPINA1",0.825
"FN1","PLAU",0.838
"COL18A1","FN1",0.838
"FN1","PTPRC",0.842
"COL4A1","FN1",0.849
"FN1","MMP9",0.85
"FN1","ITGAM",0.853
"FN1","IGFBP3",0.967
"FN1","ITGB2",0.976
"FN1","TLN2",0.984
"FN1","TGFBI",0.995
"FN1","POSTN",0.996
"FN1","SPP1",0.996
"FN1","TGM2",0.997
"FN1","SDC1",0.999
"CD44","FN1",0.999
"FN1","ITGA4",0.999
"EGFR","FOLH1",0.782
"FOS","NFE2L3",0.77
"FOS","NFKBIA",0.808
"FOS","TGFB1",0.719
"FOS","SPI1",0.975
"CCND1","FOS",0.942
"FOS","RORA",0.721
"FOS","PRKCG",0.938
"FOS","FOSL2",0.998
"EGF","FOS",0.788
"FOS","IRF8",0.752
"FOS","TP53",0.952
"EGFR","FOS",0.94
"CSF1R","FOS",0.703
"FOS","RUNX1",0.737
"FOS","KLF4",0.705
"FOS","OPN4",0.71
"FOS","NPY",0.727
"FOS","NFE2L2",0.728
"CASP1","FOS",0.74
"BDNF","FOS",0.748
"CCN1","FOS",0.753
"FOS","RPS6KA2",0.756
"FOS","RBFOX3",0.769
"CEBPD","FOS",0.772
"FN1","FOS",0.782
"CEBPA","FOS",0.859
"FOS","STAT1",0.898
"FOS","PRKCB",0.93
"FOS","PRKCA",0.946
"FOS","PRKACB",0.959
"FOS","MYC",0.965
"FOS","MAFB",0.983
"FOS","RUNX2",0.987
"FOS","JUN",0.999
"FOS","FOSL2",0.998
"FOSL2","JUN",0.999
"FOXC2","ITGA9",0.707
"FOXC2","ZEB1",0.794
"FOXC2","VEGFC",0.756
"FOXL1","GLI1",0.742
"CPS1","FOXL1",0.729
"FCGR2A","FPR1",0.708
"CCR1","FPR1",0.813
"C3AR1","FPR1",0.791
"FPR1","TLR9",0.724
"FPR1","MNDA",0.739
"FRAS1","FREM2",0.982
"FRAS1","FREM2",0.982
"ADGRL3","FRMD6",0.967
"FRMD6","NF2",0.981
"FRZB","GDF5",0.764
"FSTL1","TGFB1",0.757
"BMP4","FSTL1",0.762
"FSTL1","TLR2",0.963
"FSTL1","TLR5",0.723
"FSTL1","TLR1",0.799
"FSTL3","INHBA",0.989
"FTL","HMOX1",0.777
"FTL","SLC40A1",0.929
"APOE","FTO",0.713
"FTO","IGF2BP3",0.794
"FTO","NEGR1",0.86
"FTO","TSPAN8",0.745
"FTO","RBM15B",0.788
"ATP1A2","FXYD6",0.709
"FYB1","LCP2",0.999
"APBB1IP","FYB1",0.926
"EVL","FYB1",0.707
"FZD6","SFRP1",0.875
"FZD6","SFRP2",0.704
"FZD6","PRICKLE1",0.736
"FZD6","ROR1",0.731
"FZD6","WNT2B",0.862
"FZD6","WNT5B",0.968
"GABRB1","GABRB2",0.95
"GABRB2","GAD1",0.705
"ALDH5A1","GABRB2",0.825
"GABRB1","GABRB2",0.95
"GAD1","GFAP",0.723
"GAD1","SNAP25",0.773
"GAD1","SLC17A6",0.884
"GABRB2","GAD1",0.705
"GAD1","GRIA2",0.73
"GAD1","GLUL",0.953
"GAD1","GLS2",0.95
"ALDH5A1","GAD1",0.725
"GAD1","NPY",0.705
"GAD1","RBFOX3",0.79
"GAD1","GATM",0.818
"GAD1","SLC6A1",0.829
"GAD1","GOT1",0.845
"ADO","GAD1",0.909
"ABAT","GAD1",0.975
"CCNB2","GADD45G",0.921
"GADD45G","TP53",0.937
"GAP43","GFAP",0.716
"GAP43","SNAP25",0.819
"GAP43","MAPT",0.772
"FN1","GAP43",0.739
"GAP43","MAP2",0.821
"GAP43","NGF",0.904
"GAP43","SYN2",0.741
"BDNF","GAP43",0.748
"GAP43","NCAM1",0.831
"BOC","GAS1",0.982
"GAS1","HHIP",0.736
"GAS1","GAS2",0.929
"GAS1","PTCH1",0.998
"GAS1","GAS2",0.929
"GATA6","LMCD1",0.963
"GATA6","NANOG",0.848
"GATA6","POU5F1",0.814
"GATA6","SEMA3C",0.831
"GATA6","SOX2",0.715
"GATA6","NKX2-1",0.873
"GATA6","ZFPM2",0.94
"GATM","GLUL",0.855
"GATM","GLS2",0.835
"GATM","SHMT2",0.931
"GAD1","GATM",0.818
"ABAT","GATM",0.814
"GBP2","SAMD9L",0.7
"GBP2","STAT1",0.881
"CD74","GCN1",0.787
"GCN1","IFI35",0.786
"CST3","GDF15",0.746
"GDF15","TP53",0.762
"GDF15","TGFBR2",0.96
"GDF5","TGFBR3",0.709
"FRZB","GDF5",0.764
"BMP7","GDF5",0.714
"GDF5","GREM1",0.755
"GDF5","RGMA",0.926
"BMPR1B","GDF5",0.999
"GFAP","ITGAM",0.715
"GAP43","GFAP",0.716
"GAD1","GFAP",0.723
"GFAP","GLUL",0.73
"FABP7","GFAP",0.736
"GFAP","PLP1",0.737
"EGF","GFAP",0.741
"GFAP","MAPT",0.743
"FGF2","GFAP",0.759
"GFAP","SNAP25",0.762
"GFAP","INA",0.764
"ALDH1L1","GFAP",0.767
"GFAP","OLIG1",0.77
"GFAP","SLC1A3",0.787
"BDNF","GFAP",0.804
"GFAP","SOX2",0.805
"GFAP","MAP2",0.842
"GFAP","VIM",0.855
"DCX","GFAP",0.864
"GFAP","SLC1A2",0.885
"GFAP","NES",0.886
"AIF1","GFAP",0.913
"GFAP","OLIG2",0.919
"GFAP","S100B",0.925
"GFAP","RBFOX3",0.931
"GFER","NANOG",0.733
"GFER","POU5F1",0.747
"COX19","GFER",0.755
"GGCT","GLYAT",0.78
"GGCT","GOT1",0.829
"ANPEP","GGCT",0.902
"CAVIN1","GHDC",0.832
"GIMAP1","GIMAP2",0.725
"GIMAP1","GIMAP4",0.818
"GIMAP1","GIMAP6",0.827
"GIMAP1","GIMAP7",0.833
"GIMAP1","GIMAP8",0.893
"GIMAP1-GIMAP5","GIMAP6",0.749
"GIMAP1","GIMAP2",0.725
"GIMAP2","GIMAP7",0.815
"GIMAP1","GIMAP4",0.818
"GIMAP4","GIMAP8",0.911
"GIMAP4","GIMAP7",0.929
"GIMAP4","GIMAP6",0.907
"GIMAP1","GIMAP6",0.827
"GIMAP6","GIMAP8",0.913
"GIMAP6","GIMAP7",0.888
"GIMAP4","GIMAP6",0.907
"GIMAP1-GIMAP5","GIMAP6",0.749
"GIMAP2","GIMAP7",0.815
"GIMAP1","GIMAP7",0.833
"GIMAP7","GIMAP8",0.895
"GIMAP6","GIMAP7",0.888
"GIMAP4","GIMAP7",0.929
"GIMAP1","GIMAP8",0.893
"GIMAP7","GIMAP8",0.895
"GIMAP4","GIMAP8",0.911
"GIMAP6","GIMAP8",0.913
"ARHGEF6","GIT2",0.998
"GIT2","PAK3",0.822
"GIT2","GRK5",0.934
"FOXL1","GLI1",0.742
"GLI1","MTSS1",0.767
"GLI1","SOX2",0.772
"GLI1","NANOG",0.779
"GLI1","MYC",0.831
"GLI1","HHIP",0.898
"GLI1","PRKACB",0.954
"GLI1","PTCH1",0.978
"GLI1","KIF7",0.997
"GLMN","NLRP3",0.914
"GLMN","KCTD13",0.72
"DCAF1","GLMN",0.75
"FKBP5","GLMN",0.811
"GLMN","NLRC4",0.922
"GLRX","HPGDS",0.856
"GLRX","MAP3K5",0.811
"GLRX","RRM2",0.8
"GLRX","GPX8",0.863
"GLRX","GPX3",0.868
"GLRX","GPX2",0.869
"GLS2","TP53",0.926
"GLS2","GLUL",0.987
"GLS2","SLC1A5",0.834
"GATM","GLS2",0.835
"CPS1","GLS2",0.923
"GAD1","GLS2",0.95
"GFAP","GLUL",0.73
"GLUL","SLC1A3",0.82
"GLUL","SLC1A2",0.821
"GATM","GLUL",0.855
"GLUL","PC",0.941
"GAD1","GLUL",0.953
"CPS1","GLUL",0.972
"GLS2","GLUL",0.987
"GGCT","GLYAT",0.78
"GMFG","LAPTM5",0.704
"GNG4","GNGT1",0.93
"ADCY8","GNG4",0.713
"ADCY2","GNG4",0.754
"CNR1","GNG4",0.705
"GNG4","PRKACB",0.737
"GNG4","KCNJ6",0.765
"GNG4","PRKCB",0.785
"APLNR","GNG4",0.91
"GNG5","GNGT1",0.724
"GNG5","PRKCG",0.704
"GNG5","PRKCA",0.714
"GNG5","PRKCB",0.733
"APLNR","GNG5",0.908
"GNGT1","PRKCA",0.704
"GNG5","GNGT1",0.724
"GNG4","GNGT1",0.93
"APLNR","GNGT1",0.933
"GGCT","GOT1",0.829
"ANPEP","GOT1",0.829
"GOT1","IDH2",0.916
"GAD1","GOT1",0.845
"GOT1","IDH1",0.929
"GOT1","PC",0.943
"CLASRP","GPHN",0.803
"GPHN","LHFPL4",0.753
"AMPH","GPHN",0.711
"ENAH","GPHN",0.73
"GPHN","NRXN1",0.831
"GPHN","NLGN1",0.722
"EGFR","GPNMB",0.991
"GPNMB","LRRK2",0.809
"CD44","GPNMB",0.785
"GPX2","HMOX1",0.85
"GPX2","TP53",0.802
"GPX2","GSTT2B",0.762
"GPX2","HPGDS",0.897
"GPX2","NQO1",0.802
"CYP2C8","GPX2",0.91
"ALOX5","GPX2",0.939
"CYBB","GPX2",0.753
"GPX2","XDH",0.886
"GLRX","GPX2",0.869
"GPX2","GPX3",0.913
"GPX2","MGST1",0.784
"GPX2","NFE2L2",0.819
"GPX2","SELENOP",0.859
"GPX2","GPX8",0.93
"GPX3","HMOX1",0.844
"APOE","GPX3",0.715
"GPX3","GSTT2B",0.774
"GPX3","HPGDS",0.891
"GPX3","NQO1",0.733
"CYP2C8","GPX3",0.91
"ALOX5","GPX3",0.94
"CYBB","GPX3",0.739
"GPX3","XDH",0.881
"GLRX","GPX3",0.868
"GPX3","MGST1",0.788
"GPX3","NFE2L2",0.802
"GPX3","SELENOP",0.898
"GPX2","GPX3",0.913
"GPX3","GPX8",0.929
"GPX8","HMOX1",0.842
"GPX8","GSTT2B",0.753
"GPX8","HPGDS",0.892
"GPX8","NQO1",0.75
"CYP2C8","GPX8",0.909
"ALOX5","GPX8",0.937
"CYBB","GPX8",0.743
"GPX8","XDH",0.884
"GLRX","GPX8",0.863
"GPX3","GPX8",0.929
"GPX2","GPX8",0.93
"GPX8","MGST1",0.781
"GPX8","NFE2L2",0.805
"FGF4","GREM1",0.781
"BMP4","GREM1",0.965
"GDF5","GREM1",0.755
"BMP7","GREM1",0.911
"CACNG3","GRIA2",0.923
"GRIA2","SNAP25",0.707
"GRIA2","PRKCG",0.72
"GAD1","GRIA2",0.73
"DLG1","GRIA2",0.809
"GRIA2","GRIN1",0.901
"GRIA2","LYN",0.904
"GRIA2","GRIN2A",0.933
"GRIA2","PRKACB",0.939
"CAMK2B","GRIA2",0.953
"CAMK2A","GRIA2",0.977
"GRIA2","GRIA3",0.999
"CACNG3","GRIA3",0.852
"GRIA2","GRIA3",0.999
"GRIA3","GRIN2A",0.886
"GRIA3","PRKACB",0.924
"GRIA3","GRIN1",0.877
"CAMK2B","GRIA3",0.797
"GRIA3","LYN",0.902
"CAMK2A","GRIA3",0.808
"CACNG3","GRIN1",0.83
"GRIN1","KIF17",0.756
"GRIN1","NTRK2",0.708
"GRIA2","GRIN1",0.901
"GRIN1","P2RX7",0.909
"GRIN1","GRIN2A",0.999
"DLG1","GRIN1",0.878
"GRIN1","PRKACB",0.777
"BDNF","GRIN1",0.745
"GRIA3","GRIN1",0.877
"CAMK2A","GRIN1",0.911
"CACNG3","GRIN2A",0.794
"GRIN2A","KIF17",0.794
"GRIN2A","RASGRF2",0.795
"GRIN2A","SLC1A2",0.783
"ADCY8","GRIN2A",0.855
"GRIA2","GRIN2A",0.933
"GRIN2A","NETO1",0.758
"GRIN2A","P2RX7",0.909
"CAMK2B","GRIN2A",0.769
"BDNF","GRIN2A",0.819
"GRIA3","GRIN2A",0.886
"GRIN2A","PRKACB",0.942
"CAMK2A","GRIN2A",0.968
"DLG1","GRIN2A",0.979
"GRIN1","GRIN2A",0.999
"ARHGEF6","GRK5",0.735
"GIT2","GRK5",0.934
"GRN","TNFRSF1B",0.783
"C15orf40","GRN",0.797
"GRN","TNFRSF1A",0.803
"GRN","MAPT",0.885
"GPX8","GSTT2B",0.753
"GPX2","GSTT2B",0.762
"GPX3","GSTT2B",0.774
"GSTT2B","MGST1",0.817
"CYP1B1","GSTT2B",0.931
"GSTT2B","HPGDS",0.961
"GTF2A1L","TBPL1",0.846
"GUCY1A1","PDE1C",0.733
"GUCY1A1","GUCY1B1",0.999
"GUCY1A1","GUCY1B1",0.999
"GUCY1B1","PDE1C",0.765
"H2BC12","TP53",0.876
"H2BC12","TERT",0.826
"H2BC12","SOX2",0.833
"H2BC12","HDAC8",0.725
"ELOVL2","HACD1",0.934
"HACD1","HACD2",0.903
"ELOVL6","HACD1",0.944
"ELOVL2","HACD2",0.934
"HACD1","HACD2",0.903
"ELOVL6","HACD2",0.952
"HAVCR2","LCP2",0.725
"HAVCR2","MTUS1",0.817
"CD27","HAVCR2",0.735
"ENTPD1","HAVCR2",0.733
"CD276","HAVCR2",0.736
"HAVCR2","SELL",0.789
"HAVCR2","PTPRC",0.792
"CTLA4","HAVCR2",0.907
"CD86","HAVCR2",0.971
"HAVCR2","HMGB1",0.991
"CD163","HBB",0.756
"BCL11A","HBB",0.894
"HCK","LCP2",0.802
"HCK","SPI1",0.727
"HCK","PLEK",0.746
"HCK","TYROBP",0.851
"HCK","PIK3CA",0.723
"FCGR2A","HCK",0.952
"EGFR","HCK",0.795
"CSF1R","HCK",0.877
"FCER1G","HCK",0.824
"HCK","LAPTM5",0.733
"HCK","KHDRBS1",0.813
"HCK","HCLS1",0.718
"HCK","STAT1",0.732
"HCK","MNDA",0.876
"HCK","SYK",0.934
"HCK","ITGB2",0.748
"HCK","PIK3R1",0.857
"HCK","PIK3R5",0.931
"HCK","PIK3CG",0.937
"HCK","PTPRC",0.965
"HCK","LYN",0.986
"HCLS1","LCP2",0.715
"HCLS1","LAPTM5",0.812
"HCLS1","SCIN",0.986
"CFL2","HCLS1",0.995
"CTNND2","HCLS1",0.747
"HCLS1","MMP14",0.788
"HCLS1","TLN1",0.938
"HCLS1","SYK",0.713
"HCK","HCLS1",0.718
"HCLS1","MTSS1",0.818
"HCLS1","ITGB2",0.824
"HCLS1","TLN2",0.939
"HCLS1","LYN",0.959
"HCST","KLRD1",0.801
"HCST","ULBP2",0.861
"HCST","PIK3CA",0.902
"FCER1G","HCST",0.932
"HCST","SYK",0.945
"HCST","PIK3R1",0.951
"HCST","TYROBP",0.995
"HDAC8","TP53",0.756
"H2BC12","HDAC8",0.725
"FGF4","HDGF",0.784
"DDX5","HDGF",0.765
"FGF6","HDGF",0.729
"FGF2","HDGF",0.767
"HDGF","NUDT6",0.762
"FGF8","HDGF",0.717
"HDGF","PTN",0.816
"FGF17","HDGF",0.771
"FGF9","HDGF",0.71
"HDGF","MDK",0.934
"APOE","HDLBP",0.768
"HDLBP","LPL",0.92
"HERC5","RTP4",0.733
"HERC5","HERC6",0.798
"HERC5","UBE2E2",0.764
"HERC5","IFI35",0.802
"HERC5","STAT1",0.807
"HERC5","IFI6",0.847
"HERC5","OAS1",0.85
"HERC5","XAF1",0.862
"HERC5","IFI44L",0.912
"HERC5","IFI44",0.914
"HERC5","RSAD2",0.923
"HERC5","IFIT3",0.939
"HERC5","MX1",0.963
"HERC5","UBE2L6",0.977
"HERC6","RTP4",0.756
"HERC6","IFI35",0.776
"HERC5","HERC6",0.798
"HERC6","IFI6",0.799
"HERC6","XAF1",0.864
"HERC6","UBE2L6",0.868
"HERC6","OAS1",0.874
"HERC6","IFIT3",0.879
"HERC6","IFI44L",0.883
"HERC6","MX1",0.887
"HERC6","RSAD2",0.903
"HERC6","IFI44",0.908
"ASCL1","HES1",0.72
"HES1","RUNX2",0.803
"HES1","NOTCH1",0.897
"HES1","HEY1",0.919
"FANCD2","HES1",0.933
"ASCL1","HES6",0.837
"HES6","MSC",0.817
"HES1","HEY1",0.919
"HEY1","TP53",0.703
"HEY1","STAT1",0.813
"HEY1","NRARP",0.835
"DLL1","HEY1",0.864
"HEY1","RUNX2",0.889
"HEY1","NOTCH1",0.965
"GLI1","HHIP",0.898
"GAS1","HHIP",0.736
"HHIP","PTCH1",0.969
"ATRX","HIRA",0.701
"AURKA","HJURP",0.852
"HJURP","NDC80",0.866
"CCNB2","HJURP",0.905
"HJURP","MELK",0.924
"HJURP","PLK1",0.859
"HJURP","KIF15",0.868
"HJURP","UBE2C",0.924
"HJURP","RRM2",0.866
"HJURP","MKI67",0.946
"HJURP","PTTG1",0.708
"CCNA2","HJURP",0.877
"CD74","HLA-DMA",0.994
"HLA-DMA","HLA-DOA",0.989
"HLA-DMA","HLA-F",0.97
"HLA-DMA","HLA-DRB1",0.999
"CTSS","HLA-DMA",0.815
"HLA-DMA","HLA-DRB5",0.927
"HLA-DMA","HLA-DQB1",0.95
"HLA-DMA","HLA-DPB1",0.994
"HLA-DMA","HLA-DRA",0.999
"HLA-DMA","HLA-DPA1",0.999
"HLA-DMA","HLA-DMB",0.999
"CD74","HLA-DMB",0.982
"HLA-DMB","HLA-DOA",0.987
"HLA-DMB","HLA-F",0.937
"HLA-DMB","HLA-DRB1",0.997
"HLA-DMA","HLA-DMB",0.999
"HLA-DMB","HLA-DQB1",0.928
"HLA-DMB","HLA-DRB5",0.88
"HLA-DMB","HLA-DRA",0.999
"HLA-DMB","HLA-DPA1",0.997
"HLA-DMB","HLA-DPB1",0.988
"CD74","HLA-DOA",0.966
"HLA-DOA","HLA-DRB5",0.791
"HLA-DOA","HLA-DQB1",0.872
"HLA-DOA","HLA-F",0.93
"HLA-DOA","HLA-DRB1",0.947
"HLA-DOA","HLA-DRA",0.97
"HLA-DOA","HLA-DPA1",0.976
"HLA-DOA","HLA-DPB1",0.977
"HLA-DMB","HLA-DOA",0.987
"HLA-DMA","HLA-DOA",0.989
"CD74","HLA-DPA1",0.993
"HLA-DPA1","LCP2",0.764
"HLA-DOA","HLA-DPA1",0.976
"HLA-DPA1","HLA-F",0.949
"CD86","HLA-DPA1",0.712
"HLA-DPA1","HLA-DRB1",0.979
"CTSS","HLA-DPA1",0.71
"HLA-DMA","HLA-DPA1",0.999
"HLA-DPA1","HLA-DQB1",0.915
"HLA-DPA1","HLA-DRB5",0.91
"HLA-DPA1","HLA-DRA",0.999
"HLA-DMB","HLA-DPA1",0.997
"HLA-DPA1","HLA-DPB1",0.999
"CD74","HLA-DPB1",0.982
"HLA-DOA","HLA-DPB1",0.977
"HLA-DPB1","HLA-F",0.931
"HLA-DPB1","HLA-DRB1",0.943
"HLA-DMA","HLA-DPB1",0.994
"HLA-DPB1","HLA-DQB1",0.765
"HLA-DPB1","HLA-DRB5",0.726
"HLA-DPB1","HLA-DRA",0.993
"HLA-DPA1","HLA-DPB1",0.999
"HLA-DMB","HLA-DPB1",0.988
"CD74","HLA-DQB1",0.997
"CTSH","HLA-DQB1",0.732
"HLA-DOA","HLA-DQB1",0.872
"HLA-DQB1","HLA-F",0.738
"HLA-DQB1","HLA-DRB1",0.75
"HLA-DMA","HLA-DQB1",0.95
"HLA-DQB1","HLA-DRB5",0.763
"HLA-DPB1","HLA-DQB1",0.765
"HLA-DPA1","HLA-DQB1",0.915
"HLA-DMB","HLA-DQB1",0.928
"HLA-DQB1","HLA-DRA",0.976
"CD74","HLA-DRA",0.999
"HLA-DRA","LCP2",0.742
"HLA-DOA","HLA-DRA",0.97
"HLA-DRA","HLA-F",0.945
"HLA-DRA","IRF8",0.716
"CD86","HLA-DRA",0.714
"HLA-DRA","HLA-DRB1",0.999
"HLA-DRA","STAT1",0.849
"CTSS","HLA-DRA",0.745
"HLA-DRA","TPBG",0.9
"HLA-DMA","HLA-DRA",0.999
"HLA-DQB1","HLA-DRA",0.976
"HLA-DRA","HLA-DRB5",0.999
"HLA-DRA","ITGB2",0.705
"HLA-DRA","PTPRC",0.784
"HLA-DRA","VIM",0.934
"HLA-DPB1","HLA-DRA",0.993
"HLA-DPA1","HLA-DRA",0.999
"HLA-DMB","HLA-DRA",0.999
"CD74","HLA-DRB1",0.995
"HLA-DRB1","LCP2",0.776
"HLA-DOA","HLA-DRB1",0.947
"HLA-DRB1","HLA-F",0.94
"CD86","HLA-DRB1",0.702
"HLA-DRB1","PTPRC",0.739
"CTLA4","HLA-DRB1",0.746
"HLA-DQB1","HLA-DRB1",0.75
"HLA-DRB1","TPBG",0.902
"HLA-DRB1","VIM",0.932
"HLA-DPB1","HLA-DRB1",0.943
"HLA-DRB1","HLA-DRB5",0.955
"HLA-DPA1","HLA-DRB1",0.979
"HLA-DMB","HLA-DRB1",0.997
"HLA-DMA","HLA-DRB1",0.999
"HLA-DRA","HLA-DRB1",0.999
"CD74","HLA-DRB5",0.986
"HLA-DRB5","LCP2",0.738
"HLA-DOA","HLA-DRB5",0.791
"HLA-DRB1","HLA-DRB5",0.955
"HLA-DMA","HLA-DRB5",0.927
"HLA-DQB1","HLA-DRB5",0.763
"HLA-DRB5","PTPRC",0.714
"HLA-DPB1","HLA-DRB5",0.726
"HLA-DRB5","VIM",0.803
"HLA-DMB","HLA-DRB5",0.88
"HLA-DPA1","HLA-DRB5",0.91
"HLA-DRA","HLA-DRB5",0.999
"CD74","HLA-F",0.845
"HLA-DOA","HLA-F",0.93
"HLA-F","PSMB9",0.723
"HLA-DQB1","HLA-F",0.738
"HLA-F","STAT1",0.746
"HLA-F","KLRD1",0.896
"HLA-DPB1","HLA-F",0.931
"HLA-DMB","HLA-F",0.937
"HLA-DRB1","HLA-F",0.94
"HLA-DRA","HLA-F",0.945
"HLA-DPA1","HLA-F",0.949
"HLA-DMA","HLA-F",0.97
"HLA-F","LILRB1",0.999
"HMGA2","IGF2BP3",0.909
"CDK6","HMGA2",0.704
"HMGA2","TP53",0.867
"HMGA2","SMAD1",0.803
"HMGA2","PLAG1",0.823
"HMGA2","LIN28B",0.834
"CCNB1IP1","HMGA2",0.773
"HMGA2","MYC",0.756
"HMGA2","LPP",0.813
"HMGB1","TLR2",0.998
"HMGB1","TP53",0.997
"HMGB1","S100B",0.83
"HMGB1","VCAM1",0.71
"HMGB1","PF4",0.779
"HMGB1","TLR3",0.952
"HAVCR2","HMGB1",0.991
"HMGB1","SIGLEC10",0.965
"HMGB1","TLR1",0.741
"HMGB1","S100A9",0.759
"HMGB1","PTPRZ1",0.828
"HMGB1","TLR5",0.896
"HMGB1","TLR7",0.897
"HMGB1","SDC1",0.921
"HMGB1","TLR9",0.997
"CYBB","HMOX1",0.712
"EDN1","HMOX1",0.735
"FTL","HMOX1",0.777
"HMOX1","PPARG",0.784
"HMOX1","JUN",0.798
"GPX8","HMOX1",0.842
"GPX3","HMOX1",0.844
"GPX2","HMOX1",0.85
"HMOX1","NLRP3",0.892
"HMOX1","NQO1",0.916
"CP","HMOX1",0.942
"HMOX1","NFE2L2",0.989
"HNMT","MAOA",0.948
"GSTT2B","HPGDS",0.961
"CYP2C8","HPGDS",0.775
"GLRX","HPGDS",0.856
"GPX3","HPGDS",0.891
"GPX8","HPGDS",0.892
"GPX2","HPGDS",0.897
"HPGDS","MGST1",0.911
"AKR1C3","HPGDS",0.936
"HPGDS","PTGS1",0.946
"CYP1B1","HPGDS",0.954
"HPSE","SDC1",0.957
"HS3ST1","SULT1B1",0.845
"HS3ST2","SULT1B1",0.731
"HSPA5","NFKBIA",0.711
"HSPA5","SPCS2",0.72
"DNAJC10","HSPA5",0.998
"HSPA5","TP53",0.824
"EGFR","HSPA5",0.862
"HSPA5","TDGF1",0.928
"HSPA5","ITPR1",0.782
"CLU","HSPA5",0.874
"A2M","HSPA5",0.972
"HSPA5","MAP3K5",0.723
"HSPA5","KRT8",0.741
"BRAF","HSPA5",0.773
"HSPA5","TXNDC5",0.798
"CALU","HSPA5",0.864
"HSPA5","PAWR",0.912
"HSPA5","TFAM",0.942
"HSPA5","SNCA",0.947
"HSPA5","PDIA4",0.99
"HSPA5","PDIA6",0.995
"HSPA5","P4HB",0.996
"ICAM2","VCAM1",0.88
"ICAM2","ITGB2",0.999
"CD44","ICAM2",0.851
"ICAM2","PECAM1",0.856
"ICAM2","ITGAM",0.996
"ASCL1","ID4",0.911
"ID4","OLIG2",0.952
"ID4","TCF12",0.769
"ID4","OLIG1",0.959
"IDH1","PIK3CA",0.713
"IDH1","TP53",0.845
"EGFR","IDH1",0.795
"ALDH1A1","IDH1",0.739
"IDH1","RUNX1",0.72
"IDH1","MGMT",0.934
"IDH1","TERT",0.781
"ALDH5A1","IDH1",0.891
"IDH1","IDH2",0.961
"IDH1","ME1",0.752
"GOT1","IDH1",0.929
"ATRX","IDH1",0.888
"IDH1","NFE2L2",0.849
"CEBPA","IDH1",0.71
"IDH1","MYC",0.74
"CDKN2A","IDH1",0.744
"IDH1","PC",0.761
"BRAF","IDH1",0.799
"IDH2","TP53",0.783
"EGFR","IDH2",0.72
"IDH2","RUNX1",0.72
"IDH2","MGMT",0.893
"ALDH5A1","IDH2",0.894
"IDH2","SHMT2",0.714
"ATRX","IDH2",0.727
"BRAF","IDH2",0.731
"IDH2","PC",0.769
"GOT1","IDH2",0.916
"IDH1","IDH2",0.961
"CD74","IFI35",0.94
"IFI35","RPS4Y1",0.837
"BST2","IFI35",0.819
"IFI35","RTP4",0.859
"HERC6","IFI35",0.776
"HERC5","IFI35",0.802
"IFI35","UBE2L6",0.895
"GCN1","IFI35",0.786
"IFI35","SAMD9L",0.82
"IFI35","IFITM1",0.805
"IFI35","IFI6",0.92
"IFI35","PARP9",0.882
"IFI35","STAT1",0.95
"IFI35","XAF1",0.852
"IFI35","IFI44",0.924
"IFI35","IFI44L",0.902
"IFI35","IFIT3",0.926
"IFI35","PSMB9",0.736
"IFI35","RSAD2",0.845
"IFI35","MX1",0.909
"IFI35","OAS1",0.916
"IFI35","RND2",0.728
"BST2","IFI44",0.708
"CMPK2","IFI44",0.79
"IFI44","RTP4",0.932
"HERC6","IFI44",0.908
"HERC5","IFI44",0.914
"IFI44","SAMD9L",0.914
"IFI44","IFITM1",0.742
"IFI44","IFI6",0.959
"IFI44","PARP9",0.929
"IFI44","STAT1",0.915
"IFI44","XAF1",0.97
"IFI35","IFI44",0.924
"IFI44","OAS1",0.961
"IFI44","MX1",0.967
"IFI44","RSAD2",0.983
"IFI44","IFIT3",0.984
"IFI44","IFI44L",0.999
"CMPK2","IFI44L",0.855
"IFI44L","RTP4",0.759
"HERC6","IFI44L",0.883
"HERC5","IFI44L",0.912
"IFI44L","SAMD9L",0.866
"IFI44L","IFITM1",0.795
"IFI44L","IFI6",0.968
"IFI44L","PARP9",0.931
"IFI44L","STAT1",0.87
"IFI44L","XAF1",0.981
"IFI44","IFI44L",0.999
"IFI35","IFI44L",0.902
"IFI44L","OAS1",0.955
"IFI44L","MX1",0.965
"IFI44L","IFIT3",0.982
"IFI44L","RSAD2",0.999
"BST2","IFI6",0.744
"CMPK2","IFI6",0.733
"HERC6","IFI6",0.799
"HERC5","IFI6",0.847
"IFI6","IFITM1",0.891
"IFI6","SAMHD1",0.756
"IFI35","IFI6",0.92
"IFI6","RSAD2",0.926
"IFI6","STAT1",0.934
"IFI6","XAF1",0.937
"IFI6","IFIT3",0.957
"IFI6","OAS1",0.959
"IFI44","IFI6",0.959
"IFI6","MX1",0.96
"IFI44L","IFI6",0.968
"BST2","IFIT3",0.717
"CMPK2","IFIT3",0.904
"IFIT3","RTP4",0.847
"HERC6","IFIT3",0.879
"HERC5","IFIT3",0.939
"IFIT3","UBE2L6",0.811
"IFIT3","SAMD9L",0.913
"IFIT3","IFITM1",0.86
"IFI6","IFIT3",0.957
"IFIT3","PARP9",0.925
"IFIT3","STAT1",0.985
"IFIT3","XAF1",0.938
"IFI44","IFIT3",0.984
"IFI44L","IFIT3",0.982
"IFIT3","SAMHD1",0.804
"IFI35","IFIT3",0.926
"IFIT3","OAS1",0.947
"IFIT3","MX1",0.972
"IFIT3","RSAD2",0.999
"BST2","IFITM1",0.81
"IFITM1","RSAD2",0.719
"IFI44","IFITM1",0.742
"IFITM1","SAMHD1",0.762
"IFI44L","IFITM1",0.795
"CAV1","IFITM1",0.801
"IFI35","IFITM1",0.805
"IFITM1","STAT1",0.845
"IFITM1","MX1",0.853
"IFIT3","IFITM1",0.86
"IFITM1","OAS1",0.863
"IFI6","IFITM1",0.891
"IGF2BP3","LIN28B",0.713
"IGF2BP3","RBM15B",0.72
"FTO","IGF2BP3",0.794
"HMGA2","IGF2BP3",0.909
"IGF2R","LIF",0.71
"IGF2R","SCARB2",0.734
"IGF2R","IGFBP3",0.743
"IGF2R","TGFBR2",0.769
"IGF2R","PLAU",0.873
"COL1A1","IGFBP3",0.75
"IGFBP3","VTN",0.864
"IGFBP3","TP53",0.901
"EGFR","IGFBP3",0.981
"IGFBP3","PPARG",0.85
"IGFBP3","PAPPA",0.743
"FN1","IGFBP3",0.967
"IGF2R","IGFBP3",0.743
"CD44","IGFBP3",0.739
"IGSF6","MNDA",0.703
"IKZF1","SPI1",0.864
"IKZF1","RUNX1",0.941
"BCL11A","IKZF1",0.701
"IKZF1","MYC",0.714
"IKZF1","PTPRC",0.806
"IKZF1","RUNX3",0.903
"IL10RA","IL2RB",0.759
"CCL4","IL10RA",0.7
"EGF","IL10RA",0.7
"CTLA4","IL10RA",0.708
"CCR1","IL10RA",0.708
"CSF1R","IL10RA",0.714
"IL10RA","TNFRSF1B",0.726
"IL10RA","TSLP",0.735
"IL10RA","IL11",0.74
"IL10RA","IL6R",0.789
"IL10RA","IL4R",0.802
"IL10RA","STAT1",0.861
"CTSS","IL10RA",0.951
"IL11","IL2RB",0.73
"IL10RA","IL11",0.74
"IL11","LIF",0.932
"IL11","IL5RA",0.701
"IL11","IL4R",0.728
"IL11","PTHLH",0.763
"IL11","KITLG",0.786
"IL11","IL13RA2",0.827
"EGFR","IL11",0.868
"IL11","IL6R",0.993
"CHI3L1","IL13RA2",0.984
"IL11","IL13RA2",0.827
"EGF","IL13RA2",0.739
"EGFR","IL13RA2",0.775
"IL13RA2","TSLP",0.771
"EPHA2","IL13RA2",0.801
"IL13RA2","IL4R",0.999
"IL17D","IL17RB",0.944
"IL17D","IL6R",0.828
"IL17RB","TSLP",0.801
"IL17RB","IL33",0.931
"IL17D","IL17RB",0.944
"IL1R1","TNFRSF1A",0.921
"IL1R1","TLR2",0.867
"IL1R1","TLR3",0.832
"CD86","IL1R1",0.75
"IL1R1","NLRP3",0.806
"IL1R1","TLR9",0.801
"IL1R1","TLR1",0.763
"IL1R1","IL6R",0.834
"IL1R1","TNFRSF1B",0.703
"IL1R1","TLR7",0.762
"IL1R1","IL33",0.99
"CCL3","IL1R1",0.702
"IL1R1","PIK3R1",0.722
"IL1R1","TLR5",0.838
"CASP1","IL1R1",0.876
"IL1RAPL1","SLITRK3",0.753
"IL2RB","PTPRC",0.706
"IL11","IL2RB",0.73
"IL10RA","IL2RB",0.759
"IL2RB","TSLP",0.77
"IL2RB","SELL",0.802
"IL2RB","IL4R",0.82
"CD44","IL2RB",0.827
"CD27","IL2RB",0.829
"IL2RB","IL5RA",0.851
"IL2RB","KLRD1",0.868
"IL33","TLR2",0.814
"IL17RB","IL33",0.931
"IL33","TSLP",0.93
"IL33","IL5RA",0.723
"IL33","IL4R",0.769
"CASP1","IL33",0.987
"IL1R1","IL33",0.99
"IL2RB","IL4R",0.82
"IL10RA","IL4R",0.802
"IL4R","LIF",0.704
"IL11","IL4R",0.728
"EGF","IL4R",0.75
"IL4R","TSLP",0.877
"IL4R","STAT1",0.778
"IL4R","IL6R",0.828
"IL13RA2","IL4R",0.999
"IL33","IL4R",0.769
"IL4R","IL5RA",0.763
"IL2RB","IL5RA",0.851
"IL5RA","LIF",0.773
"IL11","IL5RA",0.701
"IL5RA","TSLP",0.847
"IL5RA","IL6R",0.734
"IL33","IL5RA",0.723
"IL4R","IL5RA",0.763
"IL6R","TNFRSF1A",0.916
"IL10RA","IL6R",0.789
"IL6R","LIF",0.852
"CRP","IL6R",0.725
"IL11","IL6R",0.993
"EGF","IL6R",0.857
"IL17D","IL6R",0.828
"IL6R","SOCS3",0.936
"IL6R","TSLP",0.74
"IL6R","STAT1",0.791
"IL5RA","IL6R",0.734
"CEBPA","IL6R",0.809
"IL6R","TNFRSF1B",0.822
"IL4R","IL6R",0.828
"IL1R1","IL6R",0.834
"GFAP","INA",0.764
"INA","NES",0.738
"INA","VIM",0.784
"INF2","MYH9",0.711
"ACTN4","INF2",0.932
"ANLN","INF2",0.788
"INF2","WT1",0.79
"FSTL3","INHBA",0.989
"INHBA","TGFB1",0.92
"INPP5A","PLCB4",0.928
"INPP5A","ITPKB",0.946
"IRF8","SPI1",0.999
"IRF8","TYROBP",0.714
"CD86","IRF8",0.708
"HLA-DRA","IRF8",0.716
"CSF1R","IRF8",0.723
"IRF8","PTPRC",0.726
"IRF8","ITGAM",0.733
"FOS","IRF8",0.752
"IRF8","MAFB",0.763
"CYBB","IRF8",0.782
"IRF8","RUNX1",0.795
"IRF8","STAT1",0.904
"ISL2","OLIG2",0.712
"EPHB1","ISL2",0.742
"ITFG2","RRAGD",0.712
"ITGA11","LAMB1",0.84
"COL1A1","ITGA11",0.888
"ITGA11","VTN",0.744
"ITGA11","LAMA4",0.8
"ITGA11","LAMC1",0.765
"ITGA11","THBS1",0.749
"ITGA11","LAMC2",0.755
"ITGA11","ITGA5",0.949
"ITGA11","ITGA2",0.947
"ITGA11","ITGA3",0.923
"ITGA11","TLN1",0.714
"FLNC","ITGA11",0.708
"ITGA11","PARVA",0.71
"ITGA11","SPP1",0.713
"ITGA11","THBS4",0.717
"ITGA11","TLN2",0.723
"COL4A5","ITGA11",0.737
"COL4A1","ITGA11",0.856
"FN1","ITGA11",0.866
"ITGA11","ITGA4",0.916
"ITGA11","ITGB2",0.94
"ITGA2","LAMB1",0.784
"COL1A1","ITGA2",0.983
"ITGA2","VTN",0.826
"ITGA2","LAMA4",0.838
"ACTN4","ITGA2",0.815
"ITGA2","LAMC1",0.792
"ITGA2","THBS1",0.87
"ITGA2","VWF",0.853
"ITGA2","PIK3CA",0.913
"ITGA2","LAMC2",0.883
"ITGA2","ITGA9",0.703
"ITGA2","TNC",0.73
"FCER1G","ITGA2",0.855
"ITGA2","ITGA5",0.962
"ITGA2","ITGAD",0.711
"ITGA2","PTPRC",0.717
"FLNC","ITGA2",0.722
"ITGA2","PARVA",0.722
"CD44","ITGA2",0.727
"FLNA","ITGA2",0.733
"FLNB","ITGA2",0.736
"COL4A5","ITGA2",0.744
"ITGA2","THBS4",0.747
"ITGA2","SPP1",0.762
"ITGA2","LYN",0.771
"COL4A1","ITGA2",0.781
"ITGA2","TLN2",0.783
"ITGA2","TLN1",0.796
"ITGA2","PRKACB",0.911
"ITGA2","PIK3R1",0.916
"ITGA11","ITGA2",0.947
"ITGA2","ITGA4",0.951
"ITGA2","ITGA3",0.972
"ITGA2","ITGB2",0.974
"FN1","ITGA2",0.986
"ITGA3","LAMB1",0.803
"COL1A1","ITGA3",0.848
"ITGA3","VTN",0.806
"ITGA3","LAMA4",0.851
"ACTN4","ITGA3",0.805
"ITGA3","LAMC1",0.808
"ITGA3","THBS1",0.965
"ITGA3","VWF",0.728
"ITGA3","LAMC2",0.845
"ITGA3","TNC",0.707
"ITGA3","ITGA5",0.961
"ITGA2","ITGA3",0.972
"EPHA2","ITGA3",0.703
"FLNA","ITGA3",0.733
"FLNC","ITGA3",0.736
"FLNB","ITGA3",0.736
"COL18A1","ITGA3",0.744
"ITGA3","SPP1",0.746
"ITGA3","PARVA",0.748
"COL4A5","ITGA3",0.789
"ITGA3","TLN2",0.852
"COL4A1","ITGA3",0.87
"ITGA3","TLN1",0.886
"ITGA3","THBS4",0.913
"ITGA11","ITGA3",0.923
"ITGA3","ITGA4",0.948
"ITGA3","ITGB2",0.969
"FN1","ITGA3",0.999
"ITGA4","LAMB1",0.724
"COL1A1","ITGA4",0.83
"ITGA4","VTN",0.834
"ITGA4","LAMA4",0.778
"ITGA4","RAP1B",0.917
"ITGA4","LAMC1",0.747
"ITGA4","THBS1",0.738
"ITGA4","VWF",0.743
"ITGA4","LAMC2",0.732
"ITGA4","ITGA5",0.97
"ITGA4","VCAM1",0.999
"ITGA2","ITGA4",0.951
"ITGA3","ITGA4",0.948
"ITGA4","TLN1",0.781
"ITGA11","ITGA4",0.916
"COL4A5","ITGA4",0.713
"ITGA4","THBS4",0.716
"FN1","ITGA4",0.999
"ITGA4","RAP1A",0.913
"FLNA","ITGA4",0.792
"COL4A1","ITGA4",0.75
"ITGA4","TSPAN8",0.985
"ITGA4","SPP1",0.973
"ITGA4","PECAM1",0.746
"ITGA4","TLN2",0.759
"ITGA4","PTPRC",0.765
"ITGA4","ITGAM",0.797
"ITGA4","SELL",0.842
"CD44","ITGA4",0.933
"ITGA4","JAM2",0.968
"ITGA4","ITGB2",0.994
"ITGA5","LAMB1",0.788
"COL1A1","ITGA5",0.944
"ITGA5","VTN",0.976
"ITGA5","LAMA4",0.888
"ACTN4","ITGA5",0.922
"ITGA5","LAMC1",0.865
"ITGA5","THBS1",0.812
"ITGA5","VWF",0.755
"ITGA5","LAMC2",0.864
"ITGA5","ITGA9",0.765
"ITGA5","TNC",0.717
"EGFR","ITGA5",0.792
"ITGA5","THBS4",0.702
"COL4A5","ITGA5",0.718
"ITGA5","TM4SF1",0.731
"ITGA5","PARVA",0.735
"FLNB","ITGA5",0.737
"FLNC","ITGA5",0.747
"FBN1","ITGA5",0.775
"ITGA5","PLAU",0.781
"CD44","ITGA5",0.785
"FLNA","ITGA5",0.789
"COL18A1","ITGA5",0.825
"ITGA5","VCAM1",0.828
"ITGA5","RUNX2",0.852
"ITGA5","SPP1",0.868
"COL4A1","ITGA5",0.882
"ITGA11","ITGA5",0.949
"ITGA3","ITGA5",0.961
"ITGA2","ITGA5",0.962
"ITGA5","TLN2",0.964
"ITGA4","ITGA5",0.97
"ITGA5","TLN1",0.978
"ITGA5","ITGB2",0.993
"FN1","ITGA5",0.999
"ITGA9","LAMB1",0.758
"COL1A1","ITGA9",0.704
"ITGA9","VTN",0.739
"ITGA9","LAMA4",0.77
"ITGA9","LAMC1",0.742
"ITGA9","THBS1",0.85
"ITGA9","VWF",0.743
"ITGA9","LAMC2",0.722
"ITGA2","ITGA9",0.703
"FOXC2","ITGA9",0.707
"COL4A5","ITGA9",0.716
"COL4A1","ITGA9",0.734
"ITGA9","ITGB2",0.745
"ITGA5","ITGA9",0.765
"ITGA9","TLN2",0.819
"ITGA9","TLN1",0.844
"ITGA9","TNR",0.912
"FN1","ITGA9",0.945
"ITGA9","TNC",0.952
"ITGA9","SPP1",0.979
"ITGA9","VCAM1",0.989
"ITGAD","VCAM1",0.973
"ITGA2","ITGAD",0.711
"FN1","ITGAD",0.821
"ITGAD","ITGB2",0.999
"CX3CL1","ITGAM",0.729
"ITGAM","VTN",0.704
"ITGAM","SPI1",0.977
"C3","ITGAM",0.999
"ITGAM","RAP1B",0.911
"GFAP","ITGAM",0.715
"ITGAM","NT5E",0.796
"ITGAM","TLR2",0.893
"ITGAM","TYROBP",0.737
"EPCAM","ITGAM",0.734
"ITGAM","PIK3CA",0.916
"ITGAM","SCARB2",0.778
"CD27","ITGAM",0.738
"IRF8","ITGAM",0.733
"FCGR2A","ITGAM",0.882
"CSF1R","ITGAM",0.865
"ITGAM","KIT",0.797
"FCER1G","ITGAM",0.782
"ITGAM","VCAM1",0.991
"ITGAM","PF4",0.83
"CCR1","ITGAM",0.711
"ANPEP","ITGAM",0.916
"C3AR1","ITGAM",0.739
"CD86","ITGAM",0.913
"ITGAM","PLAUR",0.853
"FN1","ITGAM",0.853
"CX3CR1","ITGAM",0.827
"CD163","ITGAM",0.819
"ITGAM","TLR9",0.797
"ITGAM","STAT1",0.876
"ITGAM","TLR1",0.748
"ITGAM","RAP1A",0.914
"ITGAM","MMP9",0.713
"C1QA","ITGAM",0.703
"AIF1","ITGAM",0.843
"CYBB","ITGAM",0.778
"ITGAM","TLR7",0.807
"ITGAM","SDC1",0.727
"ITGA4","ITGAM",0.797
"ITGAM","ITGB2",0.999
"CD14","ITGAM",0.75
"CD44","ITGAM",0.86
"ITGAM","PTPRC",0.971
"ICAM2","ITGAM",0.996
"ITGAM","PIK3R1",0.91
"ITGAM","SLAMF1",0.71
"ITGAM","MRC1",0.931
"ITGAM","PECAM1",0.836
"CCL3","ITGAM",0.711
"ITGAM","NCAM1",0.727
"ITGAM","KITLG",0.73
"ITGAM","SELL",0.929
"CD74","ITGB2",0.721
"CORO1A","ITGB2",0.784
"ITGB2","VTN",0.862
"ITGB2","SPI1",0.931
"ITGB2","PLEK",0.761
"C3","ITGB2",0.998
"ITGB2","RAP1B",0.927
"ITGB2","TLR2",0.791
"ITGB2","TYROBP",0.972
"ITGB2","PIK3CA",0.914
"ITGA9","ITGB2",0.745
"ITGB2","SCARB2",0.781
"FCGR2A","ITGB2",0.813
"EGFR","ITGB2",0.72
"CSF1R","ITGB2",0.862
"FCER1G","ITGB2",0.841
"ITGA5","ITGB2",0.993
"ITGB2","LAPTM5",0.861
"ITGB2","VCAM1",0.998
"CCR1","ITGB2",0.743
"ITGA2","ITGB2",0.974
"C3AR1","ITGB2",0.786
"C1QB","ITGB2",0.708
"ITGA3","ITGB2",0.969
"ITGB2","TLN1",0.977
"HCLS1","ITGB2",0.824
"ITGA11","ITGB2",0.94
"CD86","ITGB2",0.807
"ITGB2","PLAUR",0.873
"FN1","ITGB2",0.976
"ITGB2","TLR1",0.86
"CTSS","ITGB2",0.724
"ITGB2","RAP1A",0.929
"FLNA","ITGB2",0.938
"ITGB2","MMP9",0.705
"C1QA","ITGB2",0.736
"ITGB2","SYK",0.918
"HCK","ITGB2",0.748
"AIF1","ITGB2",0.72
"APBB1IP","ITGB2",0.743
"CYBB","ITGB2",0.816
"ITGAD","ITGB2",0.999
"HLA-DRA","ITGB2",0.705
"ITGA4","ITGB2",0.994
"ITGB2","LYN",0.748
"CD14","ITGB2",0.805
"ITGB2","PECAM1",0.814
"CD53","ITGB2",0.829
"ITGB2","PTPRC",0.87
"ITGB2","JAM2",0.874
"CD44","ITGB2",0.879
"ITGB2","PIK3R1",0.918
"ITGB2","SELL",0.976
"ITGB2","TLN2",0.98
"ICAM2","ITGB2",0.999
"ITGAM","ITGB2",0.999
"CENPP","ITGB3BP",0.999
"INPP5A","ITPKB",0.946
"ITPR1","PDK4",0.825
"ITPR1","RORA",0.914
"ERP44","ITPR1",0.988
"ITPR1","PRKCG",0.954
"ITPR1","TRPC4",0.728
"HSPA5","ITPR1",0.782
"ITPR1","PRKCB",0.937
"ITPR1","PRKCA",0.937
"ITPR1","PLCB4",0.947
"ITPR1","PRKACB",0.972
"ITGA4","JAM2",0.968
"ITGB2","JAM2",0.874
"JUN","NFE2L3",0.727
"JUN","TNFRSF1A",0.729
"HMOX1","JUN",0.798
"JUN","NFKBIA",0.908
"JUN","TIMP1",0.701
"JUN","TGFB1",0.722
"JUN","SPI1",0.993
"CCND1","JUN",0.919
"FOSL2","JUN",0.999
"EGF","JUN",0.89
"CDK6","JUN",0.787
"CDK2","JUN",0.825
"JUN","TP53",0.997
"EGFR","JUN",0.871
"JUN","PPARG",0.849
"JUN","RUNX1",0.843
"FOS","JUN",0.999
"CASP8","JUN",0.782
"JUN","MAP3K5",0.858
"JUN","STAT1",0.91
"JUN","PRKACB",0.963
"CEBPD","JUN",0.734
"JUN","RPS6KA2",0.741
"CDKN2A","JUN",0.779
"BCL6","JUN",0.814
"JUN","MMP9",0.866
"CEBPA","JUN",0.886
"JUN","NFE2L2",0.92
"JUN","RUNX2",0.968
"JUN","MYC",0.97
"JUN","MAFB",0.991
"DSG2","JUP",0.997
"EGFR","JUP",0.847
"DSP","JUP",0.999
"CDH4","JUP",0.776
"CDH8","JUP",0.799
"APC2","JUP",0.901
"CTNNA2","JUP",0.921
"KALRN","STK17A",0.737
"KALRN","MYLK",0.819
"DISC1","KALRN",0.838
"KAT6B","RUNX1",0.759
"KAT6B","RUNX2",0.827
"BRPF1","KAT6B",0.999
"KCNAB2","KCNC1",0.891
"DLG1","KCNAB2",0.797
"KCNAB2","KCNQ2",0.743
"CNTNAP2","KCNAB2",0.79
"KCNAB2","KCNQ3",0.73
"KCNAB2","PRKCZ",0.783
"KCNC1","RCVRN",0.791
"KCNAB2","KCNC1",0.891
"DPP6","KCNC1",0.896
"CACNA2D1","KCNE3",0.7
"KCNE3","KCNQ2",0.705
"CACNB2","KCNE3",0.841
"KCNJ10","SLC1A2",0.76
"CAV1","KCNJ10",0.872
"KCNJ10","KCNJ16",0.998
"KCNJ10","KCNJ16",0.998
"KCNJ6","PRKACB",0.917
"GNG4","KCNJ6",0.765
"KCNN2","PRKCG",0.913
"KCNN2","PRKCA",0.907
"KCNN2","PRKCB",0.907
"KCNN2","KCNN3",0.931
"KCNN3","PRKCG",0.911
"KCNN2","KCNN3",0.931
"CAV1","KCNN3",0.776
"KCNN3","PRKCA",0.912
"KCNN3","PRKCB",0.91
"KCNQ2","SCN3A",0.751
"KCNQ2","SCN1A",0.934
"KCNE3","KCNQ2",0.705
"KCNQ2","KCNQ5",0.996
"KCNQ2","PRRT2",0.715
"CACNB4","KCNQ2",0.727
"KCNAB2","KCNQ2",0.743
"KCNQ2","NRCAM",0.75
"KCNQ2","SCN9A",0.758
"KCNQ2","SPTBN4",0.884
"KCNQ2","KCNQ3",0.999
"KCNQ3","SCN1A",0.845
"KCNQ3","KCNQ5",0.998
"KCNQ2","KCNQ3",0.999
"KCNAB2","KCNQ3",0.73
"KCNQ3","NRCAM",0.709
"KCNQ3","SPTBN4",0.759
"KCNQ5","NCALD",0.912
"KCNQ2","KCNQ5",0.996
"KCNQ3","KCNQ5",0.998
"FLNC","KCTD13",0.7
"GLMN","KCTD13",0.72
"FAF1","KCTD13",0.994
"KCTD13","RND2",0.854
"KDELR2","KDELR3",0.922
"KDELR2","KDELR3",0.922
"DDX5","KHDRBS1",0.739
"KHDRBS1","SRSF1",0.836
"KHDRBS1","TP53",0.701
"KHDRBS1","SF3B1",0.7
"KHDRBS1","LYN",0.772
"DDX17","KHDRBS1",0.774
"KHDRBS1","SRRM1",0.788
"HCK","KHDRBS1",0.813
"KHDRBS1","PIK3R1",0.854
"KHDRBS1","PTBP1",0.902
"DEPDC7","KIAA1549L",0.874
"AURKA","KIF15",0.725
"KIF15","RAD51AP1",0.765
"KIF15","KIF17",0.704
"KIF15","NDC80",0.9
"CCNB2","KIF15",0.828
"KIF15","MELK",0.868
"KIF15","PTTG1",0.746
"KIF15","UBE2C",0.844
"HJURP","KIF15",0.868
"CCNA2","KIF15",0.873
"KIF15","MKI67",0.935
"KIF17","PIWIL1",0.742
"KIF15","KIF17",0.704
"GRIN1","KIF17",0.756
"GRIN2A","KIF17",0.794
"DLG1","KIF17",0.802
"GLI1","KIF7",0.997
"KIF7","PTCH1",0.793
"KIF7","PRKACB",0.787
"FGF4","KIT",0.858
"FGF20","KIT",0.85
"FGF22","KIT",0.848
"KIT","TGFB1",0.702
"CCND1","KIT",0.749
"FGF6","KIT",0.848
"FGF23","KIT",0.744
"KIT","POU5F1",0.707
"KIT","PIK3CA",0.986
"FGF2","KIT",0.885
"FGF10","KIT",0.858
"EGF","KIT",0.973
"FGF7","KIT",0.911
"KIT","TP53",0.816
"FGF18","KIT",0.848
"EDNRB","KIT",0.703
"KIT","KRT7",0.717
"KIT","PLCB4",0.718
"KIT","VCAM1",0.729
"KIT","MME",0.745
"FGF21","KIT",0.748
"KIT","SPRED1",0.751
"KIT","PDGFC",0.765
"FGF19","KIT",0.768
"KIT","RUNX1",0.773
"KIT","PECAM1",0.774
"FN1","KIT",0.776
"KIT","NCAM1",0.785
"KIT","NGF",0.786
"KIT","PROM1",0.789
"CD44","KIT",0.794
"ITGAM","KIT",0.797
"KIT","SLAMF1",0.802
"FGF1","KIT",0.811
"BDNF","KIT",0.841
"FGF8","KIT",0.848
"FGF16","KIT",0.85
"KIT","VEGFC",0.85
"FGF5","KIT",0.85
"KIT","PIK3CG",0.852
"FGF17","KIT",0.852
"FGF3","KIT",0.853
"FGF9","KIT",0.855
"KIT","TGFA",0.86
"KIT","STAT1",0.874
"ANO1","KIT",0.892
"KIT","PTPRC",0.906
"KIT","PRKCA",0.912
"ANPEP","KIT",0.921
"KIT","LYN",0.928
"KIT","PIK3R1",0.995
"KIT","KITLG",0.999
"FGF2","KITLG",0.71
"IL11","KITLG",0.786
"EGF","KITLG",0.728
"FGF7","KITLG",0.735
"EGFR","KITLG",0.95
"KITLG","NTRK2",0.7
"CSF1R","KITLG",0.949
"KIT","KITLG",0.999
"EPHA2","KITLG",0.708
"KITLG","STAT1",0.764
"KITLG","MMP9",0.921
"EDNRB","KITLG",0.881
"CD44","KITLG",0.712
"KITLG","PROM1",0.713
"ITGAM","KITLG",0.73
"KLF4","NANOG",0.994
"KLF4","LIF",0.863
"KLF4","POU5F1",0.994
"FGF2","KLF4",0.743
"KLF4","TP53",0.925
"FOS","KLF4",0.705
"KLF4","SOX2",0.998
"KLF4","SOX1",0.747
"KLF4","MYOCD",0.833
"KLF4","MYC",0.945
"IL2RB","KLRD1",0.868
"HCST","KLRD1",0.801
"HLA-F","KLRD1",0.896
"KLRD1","TYROBP",0.999
"FCER1G","KLRD1",0.748
"KLRD1","LILRB1",0.862
"KLRD1","SELL",0.703
"KLRD1","SYK",0.705
"CTLA4","KLRD1",0.738
"KLRD1","PTPRC",0.741
"KLRD1","NCAM1",0.813
"KLRD1","ULBP2",0.828
"ANLN","KPNA2",0.714
"CCNB2","KPNA2",0.794
"KPNA2","MELK",0.719
"KPNA2","UBE2C",0.806
"KPNA2","RRM2",0.743
"KPNA2","STAT1",0.76
"KPNA2","MYC",0.701
"KPNA2","NUP153",0.969
"EPCAM","KRT18",0.789
"EGFR","KRT18",0.84
"KRT18","KRT19",0.928
"KRT18","TNFRSF1B",0.941
"DSP","KRT18",0.957
"KRT18","KRT8",0.999
"EPCAM","KRT19",0.888
"KRT19","KRT7",0.701
"KRT19","PECAM1",0.781
"KRT19","KRT8",0.796
"KRT19","PROM1",0.812
"DSP","KRT19",0.84
"KRT18","KRT19",0.928
"EPCAM","KRT7",0.735
"KRT7","TP53",0.787
"KIT","KRT7",0.717
"KRT19","KRT7",0.701
"KRT7","NCAM1",0.736
"KRT7","KRT8",0.746
"KRT7","MME",0.804
"AMACR","KRT7",0.811
"KRT7","WT1",0.832
"KRT7","NKX2-1",0.873
"EPCAM","KRT8",0.845
"KRT8","TP53",0.763
"EGFR","KRT8",0.754
"HSPA5","KRT8",0.741
"KRT7","KRT8",0.746
"KRT19","KRT8",0.796
"KRT8","TNFRSF1B",0.708
"DSP","KRT8",0.869
"KRT18","KRT8",0.999
"CCDC122","LACC1",0.949
"FCER1G","LAIR1",0.743
"LAMA4","LAMB1",0.992
"LAMA4","ME1",0.732
"ITGA9","LAMA4",0.77
"ITGA4","LAMA4",0.778
"COL4A1","LAMA4",0.787
"LAMA4","NID1",0.797
"ITGA11","LAMA4",0.8
"FN1","LAMA4",0.814
"ITGA2","LAMA4",0.838
"ITGA3","LAMA4",0.851
"ITGA5","LAMA4",0.888
"CD44","LAMA4",0.925
"LAMA4","LAMC1",0.98
"LAMA4","LAMC2",0.993
"COL18A1","LAMB1",0.7
"ITGA4","LAMB1",0.724
"COL1A1","LAMB1",0.734
"ITGA9","LAMB1",0.758
"ITGA2","LAMB1",0.784
"ITGA5","LAMB1",0.788
"ITGA3","LAMB1",0.803
"ITGA11","LAMB1",0.84
"COL4A1","LAMB1",0.843
"LAMB1","NID1",0.892
"LAMB1","LAMC2",0.892
"CD44","LAMB1",0.923
"LAMA4","LAMB1",0.992
"LAMB1","LAMC1",0.999
"LAMC1","TGFB1",0.745
"LAMB1","LAMC1",0.999
"COL1A1","LAMC1",0.77
"LAMA4","LAMC1",0.98
"FN1","LAMC1",0.7
"FBN1","LAMC1",0.72
"ITGA9","LAMC1",0.742
"ITGA4","LAMC1",0.747
"ITGA11","LAMC1",0.765
"ITGA2","LAMC1",0.792
"COL18A1","LAMC1",0.793
"ITGA3","LAMC1",0.808
"ITGA5","LAMC1",0.865
"COL4A1","LAMC1",0.88
"CD44","LAMC1",0.922
"LAMC1","NID1",0.997
"LAMB1","LAMC2",0.892
"LAMA4","LAMC2",0.993
"ITGA9","LAMC2",0.722
"EGFR","LAMC2",0.722
"ITGA4","LAMC2",0.732
"COL4A1","LAMC2",0.735
"ITGA11","LAMC2",0.755
"ITGA3","LAMC2",0.845
"ITGA5","LAMC2",0.864
"ITGA2","LAMC2",0.883
"CD44","LAMC2",0.958
"CORO1A","LAPTM5",0.729
"LAPTM5","TYROBP",0.747
"LAPTM5","NCKAP1L",0.868
"C1QA","LAPTM5",0.702
"GMFG","LAPTM5",0.704
"HCK","LAPTM5",0.733
"EVI2B","LAPTM5",0.763
"HCLS1","LAPTM5",0.812
"ITGB2","LAPTM5",0.861
"CD53","LAPTM5",0.93
"LBP","TLR2",0.712
"CRP","LBP",0.776
"CD14","LBP",0.991
"APBB1IP","LCP2",0.701
"LCP2","SOS2",0.712
"HCLS1","LCP2",0.715
"LCP2","PLEK",0.724
"HAVCR2","LCP2",0.725
"HLA-DRB5","LCP2",0.738
"HLA-DRA","LCP2",0.742
"LCP2","TREM2",0.76
"HLA-DPA1","LCP2",0.764
"LCP2","RASGRP1",0.765
"HLA-DRB1","LCP2",0.776
"CD53","LCP2",0.796
"HCK","LCP2",0.802
"LCP2","UBASH3B",0.827
"LCP2","PIK3R1",0.85
"FCER1G","LCP2",0.857
"LCP2","RAP1A",0.925
"LCP2","RAP1B",0.926
"LCP2","PTPRC",0.935
"LCP2","TYROBP",0.96
"LCP2","LYN",0.967
"BLNK","LCP2",0.991
"FYB1","LCP2",0.999
"LCP2","SYK",0.999
"ACTC1","LDB3",0.799
"FLNC","LDB3",0.926
"APOE","LDLR",0.839
"DAB2","LDLR",0.934
"LGALS1","LGALS3BP",0.826
"FN1","LGALS1",0.878
"LGALS1","VIM",0.879
"LGALS1","PTPRC",0.905
"LGALS1","LGALS3BP",0.826
"FN1","LGALS3BP",0.953
"GPHN","LHFPL4",0.753
"LIF","NANOG",0.833
"IL4R","LIF",0.704
"IGF2R","LIF",0.71
"LIF","MYC",0.729
"EGFR","LIF",0.765
"IL5RA","LIF",0.773
"LIF","SOX2",0.802
"IL6R","LIF",0.852
"KLF4","LIF",0.863
"LIF","POU5F1",0.879
"FGF2","LIF",0.9
"IL11","LIF",0.932
"HLA-F","LILRB1",0.999
"LILRB1","TYROBP",0.753
"LILRB1","ULBP2",0.794
"KLRD1","LILRB1",0.862
"LILRB1","SYK",0.945
"IGF2BP3","LIN28B",0.713
"LIN28B","POU5F1",0.711
"LIN28B","SOX2",0.74
"LIN28B","MYC",0.741
"HMGA2","LIN28B",0.834
"LIPC","PNPLA3",0.956
"APOE","LIPC",0.943
"LIPC","LMF1",0.977
"ACSL1","LIPC",0.702
"LIPC","PLPP3",0.732
"ABCA1","LIPC",0.746
"LIPC","LPIN1",0.752
"LIPC","VLDLR",0.842
"APOC1","LIPC",0.853
"LIPC","PLPP4",0.909
"LIPC","PLTP",0.929
"LIPC","LPL",0.957
"GATA6","LMCD1",0.963
"LMF1","LPL",0.937
"LIPC","LMF1",0.977
"DSG2","LMNA",0.728
"LMNA","SYNE2",0.994
"DSP","LMNA",0.724
"LMNA","NUP153",0.834
"LMO2","SPI1",0.751
"CCL3","LMO2",0.705
"LMO2","MYB",0.832
"CCND2","LMO2",0.847
"BCL6","LMO2",0.852
"LMO2","TCF12",0.978
"LMO2","RUNX1",0.988
"LMO3","TP53",0.754
"ACTN4","LMO7",0.957
"CLU","LOXL1",0.702
"BMP1","LOXL1",0.727
"LOXL1","MFAP5",0.756
"LOXL1","LTBP2",0.852
"LOXL1","MFAP2",0.877
"FBN1","LOXL1",0.888
"AGT","LPAR1",0.92
"LPAR1","LPAR3",0.938
"LPAR1","LPAR5",0.987
"AGT","LPAR3",0.91
"LPAR1","LPAR3",0.938
"LPAR3","LPAR5",0.987
"AGT","LPAR5",0.901
"LPAR3","LPAR5",0.987
"LPAR1","LPAR5",0.987
"LPCAT2","PLA2G4A",0.79
"LPCAT2","PLA2G7",0.97
"LPIN1","PNPLA3",0.838
"LPIN1","PPARG",0.909
"LIPC","LPIN1",0.752
"LPIN1","PLPP3",0.973
"LPIN1","PLPP4",0.947
"LPIN1","LPL",0.937
"LPL","PNPLA3",0.94
"APOE","LPL",0.982
"ACSBG1","LPL",0.816
"LMF1","LPL",0.937
"DGKD","LPL",0.906
"LPL","SCARB2",0.812
"DGKG","LPL",0.9
"LPL","PPARG",0.941
"LIPC","LPL",0.957
"CLU","LPL",0.773
"ACSL4","LPL",0.905
"LPL","PLPP3",0.917
"LPL","VLDLR",0.911
"HDLBP","LPL",0.92
"LPL","PLPP4",0.9
"LPIN1","LPL",0.937
"CD44","LPL",0.7
"DGKZ","LPL",0.9
"LPL","PLTP",0.886
"ACSL1","LPL",0.928
"CEBPA","LPL",0.725
"APOC1","LPL",0.866
"ACSL6","LPL",0.899
"HMGA2","LPP",0.813
"LRG1","SERPINA3",0.711
"EGF","LRIG1",0.776
"EGFR","LRIG1",0.975
"CTNND2","LRRC7",0.827
"DLG1","LRRC7",0.735
"CAMK2B","LRRC7",0.792
"CAMK2A","LRRC7",0.995
"LRRK2","SNCAIP",0.706
"LRRK2","TP53",0.738
"CCDC122","LRRK2",0.72
"LRRK2","TUBB6",0.742
"GPNMB","LRRK2",0.809
"EIF4EBP1","LRRK2",0.861
"LRRK2","SH3GL2",0.887
"LRRK2","RAB5B",0.909
"LRRK2","MAPT",0.932
"LRRK2","SNCA",0.986
"CTNNA2","LRRTM4",0.837
"LRRTM4","NRXN1",0.823
"LRRTM4","NRXN3",0.739
"LSM2","LSM8",0.999
"LSM2","SRSF1",0.88
"LSM2","SRRM1",0.823
"LSM2","SF3B1",0.995
"CWC27","LSM2",0.957
"LSM8","SRRM1",0.806
"LSM8","SRSF1",0.893
"CWC27","LSM8",0.912
"LSM8","SF3B1",0.991
"LSM2","LSM8",0.999
"LTBP2","TGFB1",0.959
"LOXL1","LTBP2",0.852
"CLU","LTBP2",0.704
"CYP1B1","LTBP2",0.809
"FBN1","LTBP2",0.887
"LTF","S100A8",0.701
"LTF","TGFBI",0.705
"C3","LTF",0.711
"A2M","LTF",0.724
"LTF","MMP9",0.768
"LTF","SPP1",0.772
"APOE","LTF",0.828
"LTF","LYZ",0.901
"CP","LTF",0.971
"CLU","LTF",0.993
"DDX5","LUC7L3",0.885
"LUC7L3","SRSF1",0.883
"LUC7L3","SRRM1",0.833
"LUC7L3","SF3B1",0.858
"LY86","TYROBP",0.796
"CSF1R","LY86",0.758
"LY86","RNASE6",0.863
"CD86","LY86",0.821
"CTSS","LY86",0.723
"LCP2","LYN",0.967
"LYN","PAG1",0.961
"BLNK","LYN",0.999
"LYN","PRKCG",0.903
"LYN","PIK3CA",0.935
"LYN","SCARB2",0.973
"FCGR2A","LYN",0.962
"EGFR","LYN",0.859
"CSF1R","LYN",0.719
"KIT","LYN",0.928
"FCER1G","LYN",0.988
"GRIA2","LYN",0.904
"ITGA2","LYN",0.771
"KHDRBS1","LYN",0.772
"HCLS1","LYN",0.959
"CAV1","LYN",0.751
"EPHA2","LYN",0.775
"LYN","STAT1",0.743
"LYN","SYK",0.999
"HCK","LYN",0.986
"ITGB2","LYN",0.748
"LYN","PIK3R5",0.92
"LYN","PRKCA",0.914
"LYN","PTPRC",0.981
"LYN","MME",0.744
"LYN","PIK3CG",0.982
"LYN","PIK3R1",0.964
"CTLA4","LYN",0.714
"LYN","PECAM1",0.802
"GRIA3","LYN",0.902
"LYN","PRKCB",0.947
"LTF","LYZ",0.901
"FLRT3","MACROD2",0.959
"MAFB","SPI1",0.741
"IRF8","MAFB",0.763
"FOS","MAFB",0.983
"JUN","MAFB",0.991
"MAFB","WNT5B",0.711
"MAGI2","NLGN1",0.893
"DNAJC10","MAN1B1",0.722
"BCHE","MAOA",0.762
"HNMT","MAOA",0.948
"MAOA","SNCA",0.71
"CDCA7L","MAOA",0.738
"BDNF","MAOA",0.741
"GFAP","MAP2",0.842
"BDNF","MAP2",0.713
"DCX","MAP2",0.757
"MAP2","NES",0.807
"MAP2","RBFOX3",0.813
"GAP43","MAP2",0.821
"HSPA5","MAP3K5",0.723
"CASP8","MAP3K5",0.792
"AGT","MAP3K5",0.771
"GLRX","MAP3K5",0.811
"JUN","MAP3K5",0.858
"MAP3K5","PRKACB",0.91
"GRN","MAPT",0.885
"APOE","MAPT",0.991
"GFAP","MAPT",0.743
"BCHE","MAPT",0.712
"EGFR","MAPT",0.83
"MAPT","S100B",0.906
"LRRK2","MAPT",0.932
"MAPT","TUBB6",0.941
"MAPT","TREM2",0.733
"CRHR1","MAPT",0.755
"GAP43","MAPT",0.772
"FKBP5","MAPT",0.896
"CAMK2B","MAPT",0.937
"CAMK2A","MAPT",0.976
"MAPT","SNCA",0.994
"MASP1","MISP",0.72
"C3","MASP1",0.936
"MASP1","SERPING1",0.99
"MASP1","PLAU",0.71
"C1R","MASP1",0.769
"C1S","MASP1",0.851
"MCF2","RGS17",0.709
"MCF2","PLEK",0.977
"CDKN2A","MCM2",0.788
"CDK6","MCM2",0.796
"CCNA2","MCM2",0.827
"MCM2","RRM2",0.849
"CDK2","MCM2",0.857
"CCNB2","MCM2",0.873
"MCM2","TIMELESS",0.998
"MCM2","MCM7",0.999
"CCNA1","MCM7",0.913
"MCM2","MCM7",0.999
"CDK2","MCM7",0.914
"FANCD2","MCM7",0.748
"CCNB2","MCM7",0.752
"MCM7","PLK1",0.75
"MCM7","RRM2",0.878
"CCNA2","MCM7",0.947
"MCM7","TIMELESS",0.996
"MDK","SORL1",0.84
"MDK","PTN",0.792
"HDGF","MDK",0.934
"MDK","SDC1",0.825
"MDK","PTPRZ1",0.978
"LAMA4","ME1",0.732
"IDH1","ME1",0.752
"ME1","NFE2L2",0.849
"ME1","PC",0.997
"MEGF6","MFAP5",0.719
"AURKA","MELK",0.913
"MELK","RAD51AP1",0.887
"CDC25B","MELK",0.764
"MELK","NDC80",0.935
"ANLN","MELK",0.831
"CCNB2","MELK",0.975
"MELK","SKA3",0.718
"KPNA2","MELK",0.719
"MELK","PLK1",0.809
"MELK","STIL",0.819
"KIF15","MELK",0.868
"MELK","PTTG1",0.874
"MELK","MKI67",0.911
"HJURP","MELK",0.924
"MELK","RRM2",0.933
"CCNA2","MELK",0.939
"MELK","UBE2C",0.948
"MERTK","PROS1",0.999
"LOXL1","MFAP2",0.877
"FBN1","MFAP2",0.997
"MFAP2","MFAP5",0.943
"LOXL1","MFAP5",0.756
"FBN1","MFAP5",0.976
"MEGF6","MFAP5",0.719
"DLL1","MFAP5",0.711
"MFAP2","MFAP5",0.943
"MFNG","NOTCH1",0.945
"MGAT4A","POMGNT1",0.72
"MGMT","MSH6",0.766
"MGMT","TP53",0.77
"EGFR","MGMT",0.821
"MGMT","TERT",0.714
"ATRX","MGMT",0.733
"MGMT","RASSF1",0.868
"CDKN2A","MGMT",0.876
"IDH2","MGMT",0.893
"IDH1","MGMT",0.934
"GSTT2B","MGST1",0.817
"HPGDS","MGST1",0.911
"GPX3","MGST1",0.788
"GPX2","MGST1",0.784
"GPX8","MGST1",0.781
"CYP1B1","MGST1",0.925
"MICA","ULBP2",0.844
"MICAL2","PLXNA4",0.747
"MICALL1","SELENOP",0.728
"MICALL1","PACSIN2",0.864
"MASP1","MISP",0.72
"AURKA","MKI67",0.85
"CCND1","MKI67",0.722
"MKI67","NDC80",0.796
"ANLN","MKI67",0.745
"CCNB2","MKI67",0.87
"MELK","MKI67",0.911
"MKI67","PLK1",0.831
"KIF15","MKI67",0.935
"MKI67","UBE2C",0.916
"MKI67","RRM2",0.945
"CCNA2","MKI67",0.93
"HJURP","MKI67",0.946
"MLPH","RAB27B",0.995
"MLPH","MREG",0.81
"MLPH","MYO5A",0.999
"CCND1","MME",0.717
"KIT","MME",0.745
"ANPEP","MME",0.898
"KRT7","MME",0.804
"AGT","MME",0.957
"MME","SDC1",0.714
"AMACR","MME",0.724
"MME","PRCP",0.952
"BCL6","MME",0.926
"MME","PTPRC",0.775
"LYN","MME",0.744
"MME","NCAM1",0.858
"MMP14","TIMP1",0.999
"MMP14","NID1",0.855
"MMP14","TIMP3",0.93
"EGFR","MMP14",0.787
"MMP14","TIMP4",0.885
"MMP14","PLAU",0.764
"HCLS1","MMP14",0.788
"CAV1","MMP14",0.794
"FN1","MMP14",0.818
"MMP14","MMP9",0.831
"MMP14","RECK",0.894
"CD44","MMP14",0.919
"MMP19","NID1",0.822
"MMP26","TIMP4",0.75
"MMP9","NFKBIA",0.704
"MMP9","TIMP1",0.999
"MMP9","TGFB1",0.968
"MMP9","SERPINE1",0.801
"COL1A1","MMP9",0.84
"MMP9","VTN",0.741
"CCND1","MMP9",0.799
"LTF","MMP9",0.768
"APOE","MMP9",0.769
"CRP","MMP9",0.806
"MMP9","TLR2",0.802
"MMP9","THBS1",0.997
"MMP9","VWF",0.805
"FGF2","MMP9",0.919
"EGF","MMP9",0.741
"MMP9","TIMP3",0.995
"MMP9","TP53",0.838
"MMP9","SCUBE3",0.845
"EGFR","MMP9",0.827
"MMP9","TIMP4",0.899
"MMP9","PPARG",0.765
"MMP9","VCAM1",0.748
"COL14A1","MMP9",0.854
"MMP14","MMP9",0.831
"CLU","MMP9",0.718
"A2M","MMP9",0.845
"FBN1","MMP9",0.746
"MMP9","PLAUR",0.772
"FN1","MMP9",0.85
"CASP8","MMP9",0.712
"COL18A1","MMP9",0.92
"MMP9","STAT1",0.727
"MMP9","ZEB1",0.703
"AGT","MMP9",0.704
"CTSS","MMP9",0.874
"JUN","MMP9",0.866
"MMP9","MYC",0.704
"ITGB2","MMP9",0.705
"FGF13","MMP9",0.708
"MMP9","VIM",0.709
"MMP9","PTPRC",0.711
"ITGAM","MMP9",0.713
"MMP9","TGFBI",0.738
"BDNF","MMP9",0.74
"MMP9","PECAM1",0.743
"COL4A1","MMP9",0.753
"CLDN5","MMP9",0.756
"MMP9","RECK",0.758
"MMP9","PLAU",0.871
"KITLG","MMP9",0.921
"MMP9","SPP1",0.947
"EDN1","MMP9",0.963
"CYBB","MMP9",0.963
"MMP9","SDC1",0.968
"CD44","MMP9",0.998
"BAALC","MN1",0.781
"MNDA","SPI1",0.809
"MNDA","TYROBP",0.92
"IGSF6","MNDA",0.703
"MNDA","P2RY13",0.776
"CD53","MNDA",0.723
"FPR1","MNDA",0.739
"HCK","MNDA",0.876
"FCGR2A","MRC1",0.717
"MRC1","PLA2R1",0.908
"CSF1R","MRC1",0.773
"MRC1","PPARG",0.73
"CD86","MRC1",0.871
"CD163","MRC1",0.93
"C1QA","MRC1",0.703
"AIF1","MRC1",0.758
"CD44","MRC1",0.828
"MRC1","MSR1",0.795
"MRC1","PTPRC",0.802
"MRC1","TIMELESS",0.875
"MRC1","SELL",0.713
"CCL18","MRC1",0.771
"ITGAM","MRC1",0.931
"MREG","RAB27B",0.7
"MLPH","MREG",0.81
"MREG","MYO5A",0.887
"MRTFB","PHACTR1",0.944
"ACTA1","MRTFB",0.914
"C1QB","MS4A4A",0.764
"MS4A4A","MS4A6A",0.711
"C1QA","MS4A4A",0.803
"CD163","MS4A4A",0.843
"MS4A4A","VSIG4",0.958
"FGL2","MS4A6A",0.705
"MS4A6A","TYROBP",0.79
"MS4A6A","MS4A7",0.791
"CLU","MS4A6A",0.714
"MS4A4A","MS4A6A",0.711
"CD163","MS4A6A",0.873
"AIF1","MS4A6A",0.731
"CSF1R","MS4A7",0.724
"MS4A6A","MS4A7",0.791
"CD163","MS4A7",0.799
"HES6","MSC",0.817
"MSH6","TGFBR2",0.703
"MGMT","MSH6",0.766
"BRAF","MSH6",0.806
"MSH6","TP53",0.826
"EPCAM","MSH6",0.874
"FANCD2","MSH6",0.874
"MSH6","XRCC5",0.972
"MSI1","NES",0.775
"MSI1","SOX2",0.803
"APOE","MSR1",0.878
"MSR1","TLR2",0.732
"MSR1","SCARB2",0.807
"MRC1","MSR1",0.795
"APEH","MST1",0.837
"BMP4","MSX1",0.91
"FGF8","MSX1",0.771
"MSX1","RUNX2",0.701
"GLI1","MTSS1",0.767
"HCLS1","MTSS1",0.818
"ACTA1","MTSS1",0.906
"EGFR","MTUS1",0.725
"HAVCR2","MTUS1",0.817
"CTLA4","MTUS1",0.925
"BST2","MX1",0.804
"CMPK2","MX1",0.811
"MX1","RTP4",0.824
"HERC6","MX1",0.887
"HERC5","MX1",0.963
"MX1","UBE2L6",0.807
"MX1","TLR3",0.758
"IFITM1","MX1",0.853
"IFI6","MX1",0.96
"MX1","PARP9",0.847
"MX1","STAT1",0.942
"MX1","XAF1",0.925
"IFI44","MX1",0.967
"IFI44L","MX1",0.965
"IFIT3","MX1",0.972
"MX1","RSAD2",0.983
"MX1","SAMHD1",0.765
"IFI35","MX1",0.909
"MX1","OAS1",0.985
"MYB","SPI1",0.932
"LMO2","MYB",0.832
"MYB","TP53",0.77
"MYB","RUNX1",0.936
"MYB","TTF1",0.779
"CEBPA","MYB",0.729
"MYB","MYC",0.787
"FLNC","MYBPC1",0.837
"MYC","TFAP2C",0.96
"AURKA","MYC",0.914
"MYC","TGFB1",0.796
"CCND1","MYC",0.969
"GLI1","MYC",0.831
"MYC","NANOG",0.949
"LIF","MYC",0.729
"MYC","POU5F1",0.956
"CCND2","MYC",0.701
"MYC","PIK3CA",0.74
"FGF2","MYC",0.708
"EGF","MYC",0.836
"CDK6","MYC",0.788
"CDK2","MYC",0.96
"MYC","TP53",0.997
"EGFR","MYC",0.875
"MYC","PLK1",0.844
"FOS","MYC",0.965
"MYC","TERT",0.92
"MYC","SOX2",0.958
"IKZF1","MYC",0.714
"MYB","MYC",0.787
"MYC","USP7",0.787
"LIN28B","MYC",0.741
"FN1","MYC",0.775
"MYC","PTBP1",0.802
"CASP8","MYC",0.79
"MYC","STAT1",0.781
"MYC","ZEB1",0.8
"MYC","POU2F1",0.713
"FLNA","MYC",0.701
"JUN","MYC",0.97
"MMP9","MYC",0.704
"MYC","PLAU",0.708
"KLF4","MYC",0.945
"MYC","SDC1",0.721
"MYC","XRCC5",0.706
"MYC","NFE2L2",0.961
"MYC","ROCK1",0.728
"MYC","RUNX3",0.837
"CDCA7L","MYC",0.995
"BCL6","MYC",0.922
"MYC","TCF12",0.737
"IDH1","MYC",0.74
"CD44","MYC",0.772
"MYC","SLC2A1",0.7
"CDKN2A","MYC",0.998
"BRAF","MYC",0.722
"CEBPA","MYC",0.904
"HMGA2","MYC",0.756
"KPNA2","MYC",0.701
"CCNA2","MYC",0.734
"EYA1","MYC",0.775
"MYC","NOTCH1",0.899
"CALD1","MYH9",0.711
"INF2","MYH9",0.711
"MYH9","TPM1",0.765
"MYH9","MYLK",0.77
"MYH9","WDR1",0.77
"MYH9","TPM2",0.775
"MYH9","ROCK1",0.784
"MYH9","TLN1",0.848
"FLNA","MYH9",0.861
"MYH9","MYO1C",0.873
"ACTN4","MYH9",0.926
"ACTG2","MYH9",0.944
"ACTA2","MYH9",0.953
"CD163","MYH9",0.955
"MYH9","MYL9",0.99
"MYH9","MYL9",0.99
"ACTA2","MYL9",0.97
"CNN1","MYL9",0.771
"MYL9","RUNX1",0.806
"MYL9","TPM1",0.84
"CALD1","MYL9",0.844
"MYL9","TPM2",0.866
"MYL9","TAGLN",0.929
"MYL9","ROCK1",0.953
"ACTG2","MYL9",0.974
"MYL9","MYLK",0.989
"MYH9","MYLK",0.77
"ACTA2","MYLK",0.89
"KALRN","MYLK",0.819
"CNN1","MYLK",0.703
"MYL9","MYLK",0.989
"MYLK","TPM1",0.857
"MYLK","TPM3",0.75
"MYLK","TPM2",0.82
"CALD1","MYLK",0.832
"ACTG2","MYLK",0.856
"MYLK","PRKACB",0.907
"MYH9","MYO1C",0.873
"MYO1C","SF3B1",0.819
"MYO1C","MYO9A",0.913
"MYO5A","RAB27B",0.882
"MREG","MYO5A",0.887
"MLPH","MYO5A",0.999
"MYO5A","SYTL4",0.735
"MYO1C","MYO9A",0.913
"CNN1","MYOCD",0.84
"ACTC1","MYOCD",0.701
"MYOCD","PHACTR1",0.804
"KLF4","MYOCD",0.833
"MYOCD","TAGLN",0.885
"NAMPT","NPAS2",0.722
"CYBB","NAMPT",0.923
"NAMPT","NT5E",0.926
"BST1","NAMPT",0.96
"FGF4","NANOG",0.708
"DDX5","NANOG",0.916
"CCND1","NANOG",0.746
"GLI1","NANOG",0.779
"ABCG2","NANOG",0.717
"NANOG","PECAM1",0.73
"GFER","NANOG",0.733
"FGF13","NANOG",0.74
"BMP4","NANOG",0.758
"FGF5","NANOG",0.759
"NANOG","ZEB1",0.769
"ALDH1A1","NANOG",0.771
"NANOG","SOX1",0.776
"NANOG","NES",0.825
"LIF","NANOG",0.833
"NANOG","PROM1",0.846
"GATA6","NANOG",0.848
"NANOG","TP53",0.857
"NANOG","TDGF1",0.92
"FGF2","NANOG",0.924
"MYC","NANOG",0.949
"CD44","NANOG",0.987
"KLF4","NANOG",0.994
"NANOG","POU5F1",0.999
"NANOG","SOX2",0.999
"CNN1","NAV2",0.725
"DCLK1","NBEA",0.816
"NBEA","PRKACB",0.779
"NBEA","NOTCH1",0.909
"KCNQ5","NCALD",0.912
"DLG1","NCALD",0.816
"NCAM1","ST8SIA4",0.954
"NCAM1","NCAN",0.969
"NCAM1","NT5E",0.734
"NCAM1","SCARB2",0.717
"CD27","NCAM1",0.77
"KIT","NCAM1",0.785
"NCAM1","VCAM1",0.802
"ANPEP","NCAM1",0.818
"KRT7","NCAM1",0.736
"KLRD1","NCAM1",0.813
"FN1","NCAM1",0.748
"NCAM1","STAT1",0.709
"NCAM1","SDC1",0.842
"NCAM1","PTPRZ1",0.895
"GAP43","NCAM1",0.831
"CD44","NCAM1",0.712
"NCAM1","PTPRC",0.875
"BDNF","NCAM1",0.767
"MME","NCAM1",0.858
"ITGAM","NCAM1",0.727
"NCAM1","SELL",0.794
"NCAN","PNPLA3",0.75
"NCAN","TNR",0.746
"BCAN","NCAN",0.955
"NCAM1","NCAN",0.969
"NCAN","PTPRZ1",0.976
"CD53","NCKAP1L",0.716
"NCKAP1L","PTPRC",0.721
"LAPTM5","NCKAP1L",0.868
"NCKAP1L","SRA1",0.9
"AURKA","NDC80",0.933
"NDC80","RRM2",0.745
"MKI67","NDC80",0.796
"NDC80","PTTG1",0.833
"HJURP","NDC80",0.866
"NDC80","UBE2C",0.87
"CCNB2","NDC80",0.875
"NDC80","SPDL1",0.878
"CCNA2","NDC80",0.893
"KIF15","NDC80",0.9
"MELK","NDC80",0.935
"NDC80","SKA3",0.943
"NDC80","PLK1",0.951
"NDUFA1","NDUFS3",0.999
"NDUFA1","NDUFB8",0.999
"NDUFA1","NDUFS5",0.999
"NDUFA1","NDUFA13",0.999
"NDUFA13","NDUFS3",0.999
"NDUFA13","NDUFB8",0.999
"NDUFA13","SLC25A23",0.779
"NDUFA13","PWWP3B",0.924
"NDUFA1","NDUFA13",0.999
"NDUFA13","NDUFS5",0.999
"NDUFAF6","NDUFS3",0.901
"NDUFB8","NDUFS3",0.999
"NDUFB8","TFAM",0.71
"NDUFB8","PWWP3B",0.93
"NDUFA13","NDUFB8",0.999
"NDUFA1","NDUFB8",0.999
"NDUFB8","NDUFS5",0.999
"CEP97","NDUFS3",0.714
"NDUFS3","SNCA",0.725
"NDUFS3","PTPMT1",0.728
"NDUFS3","SLC25A23",0.817
"NDUFAF6","NDUFS3",0.901
"NDUFS3","PWWP3B",0.974
"NDUFA1","NDUFS3",0.999
"NDUFS3","NDUFS5",0.999
"NDUFA13","NDUFS3",0.999
"NDUFB8","NDUFS3",0.999
"NDUFS3","NDUFS5",0.999
"NDUFB8","NDUFS5",0.999
"NDUFA1","NDUFS5",0.999
"NDUFA13","NDUFS5",0.999
"NECTIN3","SHROOM3",0.713
"FTO","NEGR1",0.86
"NELFA","TTF2",0.725
"ELOA","NELFA",0.905
"NELL1","PLA2R1",0.738
"NELL1","THSD7A",0.773
"CCND1","NES",0.802
"NANOG","NES",0.825
"GFAP","NES",0.886
"MSI1","NES",0.775
"NES","POU5F1",0.835
"FGF2","NES",0.836
"NES","SLC1A3",0.745
"EGF","NES",0.789
"ASCL1","NES",0.744
"NES","S100B",0.728
"NES","SOX2",0.891
"NES","SOX1",0.795
"NES","OLIG2",0.836
"FABP7","NES",0.723
"MAP2","NES",0.807
"NES","NOTCH1",0.705
"INA","NES",0.738
"BDNF","NES",0.759
"NES","PROM1",0.829
"NES","VIM",0.867
"DCX","NES",0.876
"CD44","NES",0.888
"NES","RBFOX3",0.932
"GRIN2A","NETO1",0.758
"NF2","TP53",0.773
"EGFR","NF2",0.844
"FRMD6","NF2",0.981
"NF2","SPTBN1",0.882
"DCAF1","NF2",0.956
"CD44","NF2",0.979
"NFATC4","PPP3CB",0.941
"HMOX1","NFE2L2",0.989
"NFE2L2","NFKBIA",0.747
"NFE2L2","TP53",0.78
"NFE2L2","PPARG",0.831
"FOS","NFE2L2",0.728
"NFE2L2","NQO1",0.978
"ME1","NFE2L2",0.849
"JUN","NFE2L2",0.92
"GPX3","NFE2L2",0.802
"GPX2","NFE2L2",0.819
"CDKN2A","NFE2L2",0.745
"GPX8","NFE2L2",0.805
"IDH1","NFE2L2",0.849
"NFE2L2","NOTCH1",0.857
"MYC","NFE2L2",0.961
"JUN","NFE2L3",0.727
"FOS","NFE2L3",0.77
"NFIA","SPI1",0.791
"NFIA","SLC1A3",0.756
"NFKBIA","TNFRSF1A",0.809
"MMP9","NFKBIA",0.704
"HSPA5","NFKBIA",0.711
"NFKBIA","PRKCA",0.713
"NFKBIA","TLR9",0.719
"NFKBIA","TLR5",0.719
"NFKBIA","SOCS3",0.726
"NFKBIA","SYK",0.73
"NFE2L2","NFKBIA",0.747
"NFKBIA","TLR2",0.749
"CCL3","NFKBIA",0.752
"NFKBIA","PIK3R1",0.773
"NFKBIA","VCAM1",0.787
"FOS","NFKBIA",0.808
"JUN","NFKBIA",0.908
"NFKBIA","TP53",0.915
"NFKBIA","STAT1",0.917
"NFKBIA","PRKACB",0.965
"FGF22","NGF",0.702
"NGF","TGFB1",0.753
"FGF6","NGF",0.703
"FGF2","NGF",0.869
"EGF","NGF",0.866
"FGF7","NGF",0.706
"FGF18","NGF",0.701
"EGFR","NGF",0.892
"NGF","NTRK2",0.999
"CSF1R","NGF",0.73
"NGF","NRG1",0.719
"KIT","NGF",0.786
"FGF5","NGF",0.708
"A2M","NGF",0.719
"EPHA2","NGF",0.714
"FGF1","NGF",0.814
"NGF","NTF3",0.821
"NGF","SORCS3",0.847
"GAP43","NGF",0.904
"LAMB1","NID1",0.892
"COL1A1","NID1",0.739
"NID1","VTN",0.996
"LAMA4","NID1",0.797
"LAMC1","NID1",0.997
"MMP19","NID1",0.822
"MMP14","NID1",0.855
"COL4A1","NID1",0.855
"CD44","NID1",0.991
"FN1","NID1",0.997
"NKAIN1","RBFOX3",0.824
"GATA6","NKX2-1",0.873
"KRT7","NKX2-1",0.873
"NKX2-1","SFTPB",0.951
"MAGI2","NLGN1",0.893
"ASTN2","NLGN1",0.732
"CNTNAP2","NLGN1",0.765
"NLGN1","NRXN1",0.999
"GPHN","NLGN1",0.722
"NLGN1","SPARCL1",0.737
"NLGN1","NRXN3",0.964
"NLRC4","TLR2",0.701
"NLRC4","TP53",0.802
"NLRC4","NLRP3",0.999
"CASP8","NLRC4",0.946
"GLMN","NLRC4",0.922
"NLRC4","TLR5",0.758
"NLRC4","NLRP2",0.974
"CASP1","NLRC4",0.999
"NLRP2","NLRP3",0.81
"NLRC4","NLRP2",0.974
"NLRP2","SLA",0.853
"CASP1","NLRP2",0.976
"HMOX1","NLRP3",0.892
"CRP","NLRP3",0.707
"NLRP3","TLR2",0.849
"NLRP3","TLR3",0.76
"NLRP3","P2RX7",0.866
"NLRP3","TLR9",0.746
"NLRP3","SYK",0.795
"IL1R1","NLRP3",0.806
"NLRP2","NLRP3",0.81
"GLMN","NLRP3",0.914
"CASP8","NLRP3",0.948
"CASP1","NLRP3",0.999
"NLRC4","NLRP3",0.999
"CAV1","NOSTRIN",0.869
"CCND1","NOTCH1",0.902
"HES1","NOTCH1",0.897
"DTX1","NOTCH1",0.984
"NOTCH1","PIK3CA",0.786
"NOTCH1","TP53",0.789
"EGFR","NOTCH1",0.877
"HEY1","NOTCH1",0.965
"DLK1","NOTCH1",0.852
"NOTCH1","USP7",0.84
"NOTCH1","NRARP",0.975
"MFNG","NOTCH1",0.945
"DLL1","NOTCH1",0.999
"NES","NOTCH1",0.705
"NOTCH1","POSTN",0.969
"NFE2L2","NOTCH1",0.857
"NOTCH1","RUNX3",0.746
"NBEA","NOTCH1",0.909
"CD44","NOTCH1",0.76
"CDKN2A","NOTCH1",0.723
"MYC","NOTCH1",0.899
"NOVA1","PTBP1",0.755
"ELAVL4","NOVA1",0.722
"NOVA1","RBFOX1",0.716
"NOVA1","NRXN3",0.772
"CYBB","NOXO1",0.995
"NAMPT","NPAS2",0.722
"NPAS2","RORA",0.981
"NPAS2","TIMELESS",0.896
"CRY2","NPAS2",0.998
"CRP","NPPB",0.871
"NPPB","NPR3",0.999
"AGT","NPPB",0.715
"NPPB","NPR3",0.999
"FOS","NPY",0.727
"GAD1","NPY",0.705
"AGT","NPY",0.784
"BDNF","NPY",0.825
"HMOX1","NQO1",0.916
"NQO1","TP53",0.946
"GPX3","NQO1",0.733
"GPX8","NQO1",0.75
"CYP1B1","NQO1",0.797
"GPX2","NQO1",0.802
"NFE2L2","NQO1",0.978
"NR2F2","POU5F1",0.703
"NR2F2","PPARG",0.779
"BCL11B","NR2F2",0.899
"NR2F2","PROX1",0.743
"NR2F2","ZFPM2",0.803
"BCL11A","NR2F2",0.929
"DTX1","NRARP",0.773
"HEY1","NRARP",0.835
"NOTCH1","NRARP",0.975
"NRCAM","SEMA6D",0.859
"BCAN","NRCAM",0.713
"DLG1","NRCAM",0.752
"NRCAM","SPTBN1",0.811
"KCNQ2","NRCAM",0.75
"KCNQ3","NRCAM",0.709
"NRCAM","PTPRZ1",0.923
"NRCAM","SPTBN4",0.972
"EGF","NRG1",0.972
"EGFR","NRG1",0.999
"NGF","NRG1",0.719
"DISC1","NRG1",0.723
"NRG1","TGFA",0.735
"BDNF","NRG1",0.737
"NRG1","NRG2",0.918
"EGF","NRG2",0.891
"EGFR","NRG2",0.996
"NRG1","NRG2",0.918
"NRN1","NTF3",0.714
"BDNF","NRN1",0.825
"NRXN1","SNAP25",0.753
"DSCAM","NRXN1",0.722
"NRXN1","NXPH1",0.973
"NRXN1","SPARCL1",0.71
"NRXN1","NRXN3",0.752
"LRRTM4","NRXN1",0.823
"GPHN","NRXN1",0.831
"NLGN1","NRXN1",0.999
"NRXN1","NRXN3",0.752
"LRRTM4","NRXN3",0.739
"NLGN1","NRXN3",0.964
"NOVA1","NRXN3",0.772
"NAMPT","NT5E",0.926
"CMPK2","NT5E",0.916
"NT5E","SOX2",0.714
"NT5E","VCAM1",0.724
"AK5","NT5E",0.725
"NCAM1","NT5E",0.734
"FN1","NT5E",0.737
"ANPEP","NT5E",0.785
"ITGAM","NT5E",0.796
"NT5E","PECAM1",0.84
"NT5E","PTPRC",0.891
"CD44","NT5E",0.901
"ADA2","NT5E",0.96
"NT5E","UPP2",0.98
"ENTPD1","NT5E",0.999
"EGFR","NTF3",0.752
"NTF3","NTRK2",0.999
"NGF","NTF3",0.821
"NRN1","NTF3",0.714
"BDNF","NTF3",0.991
"BDNF","NTN1",0.708
"DOCK1","NTN1",0.808
"NTN1","SLIT1",0.809
"NTN1","SLIT2",0.821
"DSCAM","NTN1",0.999
"DSCAM","NTN4",0.793
"FGF4","NTRK2",0.754
"FGF20","NTRK2",0.766
"FGF22","NTRK2",0.762
"FGF6","NTRK2",0.755
"FGF2","NTRK2",0.908
"FGF10","NTRK2",0.766
"EGF","NTRK2",0.884
"FGF7","NTRK2",0.771
"FGF18","NTRK2",0.757
"EGFR","NTRK2",0.882
"NTRK2","PTPRF",0.7
"KITLG","NTRK2",0.7
"GRIN1","NTRK2",0.708
"NTRK2","VEGFC",0.712
"NTRK2","TGFA",0.712
"NTRK2","PIK3R1",0.741
"FGF5","NTRK2",0.754
"FGF16","NTRK2",0.754
"FGF8","NTRK2",0.762
"FGF17","NTRK2",0.769
"FGF1","NTRK2",0.77
"FGF9","NTRK2",0.773
"ADCYAP1R1","NTRK2",0.774
"FGF3","NTRK2",0.778
"NTRK2","PDGFC",0.802
"CNR1","NTRK2",0.822
"NTF3","NTRK2",0.999
"NGF","NTRK2",0.999
"BDNF","NTRK2",0.999
"NUB1","SNCAIP",0.728
"HDGF","NUDT6",0.762
"NUP153","SPI1",0.728
"NUP153","SOX2",0.826
"LMNA","NUP153",0.834
"KPNA2","NUP153",0.969
"NRXN1","NXPH1",0.973
"BST2","OAS1",0.779
"CMPK2","OAS1",0.776
"OAS1","RTP4",0.874
"HERC6","OAS1",0.874
"HERC5","OAS1",0.85
"OAS1","UBE2L6",0.769
"IFITM1","OAS1",0.863
"IFI6","OAS1",0.959
"OAS1","PARP9",0.87
"OAS1","STAT1",0.966
"OAS1","XAF1",0.887
"IFI44","OAS1",0.961
"IFI44L","OAS1",0.955
"IFIT3","OAS1",0.947
"OAS1","RSAD2",0.967
"MX1","OAS1",0.985
"OAS1","SAMHD1",0.71
"IFI35","OAS1",0.916
"OCA2","STAT1",0.846
"OCA2","SLC24A4",0.857
"OLFM1","TENM4",0.871
"OLFML3","P2RY12",0.733
"GFAP","OLIG1",0.77
"ASCL1","OLIG1",0.785
"CSPG4","OLIG1",0.822
"OLIG1","OLIG2",0.909
"ID4","OLIG1",0.959
"OLIG1","PLP1",0.815
"GFAP","OLIG2",0.919
"ASCL1","OLIG2",0.775
"ISL2","OLIG2",0.712
"OLIG2","S100B",0.711
"CSPG4","OLIG2",0.898
"OLIG2","SOX2",0.797
"DCX","OLIG2",0.706
"OLIG2","PLP1",0.733
"AIF1","OLIG2",0.771
"OLIG2","RBFOX3",0.828
"NES","OLIG2",0.836
"OLIG1","OLIG2",0.909
"ID4","OLIG2",0.952
"FOS","OPN4",0.71
"OTUD5","ZUP1",0.821
"P2RX7","P2RY1",0.72
"P2RX7","P2RY12",0.733
"CASP1","P2RX7",0.793
"NLRP3","P2RX7",0.866
"GRIN2A","P2RX7",0.909
"GRIN1","P2RX7",0.909
"P2RY1","SIX3",0.762
"P2RX7","P2RY1",0.72
"ENTPD1","P2RY1",0.82
"P2RY1","P2RY12",0.957
"CSF1R","P2RY12",0.756
"P2RY1","P2RY12",0.957
"C1QA","P2RY12",0.714
"OLFML3","P2RY12",0.733
"P2RX7","P2RY12",0.733
"AIF1","P2RY12",0.747
"P2RY12","TREM2",0.874
"P2RY12","P2RY13",0.901
"P2RY12","P2RY13",0.901
"MNDA","P2RY13",0.776
"COL1A1","P4HB",0.763
"DNAJC10","P4HB",0.703
"EGF","P4HB",0.938
"HSPA5","P4HB",0.996
"P4HB","PDIA4",0.799
"CALU","P4HB",0.872
"P4HB","PDIA6",0.914
"MICALL1","PACSIN2",0.864
"CAVIN1","PACSIN2",0.776
"CAV1","PACSIN2",0.795
"COBL","PACSIN2",0.893
"LYN","PAG1",0.961
"PAICS","SHMT2",0.843
"ARHGEF6","PAK3",0.993
"PAK3","RHOJ",0.794
"GIT2","PAK3",0.822
"PAK3","RHOU",0.713
"CRP","PAPPA",0.719
"PAPPA","STC2",0.962
"ADAM12","PAPPA",0.702
"IGFBP3","PAPPA",0.743
"ANP32E","PAPPA",0.836
"PARD6A","PRKCZ",0.999
"PARP15","PARP9",0.759
"CMPK2","PARP9",0.769
"PARP9","RTP4",0.805
"PARP9","SAMD9L",0.872
"PARP15","PARP9",0.759
"MX1","PARP9",0.847
"PARP9","RSAD2",0.866
"OAS1","PARP9",0.87
"IFI35","PARP9",0.882
"PARP9","XAF1",0.894
"IFIT3","PARP9",0.925
"IFI44","PARP9",0.929
"IFI44L","PARP9",0.931
"PARP9","STAT1",0.943
"ITGA5","PARVA",0.735
"ITGA2","PARVA",0.722
"ITGA3","PARVA",0.748
"PARVA","TLN1",0.939
"ITGA11","PARVA",0.71
"PARVA","TLN2",0.941
"PATZ1","TP53",0.764
"HSPA5","PAWR",0.912
"PAWR","PRKCZ",0.716
"PAWR","WT1",0.906
"GLUL","PC",0.941
"ALDH5A1","PC",0.885
"IDH2","PC",0.769
"ME1","PC",0.997
"GOT1","PC",0.943
"IDH1","PC",0.761
"ACACA","PC",0.775
"PCBP4","TP53",0.909
"PCSK1N","SCG2",0.724
"ADCY8","PDE1C",0.801
"GUCY1A1","PDE1C",0.733
"ADCY2","PDE1C",0.703
"GUCY1B1","PDE1C",0.765
"ADCY8","PDE4B",0.878
"ENTPD1","PDE4B",0.707
"CAMK2A","PDE4B",0.723
"CAMK2B","PDE4B",0.729
"PDE4B","PDE4D",0.757
"ADCY2","PDE4B",0.773
"PDE4B","PRKACB",0.846
"DISC1","PDE4B",0.998
"ADCY8","PDE4D",0.788
"PDE4B","PDE4D",0.757
"ADCY2","PDE4D",0.746
"CAMK2A","PDE4D",0.718
"PDE4D","PRKACB",0.919
"PDE4D","PDE4DIP",0.984
"PDE4D","PDE4DIP",0.984
"PDE4DIP","PRKACB",0.809
"ADCY8","PDE8B",0.705
"EGF","PDGFC",0.935
"EGFR","PDGFC",0.961
"NTRK2","PDGFC",0.802
"CSF1R","PDGFC",0.756
"KIT","PDGFC",0.765
"EPHA2","PDGFC",0.743
"PDGFC","TGFA",0.934
"PDGFC","VEGFC",0.876
"HSPA5","PDIA4",0.99
"P4HB","PDIA4",0.799
"PDIA4","PDIA6",0.893
"DNAJC10","PDIA6",0.749
"HSPA5","PDIA6",0.995
"P4HB","PDIA6",0.914
"PDIA6","RRM2",0.749
"PDIA4","PDIA6",0.893
"ITPR1","PDK4",0.825
"ACTN4","PDLIM5",0.735
"PDLIM5","PDLIM7",0.81
"PDLIM5","PDLIM7",0.81
"PDLIM7","PSMB9",0.84
"PDLIM7","TPM2",0.857
"PDRG1","RPAP3",0.987
"PDRG1","RPAP2",0.709
"CTNND2","PDZD2",0.925
"FGF4","PECAM1",0.734
"FGF20","PECAM1",0.741
"FGF22","PECAM1",0.746
"PECAM1","TGFB1",0.702
"FGF6","PECAM1",0.728
"NANOG","PECAM1",0.73
"NT5E","PECAM1",0.84
"PECAM1","VWF",0.918
"EPCAM","PECAM1",0.727
"FGF2","PECAM1",0.801
"FGF10","PECAM1",0.753
"FGF7","PECAM1",0.757
"FGF18","PECAM1",0.728
"CSF1R","PECAM1",0.725
"KIT","PECAM1",0.774
"PECAM1","VCAM1",0.82
"FGF5","PECAM1",0.733
"FGF8","PECAM1",0.728
"FGF3","PECAM1",0.728
"FN1","PECAM1",0.748
"CD163","PECAM1",0.708
"FGF17","PECAM1",0.728
"KRT19","PECAM1",0.781
"MMP9","PECAM1",0.743
"AIF1","PECAM1",0.724
"PECAM1","SDC1",0.718
"FGF9","PECAM1",0.742
"ITGA4","PECAM1",0.746
"ITGB2","PECAM1",0.814
"CLDN5","PECAM1",0.845
"CD44","PECAM1",0.949
"FGF16","PECAM1",0.741
"PECAM1","PTPRC",0.912
"ICAM2","PECAM1",0.856
"PECAM1","PROM1",0.833
"LYN","PECAM1",0.802
"PECAM1","SELL",0.797
"ITGAM","PECAM1",0.836
"DSG2","PERP",0.717
"PERP","TP53",0.928
"DSP","PERP",0.844
"CX3CL1","PF4",0.713
"PF4","THBS1",0.729
"PF4","VWF",0.932
"FCGR2A","PF4",0.895
"CXCL16","PF4",0.772
"CCL3","PF4",0.734
"CCL4","PF4",0.752
"FN1","PF4",0.77
"HMGB1","PF4",0.779
"CX3CR1","PF4",0.797
"PF4","RUNX1",0.81
"ITGAM","PF4",0.83
"CCR1","PF4",0.895
"MYOCD","PHACTR1",0.804
"ACTA1","PHACTR1",0.93
"MRTFB","PHACTR1",0.944
"FGF23","PHEX",0.981
"PHF20","TP53",0.97
"PHKA1","RPS4Y1",0.778
"CLASRP","PHLDB2",0.989
"FLNC","PHLDB2",0.863
"PHLDB2","PRICKLE1",0.742
"FLNA","PHLDB2",0.716
"BLNK","PIK3AP1",0.702
"PIK3AP1","PIK3CA",0.918
"PIK3AP1","SYK",0.953
"PIK3AP1","PIK3R1",0.958
"PIK3CA","SOS2",0.86
"CCND1","PIK3CA",0.704
"HCST","PIK3CA",0.902
"PIK3CA","RAP1B",0.929
"PIK3CA","RRAS2",0.988
"PIK3CA","PLCB4",0.703
"IDH1","PIK3CA",0.713
"FGF2","PIK3CA",0.714
"HCK","PIK3CA",0.723
"CAV1","PIK3CA",0.727
"MYC","PIK3CA",0.74
"PIK3CA","STAT1",0.74
"EGF","PIK3CA",0.746
"NOTCH1","PIK3CA",0.786
"CDKN2A","PIK3CA",0.791
"CSF1R","PIK3CA",0.821
"PIK3CA","THRB",0.908
"FCER1G","PIK3CA",0.908
"ITGA2","PIK3CA",0.913
"ITGB2","PIK3CA",0.914
"ITGAM","PIK3CA",0.916
"PIK3AP1","PIK3CA",0.918
"PIK3CA","PRKCZ",0.925
"PIK3CA","SYK",0.935
"LYN","PIK3CA",0.935
"PIK3CA","TP53",0.941
"BRAF","PIK3CA",0.947
"PIK3CA","RAP1A",0.948
"KIT","PIK3CA",0.986
"PIK3CA","PIK3CG",0.997
"PIK3CA","PIK3R5",0.999
"EGFR","PIK3CA",0.999
"PIK3CA","PIK3R1",0.999
"PIK3CG","PLEK",0.776
"PIK3CG","RRAS2",0.978
"PIK3CA","PIK3CG",0.997
"EGFR","PIK3CG",0.748
"CSF1R","PIK3CG",0.757
"KIT","PIK3CG",0.852
"PIK3CG","SYK",0.882
"HCK","PIK3CG",0.937
"PIK3CG","PRKCZ",0.927
"PIK3CG","PIK3R5",0.999
"LYN","PIK3CG",0.982
"PIK3CG","PIK3R1",0.999
"LCP2","PIK3R1",0.85
"NFKBIA","PIK3R1",0.773
"BLNK","PIK3R1",0.758
"HCST","PIK3R1",0.951
"PIK3R1","RAP1B",0.912
"PIK3R1","RRAS2",0.794
"PIK3CA","PIK3R1",0.999
"EGF","PIK3R1",0.911
"PIK3R1","TP53",0.853
"FCGR2A","PIK3R1",0.753
"PIK3R1","RAB5A",0.792
"EGFR","PIK3R1",0.998
"NTRK2","PIK3R1",0.741
"CSF1R","PIK3R1",0.925
"KIT","PIK3R1",0.995
"FCER1G","PIK3R1",0.906
"ITGA2","PIK3R1",0.916
"KHDRBS1","PIK3R1",0.854
"PIK3AP1","PIK3R1",0.958
"PIK3R1","SYNJ2",0.703
"EPHA2","PIK3R1",0.733
"PIK3R1","TGFBR2",0.772
"PIK3R1","STAT1",0.743
"ADAM12","PIK3R1",0.79
"PIK3R1","RAP1A",0.92
"PIK3R1","SYK",0.98
"HCK","PIK3R1",0.857
"PIK3R1","PRKCZ",0.933
"PIK3R1","SPP1",0.773
"PIK3R1","THRB",0.966
"ITGB2","PIK3R1",0.918
"PIK3R1","ZFPM2",0.961
"IL1R1","PIK3R1",0.722
"PIK3R1","PIK3R5",0.966
"PIK3CG","PIK3R1",0.999
"CTLA4","PIK3R1",0.816
"ITGAM","PIK3R1",0.91
"LYN","PIK3R1",0.964
"PIK3CA","PIK3R5",0.999
"HCK","PIK3R5",0.931
"PIK3R5","PRKCZ",0.915
"LYN","PIK3R5",0.92
"PIK3R1","PIK3R5",0.966
"PIK3CG","PIK3R5",0.999
"KIF17","PIWIL1",0.742
"LPCAT2","PLA2G4A",0.79
"PLA2G4A","PRKCG",0.717
"PLA2G4A","PLA2G7",0.864
"PLA2G4A","PTGS1",0.914
"PLA2G4A","PRKCB",0.738
"PLA2G4A","PRKCA",0.858
"ALOX5","PLA2G4A",0.925
"PLA2G4C","PLA2G7",0.803
"PLA2G4C","PTGS1",0.734
"ALOX5","PLA2G4C",0.742
"APOE","PLA2G7",0.97
"CRP","PLA2G7",0.715
"LPCAT2","PLA2G7",0.97
"PLA2G4C","PLA2G7",0.803
"PLA2G7","PLTP",0.828
"APOC1","PLA2G7",0.842
"CLU","PLA2G7",0.842
"PLA2G4A","PLA2G7",0.864
"NELL1","PLA2R1",0.738
"MRC1","PLA2R1",0.908
"PLA2R1","THSD7A",0.912
"HMGA2","PLAG1",0.823
"PLAGL1","TP53",0.856
"DLK1","PLAGL1",0.8
"PLAU","SERPINE1",0.999
"PLAU","VTN",0.998
"C3","PLAU",0.707
"PLAU","THBS1",0.738
"EGF","PLAU",0.86
"ITGA5","PLAU",0.781
"MASP1","PLAU",0.71
"MMP14","PLAU",0.764
"A2M","PLAU",0.715
"PLAU","PLAUR",0.999
"FN1","PLAU",0.838
"IGF2R","PLAU",0.873
"MMP9","PLAU",0.871
"MYC","PLAU",0.708
"PLAU","SRPX2",0.741
"PLAUR","TIMP1",0.768
"PLAUR","SERPINE1",0.994
"PLAUR","VTN",0.999
"EGFR","PLAUR",0.896
"CD44","PLAUR",0.703
"MMP9","PLAUR",0.772
"ITGAM","PLAUR",0.853
"ITGB2","PLAUR",0.873
"PLAUR","SRPX2",0.88
"PLAU","PLAUR",0.999
"PLCB4","PRKCG",0.942
"PIK3CA","PLCB4",0.703
"DGKG","PLCB4",0.73
"EGFR","PLCB4",0.714
"KIT","PLCB4",0.718
"ITPR1","PLCB4",0.947
"INPP5A","PLCB4",0.928
"PLCB4","PRKCB",0.924
"CAMK2B","PLCB4",0.924
"CAMK2A","PLCB4",0.929
"PLCB4","PRKCA",0.933
"LCP2","PLEK",0.724
"ADAP1","PLEK",0.707
"PLEK","TYROBP",0.71
"CYBB","PLEK",0.72
"PLEK","RGS11",0.745
"HCK","PLEK",0.746
"PLEK","RGS1",0.751
"ITGB2","PLEK",0.761
"PIK3CG","PLEK",0.776
"PLEK","TLN1",0.78
"MCF2","PLEK",0.977
"AURKA","PLK1",0.997
"CCND1","PLK1",0.727
"CDC25B","PLK1",0.976
"CCNA1","PLK1",0.866
"NDC80","PLK1",0.951
"PLK1","SPDL1",0.889
"ANLN","PLK1",0.703
"CDK2","PLK1",0.742
"PLK1","TP53",0.981
"CCNB2","PLK1",0.995
"MELK","PLK1",0.809
"MCM7","PLK1",0.75
"MKI67","PLK1",0.831
"MYC","PLK1",0.844
"HJURP","PLK1",0.859
"PLK1","RRM2",0.873
"PLK1","UBE2C",0.927
"PLK1","SKA3",0.934
"PLK1","PTTG1",0.956
"CCNA2","PLK1",0.958
"PLK1","WEE1",0.992
"PLK2","TP53",0.855
"PLK2","SNCA",0.771
"GFAP","PLP1",0.737
"OLIG2","PLP1",0.733
"OLIG1","PLP1",0.815
"BCAS1","PLP1",0.761
"PLPP3","PNPLA3",0.719
"LIPC","PLPP3",0.732
"PLPP3","SPHK1",0.953
"PLPP3","SGMS1",0.923
"PLPP3","PLPP4",0.908
"ACER3","PLPP3",0.911
"LPL","PLPP3",0.917
"PLPP3","SGMS2",0.921
"LPIN1","PLPP3",0.973
"PLPP4","PNPLA3",0.938
"LIPC","PLPP4",0.909
"PLPP3","PLPP4",0.908
"LPL","PLPP4",0.9
"LPIN1","PLPP4",0.947
"APOE","PLTP",0.968
"PLA2G7","PLTP",0.828
"LIPC","PLTP",0.929
"CLU","PLTP",0.894
"ABCA1","PLTP",0.829
"PLTP","VLDLR",0.719
"APOC1","PLTP",0.881
"LPL","PLTP",0.886
"PLXDC1","RASD2",0.777
"CD248","PLXDC1",0.824
"MICAL2","PLXNA4",0.747
"PLXNA4","SEMA6A",0.999
"FARP2","PLXNA4",0.829
"PLXNA4","SEMA3C",0.795
"PLXNA4","RND1",0.958
"PLXNA4","RHOD",0.922
"CLU","PLXNA4",0.802
"PLXNA4","SEMA6D",0.938
"PLXNB1","RND1",0.999
"PLXNB1","RHOD",0.957
"PLXNB1","RND2",0.957
"PLXNC1","SEMA6A",0.813
"PMAIP1","TP53",0.97
"ACSL4","PNPLA3",0.712
"ACSL6","PNPLA3",0.716
"PLPP3","PNPLA3",0.719
"ACSL1","PNPLA3",0.732
"NCAN","PNPLA3",0.75
"LPIN1","PNPLA3",0.838
"PLPP4","PNPLA3",0.938
"LPL","PNPLA3",0.94
"LIPC","PNPLA3",0.956
"FLNA","POGLUT2",0.817
"MGAT4A","POMGNT1",0.72
"POSTN","TGFB1",0.791
"ACTA2","POSTN",0.73
"COL1A1","POSTN",0.903
"BMP1","POSTN",0.983
"FBN1","POSTN",0.785
"POSTN","THBS4",0.774
"FN1","POSTN",0.996
"POSTN","SPP1",0.704
"FKBP5","POSTN",0.732
"NOTCH1","POSTN",0.969
"POU2F1","SOX2",0.973
"MYC","POU2F1",0.713
"POU2F1","XRCC5",0.745
"FGF4","POU5F1",0.745
"NANOG","POU5F1",0.999
"BMP4","POU5F1",0.742
"GFER","POU5F1",0.747
"LIF","POU5F1",0.879
"NR2F2","POU5F1",0.703
"KIT","POU5F1",0.707
"LIN28B","POU5F1",0.711
"FGF10","POU5F1",0.711
"FGF17","POU5F1",0.713
"ABCG2","POU5F1",0.723
"FGF5","POU5F1",0.733
"FGF8","POU5F1",0.735
"ALDH1A1","POU5F1",0.738
"POU5F1","SOX1",0.752
"GATA6","POU5F1",0.814
"CD44","POU5F1",0.819
"POU5F1","TP53",0.824
"NES","POU5F1",0.835
"POU5F1","PROM1",0.846
"POU5F1","TDGF1",0.863
"FGF2","POU5F1",0.931
"MYC","POU5F1",0.956
"KLF4","POU5F1",0.994
"POU5F1","SOX2",0.999
"HMOX1","PPARG",0.784
"PPARG","TGFB1",0.922
"PPARG","SERPINE1",0.732
"APOE","PPARG",0.74
"PPARG","SCARB2",0.862
"PPARG","TP53",0.949
"EGFR","PPARG",0.843
"ACACA","PPARG",0.703
"FGF21","PPARG",0.703
"EDN1","PPARG",0.724
"MRC1","PPARG",0.73
"ACSL1","PPARG",0.745
"ABCG1","PPARG",0.76
"MMP9","PPARG",0.765
"CAV1","PPARG",0.765
"NR2F2","PPARG",0.779
"PPARG","PRKCA",0.808
"PPARG","STAT1",0.817
"ABCA1","PPARG",0.82
"NFE2L2","PPARG",0.831
"JUN","PPARG",0.849
"IGFBP3","PPARG",0.85
"PPARG","RUNX2",0.873
"LPIN1","PPARG",0.909
"CEBPD","PPARG",0.925
"LPL","PPARG",0.941
"CEBPA","PPARG",0.991
"PPFIA4","PPFIBP2",0.805
"PPFIA4","PPFIBP1",0.813
"PPFIA4","PPFIBP1",0.813
"PPFIBP1","PTPRF",0.957
"PPFIBP2","PTPRF",0.703
"PPFIA4","PPFIBP2",0.805
"PPP2R2B","PRKCG",0.744
"CACNB2","PPP2R2B",0.771
"PPP2R2B","PRKCZ",0.91
"PPP2R2B","PPP2R2C",0.957
"CACNB4","PPP2R2B",0.715
"PPP2R2B","PPP3CB",0.754
"PPP2R2C","SERTAD4",0.843
"PPP2R2C","PRKCZ",0.906
"PPP2R2B","PPP2R2C",0.957
"PPP3CB","RCAN2",0.936
"PPP2R2B","PPP3CB",0.754
"NFATC4","PPP3CB",0.941
"AGT","PRCP",0.703
"MME","PRCP",0.952
"FZD6","PRICKLE1",0.736
"PHLDB2","PRICKLE1",0.742
"NFKBIA","PRKACB",0.965
"GLI1","PRKACB",0.954
"PRKACB","RAP1B",0.944
"PRKACB","RASGRF2",0.922
"ADCY8","PRKACB",0.955
"GRIA2","PRKACB",0.939
"ITGA2","PRKACB",0.911
"PRKACB","SCN1A",0.918
"FOS","PRKACB",0.959
"ITPR1","PRKACB",0.972
"GRIN2A","PRKACB",0.942
"PRKACB","TTF1",0.9
"CAV1","PRKACB",0.891
"PDE4B","PRKACB",0.846
"ADCY2","PRKACB",0.781
"PDE4D","PRKACB",0.919
"CACNA2D1","PRKACB",0.704
"MAP3K5","PRKACB",0.91
"ATP2B2","PRKACB",0.927
"MYLK","PRKACB",0.907
"PDE4DIP","PRKACB",0.809
"PRKACB","TTF2",0.9
"PRKACB","RAP1A",0.941
"GNG4","PRKACB",0.737
"GRIN1","PRKACB",0.777
"NBEA","PRKACB",0.779
"KIF7","PRKACB",0.787
"CACNB4","PRKACB",0.794
"KCNJ6","PRKACB",0.917
"BRAF","PRKACB",0.922
"GRIA3","PRKACB",0.924
"PRKACB","RUNX2",0.937
"JUN","PRKACB",0.963
"NFKBIA","PRKCA",0.713
"GNGT1","PRKCA",0.704
"EGLN3","PRKCA",0.906
"ACTN4","PRKCA",0.725
"PRKCA","RRAS2",0.908
"PRKCA","PRKCG",0.984
"KCNN2","PRKCA",0.907
"PRKCA","TP53",0.7
"EGFR","PRKCA",0.932
"ADCY8","PRKCA",0.91
"PPARG","PRKCA",0.808
"KIT","PRKCA",0.912
"FOS","PRKCA",0.946
"ITPR1","PRKCA",0.937
"PRKCA","SPHK1",0.932
"PRKCA","TTF1",0.9
"CAV1","PRKCA",0.877
"ADCY2","PRKCA",0.713
"PLA2G4A","PRKCA",0.858
"PRKCA","TTF2",0.9
"GNG5","PRKCA",0.714
"PLCB4","PRKCA",0.933
"KCNN3","PRKCA",0.912
"LYN","PRKCA",0.914
"BRAF","PRKCA",0.937
"PRKCA","PRKCB",0.963
"BLNK","PRKCB",0.734
"EGLN3","PRKCB",0.919
"PRKCB","RRAS2",0.923
"PRKCB","PRKCG",0.946
"KCNN2","PRKCB",0.907
"PRKCB","RUNX1",0.796
"FOS","PRKCB",0.93
"ITPR1","PRKCB",0.937
"PRKCB","SPHK1",0.909
"PRKCB","TTF1",0.9
"ADCY2","PRKCB",0.768
"PLA2G4A","PRKCB",0.738
"PRKCB","TTF2",0.9
"GNG5","PRKCB",0.733
"PLCB4","PRKCB",0.924
"GNG4","PRKCB",0.785
"PRKCA","PRKCB",0.963
"BRAF","PRKCB",0.909
"LYN","PRKCB",0.947
"KCNN3","PRKCB",0.91
"EGLN3","PRKCG",0.901
"PRKCG","RRAS2",0.906
"GNG5","PRKCG",0.704
"PLA2G4A","PRKCG",0.717
"GRIA2","PRKCG",0.72
"ADCY2","PRKCG",0.726
"ADCY8","PRKCG",0.736
"PPP2R2B","PRKCG",0.744
"PRKCG","TTF1",0.9
"PRKCG","TTF2",0.9
"PRKCG","SPHK1",0.901
"LYN","PRKCG",0.903
"KCNN3","PRKCG",0.911
"KCNN2","PRKCG",0.913
"FOS","PRKCG",0.938
"PLCB4","PRKCG",0.942
"BRAF","PRKCG",0.943
"PRKCB","PRKCG",0.946
"ITPR1","PRKCG",0.954
"PRKCA","PRKCG",0.984
"PARD6A","PRKCZ",0.999
"PRKCZ","RAP1B",0.922
"PIK3CA","PRKCZ",0.925
"PRKCZ","TP53",0.933
"EGFR","PRKCZ",0.707
"PAWR","PRKCZ",0.716
"PRKCZ","RAP1A",0.924
"KCNAB2","PRKCZ",0.783
"PPP2R2C","PRKCZ",0.906
"PPP2R2B","PRKCZ",0.91
"PIK3R5","PRKCZ",0.915
"PIK3CG","PRKCZ",0.927
"PIK3R1","PRKCZ",0.933
"PRKRIP1","SRRM1",0.801
"NANOG","PROM1",0.846
"POU5F1","PROM1",0.846
"EPCAM","PROM1",0.864
"FGF2","PROM1",0.72
"EGF","PROM1",0.725
"EGFR","PROM1",0.801
"KIT","PROM1",0.789
"ALDH1A1","PROM1",0.876
"PROM1","SOX2",0.876
"FN1","PROM1",0.712
"KRT19","PROM1",0.812
"NES","PROM1",0.829
"CD44","PROM1",0.885
"PROM1","PTPRC",0.771
"KITLG","PROM1",0.713
"ABCG2","PROM1",0.787
"PECAM1","PROM1",0.833
"MERTK","PROS1",0.999
"NR2F2","PROX1",0.743
"PROX1","VEGFC",0.821
"PRRT2","SNAP25",0.978
"PRRT2","SCN1A",0.737
"KCNQ2","PRRT2",0.715
"ATP1A2","PRRT2",0.71
"HLA-F","PSMB9",0.723
"PSMB9","UBE2L6",0.856
"PDLIM7","PSMB9",0.84
"PSMB9","STAT1",0.901
"IFI35","PSMB9",0.736
"PTBP1","SRSF1",0.983
"KHDRBS1","PTBP1",0.902
"NOVA1","PTBP1",0.755
"MYC","PTBP1",0.802
"GLI1","PTCH1",0.978
"BOC","PTCH1",0.993
"HHIP","PTCH1",0.969
"GAS1","PTCH1",0.998
"KIF7","PTCH1",0.793
"HPGDS","PTGS1",0.946
"PLA2G4C","PTGS1",0.734
"PLA2G4A","PTGS1",0.914
"CYP2C8","PTGS1",0.92
"ALOX5","PTGS1",0.97
"FGF2","PTHLH",0.784
"IL11","PTHLH",0.763
"PTHLH","RUNX2",0.713
"FGF13","PTHLH",0.758
"FGF2","PTN",0.722
"PTN","SPARCL1",0.753
"MDK","PTN",0.792
"PTN","SLC2A1",0.792
"HDGF","PTN",0.816
"PTN","PTPRZ1",0.999
"NDUFS3","PTPMT1",0.728
"LCP2","PTPRC",0.935
"LGALS1","PTPRC",0.905
"IL2RB","PTPRC",0.706
"PTPRC","TGFB1",0.701
"PTPRC","SPI1",0.795
"NT5E","PTPRC",0.891
"PTPRC","TLR2",0.712
"PTPRC","TYROBP",0.828
"EPCAM","PTPRC",0.84
"PTPRC","SCARB2",0.746
"EGF","PTPRC",0.743
"CD27","PTPRC",0.804
"IRF8","PTPRC",0.726
"FCGR2A","PTPRC",0.886
"EGFR","PTPRC",0.749
"CSF1R","PTPRC",0.818
"KIT","PTPRC",0.906
"FCER1G","PTPRC",0.724
"NCKAP1L","PTPRC",0.721
"PTPRC","VCAM1",0.832
"ITGA2","PTPRC",0.717
"ANPEP","PTPRC",0.788
"CLEC7A","PTPRC",0.752
"HAVCR2","PTPRC",0.792
"CD276","PTPRC",0.739
"IKZF1","PTPRC",0.806
"CD86","PTPRC",0.879
"KLRD1","PTPRC",0.741
"FN1","PTPRC",0.842
"CX3CR1","PTPRC",0.75
"CD163","PTPRC",0.841
"HLA-DRB1","PTPRC",0.739
"PTPRC","TLR9",0.751
"PTPRC","STAT1",0.764
"CTSS","PTPRC",0.762
"MMP9","PTPRC",0.711
"HLA-DRB5","PTPRC",0.714
"PTPRC","SYK",0.772
"HCK","PTPRC",0.965
"PTPRC","TNFSF13B",0.718
"AIF1","PTPRC",0.813
"PTPRC","TLR7",0.821
"PTPRC","SDC1",0.8
"HLA-DRA","PTPRC",0.784
"ITGA4","PTPRC",0.765
"ITGB2","PTPRC",0.87
"CD44","PTPRC",0.931
"CTLA4","PTPRC",0.746
"PROM1","PTPRC",0.771
"MME","PTPRC",0.775
"MRC1","PTPRC",0.802
"CD53","PTPRC",0.821
"PTPRC","SLAMF1",0.86
"NCAM1","PTPRC",0.875
"PECAM1","PTPRC",0.912
"PTPRC","SELL",0.928
"ITGAM","PTPRC",0.971
"LYN","PTPRC",0.981
"NTRK2","PTPRF",0.7
"PPFIBP2","PTPRF",0.703
"PPFIBP1","PTPRF",0.957
"EGFR","PTPRK",0.829
"NCAN","PTPRZ1",0.976
"BCAN","PTPRZ1",0.99
"PTN","PTPRZ1",0.999
"HMGB1","PTPRZ1",0.828
"NRCAM","PTPRZ1",0.923
"PTPRZ1","SDC1",0.743
"NCAM1","PTPRZ1",0.895
"MDK","PTPRZ1",0.978
"AURKA","PTTG1",0.967
"NDC80","PTTG1",0.833
"PTTG1","TP53",0.775
"CCNB2","PTTG1",0.97
"MELK","PTTG1",0.874
"PLK1","PTTG1",0.956
"KIF15","PTTG1",0.746
"PTTG1","UBE2C",0.98
"PTTG1","RRM2",0.821
"HJURP","PTTG1",0.708
"CCNA2","PTTG1",0.934
"FGF6","PTX3",0.809
"C3","PTX3",0.737
"FGF2","PTX3",0.982
"FGF10","PTX3",0.82
"FGF8","PTX3",0.783
"C1S","PTX3",0.811
"FGF17","PTX3",0.864
"FGF13","PTX3",0.903
"C1QB","PTX3",0.914
"NDUFS3","PWWP3B",0.974
"NDUFB8","PWWP3B",0.93
"NDUFA13","PWWP3B",0.924
"MREG","RAB27B",0.7
"CHM","RAB27B",0.729
"MYO5A","RAB27B",0.882
"RAB27B","SYTL5",0.932
"RAB27B","SYTL4",0.937
"MLPH","RAB27B",0.995
"CAV1","RAB5A",0.761
"PIK3R1","RAB5A",0.792
"CHM","RAB5A",0.878
"EGFR","RAB5A",0.883
"RAB5A","VPS8",0.902
"RAB5A","RAB5C",0.989
"RAB5A","RAB5B",0.999
"RAB5A","RAB5B",0.999
"LRRK2","RAB5B",0.909
"RAB5B","RAB5C",0.966
"RAB5A","RAB5C",0.989
"CHM","RAB5C",0.861
"RAB5B","RAB5C",0.966
"RAD51AP1","XRCC2",0.72
"CCNA2","RAD51AP1",0.734
"CCNB2","RAD51AP1",0.734
"RAD51AP1","RRM2",0.744
"ATRX","RAD51AP1",0.745
"KIF15","RAD51AP1",0.765
"MELK","RAD51AP1",0.887
"CALCRL","RAMP1",0.999
"LCP2","RAP1A",0.925
"RAP1A","RAP1B",0.912
"RAP1A","RAP1GAP2",0.732
"PIK3CA","RAP1A",0.948
"FARP2","RAP1A",0.907
"RAP1A","RASGRP1",0.967
"RAP1A","TLN1",0.785
"RAP1A","RAPGEF5",0.986
"RAP1A","SIPA1L2",0.909
"CAMK2B","RAP1A",0.9
"CAMK2A","RAP1A",0.905
"ITGA4","RAP1A",0.913
"ITGAM","RAP1A",0.914
"PIK3R1","RAP1A",0.92
"PRKCZ","RAP1A",0.924
"ITGB2","RAP1A",0.929
"PRKACB","RAP1A",0.941
"RAP1A","RAP1GAP",0.952
"CYBB","RAP1A",0.971
"BRAF","RAP1A",0.989
"APBB1IP","RAP1A",0.997
"LCP2","RAP1B",0.926
"RAP1B","RAP1GAP2",0.751
"CAMK2B","RAP1B",0.9
"CAMK2A","RAP1B",0.906
"FARP2","RAP1B",0.907
"ITGAM","RAP1B",0.911
"RAP1A","RAP1B",0.912
"PIK3R1","RAP1B",0.912
"RAP1B","SIPA1L2",0.913
"ITGA4","RAP1B",0.917
"PRKCZ","RAP1B",0.922
"ITGB2","RAP1B",0.927
"PIK3CA","RAP1B",0.929
"PRKACB","RAP1B",0.944
"RAP1B","RAPGEF5",0.945
"RAP1B","RAP1GAP",0.947
"BRAF","RAP1B",0.96
"RAP1B","RASGRP1",0.973
"RAP1B","TLN1",0.981
"APBB1IP","RAP1B",0.984
"RAP1B","RAP1GAP",0.947
"RAP1A","RAP1GAP",0.952
"RAP1B","RAP1GAP2",0.751
"RAP1A","RAP1GAP2",0.732
"RAP1B","RAPGEF5",0.945
"RAPGEF5","RRAS2",0.916
"RAP1A","RAPGEF5",0.986
"PLXDC1","RASD2",0.777
"CD248","RASD2",0.889
"RASGRF2","RRAS2",0.929
"GRIN2A","RASGRF2",0.795
"PRKACB","RASGRF2",0.922
"LCP2","RASGRP1",0.765
"RASGRP1","SOS2",0.928
"RAP1B","RASGRP1",0.973
"RASGRP1","RRAS2",0.839
"DGKZ","RASGRP1",0.714
"RAP1A","RASGRP1",0.967
"CCND1","RASSF1",0.945
"RASSF1","RRAS2",0.91
"CDH13","RASSF1",0.906
"MGMT","RASSF1",0.868
"RASSF1","RASSF2",0.753
"CDKN2A","RASSF1",0.894
"RASSF2","RASSF4",0.908
"RASSF1","RASSF2",0.753
"RASSF2","RASSF4",0.908
"RBFOX1","RBPMS",0.78
"RBFOX1","RBM24",0.869
"NOVA1","RBFOX1",0.716
"GFAP","RBFOX3",0.931
"RBFOX3","SLC17A6",0.728
"RBFOX3","S100B",0.778
"FOS","RBFOX3",0.769
"OLIG2","RBFOX3",0.828
"GAD1","RBFOX3",0.79
"MAP2","RBFOX3",0.813
"NES","RBFOX3",0.932
"NKAIN1","RBFOX3",0.824
"AIF1","RBFOX3",0.909
"BDNF","RBFOX3",0.769
"DCX","RBFOX3",0.888
"IGF2BP3","RBM15B",0.72
"FTO","RBM15B",0.788
"RBFOX1","RBM24",0.869
"RBFOX1","RBPMS",0.78
"PPP3CB","RCAN2",0.936
"KCNC1","RCVRN",0.791
"AMPH","RCVRN",0.829
"RECK","TIMP3",0.745
"MMP14","RECK",0.894
"MMP9","RECK",0.758
"RFFL","TP53",0.742
"RGCC","TP53",0.794
"GDF5","RGMA",0.926
"BMPR1B","RGMA",0.927
"PLEK","RGS1",0.751
"RGS1","TAGAP",0.799
"PLEK","RGS11",0.745
"MCF2","RGS17",0.709
"EGFR","RGS4",0.778
"DISC1","RGS4",0.714
"RHOD","RND1",0.942
"PLXNA4","RHOD",0.922
"PLXNB1","RHOD",0.957
"DOCK11","RHOJ",0.818
"PAK3","RHOJ",0.794
"PAK3","RHOU",0.713
"LY86","RNASE6",0.863
"RNASE6","RNASET2",0.882
"RNASE6","RNASET2",0.882
"ARF3","RND1",0.704
"FLRT3","RND1",0.718
"RND1","ROCK1",0.796
"RHOD","RND1",0.942
"PLXNA4","RND1",0.958
"PLXNB1","RND1",0.999
"PLXNB1","RND2",0.957
"IFI35","RND2",0.728
"KCTD13","RND2",0.854
"RNF121","VPS33B",0.777
"ROBO4","SLIT1",0.987
"CLDN5","ROBO4",0.732
"ROBO4","SLIT2",0.998
"MYH9","ROCK1",0.784
"MYL9","ROCK1",0.953
"CFL2","ROCK1",0.802
"RND1","ROCK1",0.796
"MYC","ROCK1",0.728
"EGFR","ROR1",0.701
"FZD6","ROR1",0.731
"FOS","RORA",0.721
"RORA","TIMELESS",0.737
"CRY2","RORA",0.837
"ITPR1","RORA",0.914
"NPAS2","RORA",0.981
"RPAP2","RPAP3",0.963
"PDRG1","RPAP2",0.709
"ASTN2","RPAP2",0.81
"RPAP2","RPAP3",0.963
"PDRG1","RPAP3",0.987
"CD74","RPS4Y1",0.864
"AATF","RPS4Y1",0.767
"PHKA1","RPS4Y1",0.778
"IFI35","RPS4Y1",0.837
"FOS","RPS6KA2",0.756
"JUN","RPS6KA2",0.741
"ITFG2","RRAGD",0.712
"EIF4EBP1","RRAGD",0.753
"RRAS2","SOS2",0.94
"ARHGEF6","RRAS2",0.916
"PIK3R1","RRAS2",0.794
"RASGRP1","RRAS2",0.839
"PRKCG","RRAS2",0.906
"PRKCA","RRAS2",0.908
"RASSF1","RRAS2",0.91
"RAPGEF5","RRAS2",0.916
"CDKN2A","RRAS2",0.922
"PRKCB","RRAS2",0.923
"RASGRF2","RRAS2",0.929
"BRAF","RRAS2",0.951
"PIK3CG","RRAS2",0.978
"PIK3CA","RRAS2",0.988
"AURKA","RRM2",0.892
"RAD51AP1","RRM2",0.744
"CMPK2","RRM2",0.914
"NDC80","RRM2",0.745
"MCM2","RRM2",0.849
"ANLN","RRM2",0.785
"CDK2","RRM2",0.728
"RRM2","TP53",0.803
"CCNB2","RRM2",0.913
"MELK","RRM2",0.933
"PLK1","RRM2",0.873
"MCM7","RRM2",0.878
"AK5","RRM2",0.742
"RRM2","UBE2C",0.931
"KPNA2","RRM2",0.743
"PDIA6","RRM2",0.749
"GLRX","RRM2",0.8
"PTTG1","RRM2",0.821
"HJURP","RRM2",0.866
"ENTPD1","RRM2",0.914
"CCNA2","RRM2",0.939
"MKI67","RRM2",0.945
"BST2","RSAD2",0.754
"CMPK2","RSAD2",0.976
"RSAD2","RTP4",0.927
"HERC6","RSAD2",0.903
"HERC5","RSAD2",0.923
"RSAD2","SAMD9L",0.781
"IFITM1","RSAD2",0.719
"IFI6","RSAD2",0.926
"PARP9","RSAD2",0.866
"RSAD2","STAT1",0.949
"RSAD2","XAF1",0.9
"IFI44","RSAD2",0.983
"IFI44L","RSAD2",0.999
"IFIT3","RSAD2",0.999
"RSAD2","SAMHD1",0.773
"IFI35","RSAD2",0.845
"OAS1","RSAD2",0.967
"MX1","RSAD2",0.983
"CCDC65","RSPH3",0.734
"RSPH3","TAGAP",0.837
"DTNA","RSPH3",0.84
"FAM241A","RTN4",0.763
"BACE2","RTN4",0.962
"RTP4","SAMD9L",0.711
"HERC5","RTP4",0.733
"HERC6","RTP4",0.756
"IFI44L","RTP4",0.759
"RTP4","XAF1",0.781
"PARP9","RTP4",0.805
"MX1","RTP4",0.824
"IFIT3","RTP4",0.847
"IFI35","RTP4",0.859
"OAS1","RTP4",0.874
"RSAD2","RTP4",0.927
"IFI44","RTP4",0.932
"RUNX1","SPI1",0.993
"CCND1","RUNX1",0.733
"LMO2","RUNX1",0.988
"CDK6","RUNX1",0.929
"IRF8","RUNX1",0.795
"RUNX1","TP53",0.82
"MYL9","RUNX1",0.806
"CSF1R","RUNX1",0.983
"KAT6B","RUNX1",0.759
"KIT","RUNX1",0.773
"PF4","RUNX1",0.81
"IDH2","RUNX1",0.72
"IDH1","RUNX1",0.72
"RUNX1","WT1",0.728
"FOS","RUNX1",0.737
"CLDN5","RUNX1",0.783
"PRKCB","RUNX1",0.796
"JUN","RUNX1",0.843
"CTLA4","RUNX1",0.844
"RUNX1","SOCS3",0.886
"RUNX1","RUNX2",0.897
"RUNX1","TCF12",0.911
"MYB","RUNX1",0.936
"IKZF1","RUNX1",0.941
"RUNX1","RUNX3",0.98
"CEBPA","RUNX1",0.994
"RUNX1","RUNX1T1",0.999
"RUNX1T1","SPI1",0.932
"RUNX1","RUNX1T1",0.999
"RUNX1T1","ZBTB16",0.903
"RUNX1T1","TCF12",0.989
"CEBPA","RUNX1T1",0.961
"RUNX2","TGFB1",0.703
"COL1A1","RUNX2",0.955
"CCND1","RUNX2",0.819
"HES1","RUNX2",0.803
"BMP4","RUNX2",0.836
"FGF2","RUNX2",0.753
"RUNX2","TP53",0.808
"KAT6B","RUNX2",0.827
"PPARG","RUNX2",0.873
"ITGA5","RUNX2",0.852
"RUNX1","RUNX2",0.897
"RUNX2","SMAD1",0.889
"FOS","RUNX2",0.987
"HEY1","RUNX2",0.889
"RUNX2","STAT1",0.942
"PRKACB","RUNX2",0.937
"JUN","RUNX2",0.968
"MSX1","RUNX2",0.701
"RUNX2","SYK",0.706
"BMP7","RUNX2",0.713
"PTHLH","RUNX2",0.713
"CEBPA","RUNX2",0.767
"CD44","RUNX2",0.794
"ERG","RUNX2",0.862
"RUNX2","SPP1",0.901
"RUNX2","RUNX3",0.933
"RUNX3","TGFB1",0.859
"CCND1","RUNX3",0.855
"RUNX3","TP53",0.936
"RUNX1","RUNX3",0.98
"IKZF1","RUNX3",0.903
"RUNX2","RUNX3",0.933
"RUNX3","SPP1",0.827
"NOTCH1","RUNX3",0.746
"CDKN2A","RUNX3",0.789
"MYC","RUNX3",0.837
"LTF","S100A8",0.701
"S100A8","TLR2",0.858
"CD14","S100A8",0.746
"CD44","S100A8",0.887
"S100A8","S100A9",0.999
"S100A9","TLR2",0.861
"HMGB1","S100A9",0.759
"S100A8","S100A9",0.999
"CD14","S100A9",0.767
"CYBB","S100A9",0.792
"GFAP","S100B",0.925
"FGF2","S100B",0.986
"S100B","SLC1A3",0.736
"S100B","TP53",0.995
"ALDH1L1","S100B",0.705
"AIF1","S100B",0.706
"FABP7","S100B",0.711
"OLIG2","S100B",0.711
"NES","S100B",0.728
"RBFOX3","S100B",0.778
"BDNF","S100B",0.786
"HMGB1","S100B",0.83
"MAPT","S100B",0.906
"S1PR1","SELL",0.83
"S1PR1","SPHK1",0.918
"RTP4","SAMD9L",0.711
"GBP2","SAMD9L",0.7
"RSAD2","SAMD9L",0.781
"IFI35","SAMD9L",0.82
"IFI44L","SAMD9L",0.866
"SAMD9L","XAF1",0.87
"PARP9","SAMD9L",0.872
"SAMD9L","STAT1",0.887
"IFIT3","SAMD9L",0.913
"IFI44","SAMD9L",0.914
"BST2","SAMHD1",0.896
"CDK2","SAMHD1",0.793
"IFITM1","SAMHD1",0.762
"IFI6","SAMHD1",0.756
"SAMHD1","STAT1",0.746
"IFIT3","SAMHD1",0.804
"RSAD2","SAMHD1",0.773
"MX1","SAMHD1",0.765
"OAS1","SAMHD1",0.71
"DCAF1","SAMHD1",0.995
"CCNA2","SAMHD1",0.911
"SARS1","SUPT20H",0.875
"CCNA1","SCAPER",0.833
"CDK2","SCAPER",0.765
"CCNA2","SCAPER",0.939
"APOE","SCARB2",0.797
"SCARB2","TLR2",0.996
"SCARB2","THBS1",0.997
"NCAM1","SCARB2",0.717
"IGF2R","SCARB2",0.734
"ANPEP","SCARB2",0.737
"PTPRC","SCARB2",0.746
"CLEC7A","SCARB2",0.761
"DAB2","SCARB2",0.769
"SCARB2","VCAM1",0.771
"ITGAM","SCARB2",0.778
"ITGB2","SCARB2",0.781
"MSR1","SCARB2",0.807
"ABCG1","SCARB2",0.809
"LPL","SCARB2",0.812
"ACSL1","SCARB2",0.826
"ABCA1","SCARB2",0.83
"PPARG","SCARB2",0.862
"SCARB2","TLR1",0.932
"CAV1","SCARB2",0.945
"LYN","SCARB2",0.973
"PCSK1N","SCG2",0.724
"SCG2","SCG3",0.924
"SCG2","SCG3",0.924
"C3","SCIN",0.716
"SCIN","TMOD1",0.826
"FN1","SCIN",0.717
"FLNC","SCIN",0.73
"FLNB","SCIN",0.744
"FLNA","SCIN",0.792
"CFL2","SCIN",0.846
"SCIN","TLN2",0.935
"SCIN","TLN1",0.94
"HCLS1","SCIN",0.986
"SCN1A","SCN3A",0.72
"CACNB4","SCN1A",0.708
"SCN1A","SPTBN4",0.718
"FGF13","SCN1A",0.727
"SCN1A","SCN9A",0.736
"PRRT2","SCN1A",0.737
"KCNQ3","SCN1A",0.845
"PRKACB","SCN1A",0.918
"ATP1A2","SCN1A",0.926
"KCNQ2","SCN1A",0.934
"SCN1A","SCN3A",0.72
"KCNQ2","SCN3A",0.751
"FGF13","SCN3A",0.808
"SCN3A","SCN9A",0.939
"SCN3A","SCN9A",0.939
"SCN1A","SCN9A",0.736
"KCNQ2","SCN9A",0.758
"FGF13","SCN9A",0.737
"BST1","SCRG1",0.741
"MMP9","SCUBE3",0.845
"SCUBE3","TGFBR2",0.875
"FGF4","SDC1",0.786
"FGF20","SDC1",0.761
"FGF22","SDC1",0.761
"COL1A1","SDC1",0.815
"SDC1","VTN",0.853
"CCND1","SDC1",0.772
"FGF6","SDC1",0.761
"APOE","SDC1",0.932
"SDC1","THBS1",0.989
"FGF2","SDC1",0.997
"FGF10","SDC1",0.761
"SDC1","TNC",0.912
"CD27","SDC1",0.726
"FGF7","SDC1",0.769
"FGF18","SDC1",0.761
"SDC1","SDC2",0.982
"FGF5","SDC1",0.76
"SDC1","TLN1",0.73
"FGF8","SDC1",0.759
"FGF3","SDC1",0.761
"SDC1","THBS4",0.946
"HMGB1","SDC1",0.921
"FN1","SDC1",0.999
"FGF17","SDC1",0.761
"SDC1","TNR",0.9
"ADAM12","SDC1",0.79
"MMP9","SDC1",0.968
"COL4A1","SDC1",0.721
"EXT1","SDC1",0.711
"MME","SDC1",0.714
"PECAM1","SDC1",0.718
"MYC","SDC1",0.721
"SDC1","TLN2",0.724
"ITGAM","SDC1",0.727
"FGF13","SDC1",0.741
"PTPRZ1","SDC1",0.743
"FGF9","SDC1",0.761
"FGF16","SDC1",0.761
"PTPRC","SDC1",0.8
"BCL6","SDC1",0.82
"MDK","SDC1",0.825
"NCAM1","SDC1",0.842
"CD44","SDC1",0.927
"HPSE","SDC1",0.957
"SDC2","TGFB1",0.899
"APOE","SDC2",0.741
"FGF2","SDC2",0.884
"EXT1","SDC2",0.715
"FN1","SDC2",0.959
"SDC1","SDC2",0.982
"CREB3L1","SEC24D",0.726
"SEC24D","SLC6A1",0.738
"SELENOM","SELENOP",0.736
"MICALL1","SELENOP",0.728
"GPX3","SELENOP",0.898
"GPX2","SELENOP",0.859
"SELENOM","SELENOP",0.736
"EIF3L","SELENOP",0.729
"IL2RB","SELL",0.802
"SELL","VWF",0.774
"SELL","TYROBP",0.73
"CD27","SELL",0.828
"FCGR2A","SELL",0.73
"SELL","VCAM1",0.97
"S1PR1","SELL",0.83
"HAVCR2","SELL",0.789
"CD86","SELL",0.77
"KLRD1","SELL",0.703
"ITGA4","SELL",0.842
"ITGB2","SELL",0.976
"CD44","SELL",0.998
"PTPRC","SELL",0.928
"MRC1","SELL",0.713
"PECAM1","SELL",0.797
"NCAM1","SELL",0.794
"ITGAM","SELL",0.929
"CTLA4","SELL",0.743
"PLXNA4","SEMA3C",0.795
"GATA6","SEMA3C",0.831
"PLXNC1","SEMA6A",0.813
"EVL","SEMA6A",0.892
"PLXNA4","SEMA6A",0.999
"SEMA6D","TYROBP",0.857
"NRCAM","SEMA6D",0.859
"SEMA6D","TREM2",0.889
"PLXNA4","SEMA6D",0.938
"SEPTIN12","SEPTIN2",0.991
"ANLN","SEPTIN2",0.821
"SEPTIN12","SEPTIN2",0.991
"SERPINA1","VTN",0.718
"C3","SERPINA1",0.859
"APOE","SERPINA1",0.781
"SERPINA1","SERPINF1",0.744
"CRP","SERPINA1",0.731
"CP","SERPINA1",0.944
"CLU","SERPINA1",0.896
"A2M","SERPINA1",0.98
"FN1","SERPINA1",0.825
"SERPINA1","TF",0.848
"APOC1","SERPINA1",0.758
"APOE","SERPINA3",0.916
"CP","SERPINA3",0.822
"LRG1","SERPINA3",0.711
"A2M","SERPINA3",0.929
"SERPINE1","TIMP1",0.84
"SERPINE1","TGFB1",0.798
"SERPINE1","VCAM1",0.719
"PPARG","SERPINE1",0.732
"FGF2","SERPINE1",0.741
"EDN1","SERPINE1",0.755
"FN1","SERPINE1",0.79
"CRP","SERPINE1",0.793
"MMP9","SERPINE1",0.801
"A2M","SERPINE1",0.804
"SERPINE1","VWF",0.817
"SERPINE1","THBS1",0.819
"SERPINE1","VLDLR",0.89
"PLAUR","SERPINE1",0.994
"PLAU","SERPINE1",0.999
"SERPINE1","VTN",0.999
"SERPINF1","VTN",0.828
"SERPINA1","SERPINF1",0.744
"FN1","SERPINF1",0.846
"A2M","SERPINF1",0.88
"SERPING1","VTN",0.719
"C3","SERPING1",0.954
"CLU","SERPING1",0.721
"CST3","SERPING1",0.737
"A2M","SERPING1",0.905
"C1QC","SERPING1",0.959
"C1QA","SERPING1",0.973
"C1QB","SERPING1",0.98
"MASP1","SERPING1",0.99
"C1S","SERPING1",0.999
"C1R","SERPING1",0.999
"PPP2R2C","SERTAD4",0.843
"DDX5","SF3B1",0.901
"LSM8","SF3B1",0.991
"SF3B1","SRSF1",0.952
"KHDRBS1","SF3B1",0.7
"SF3B1","SRRM1",0.971
"DDX17","SF3B1",0.785
"MYO1C","SF3B1",0.819
"LUC7L3","SF3B1",0.858
"CWC27","SF3B1",0.994
"LSM2","SF3B1",0.995
"FZD6","SFRP1",0.875
"SFRP1","WNT2B",0.886
"SFRP1","WNT5B",0.915
"FZD6","SFRP2",0.704
"BMP1","SFRP2",0.77
"SFRP2","WNT5B",0.853
"SFRP2","WNT2B",0.876
"CTSH","SFTPB",0.715
"SFTPB","TTF1",0.781
"NKX2-1","SFTPB",0.951
"SGMS1","SGMS2",0.909
"PLPP3","SGMS1",0.923
"SGMS1","SGMS2",0.909
"PLPP3","SGMS2",0.921
"SH3GL2","SNAP25",0.725
"EGF","SH3GL2",0.704
"EGFR","SH3GL2",0.972
"LRRK2","SH3GL2",0.887
"SH3GL2","SYNJ2",0.979
"AMPH","SH3GL2",0.93
"AHCY","SHMT2",0.857
"ALDH1L1","SHMT2",0.958
"IDH2","SHMT2",0.714
"PAICS","SHMT2",0.843
"GATM","SHMT2",0.931
"NECTIN3","SHROOM3",0.713
"HMGB1","SIGLEC10",0.965
"RAP1B","SIPA1L2",0.913
"RAP1A","SIPA1L2",0.909
"P2RY1","SIX3",0.762
"NDC80","SKA3",0.943
"SKA3","SPDL1",0.947
"MELK","SKA3",0.718
"PLK1","SKA3",0.934
"SKA3","UBE2C",0.719
"CCNA2","SKA3",0.783
"EGFR","SLA",0.765
"NLRP2","SLA",0.853
"KIT","SLAMF1",0.802
"PTPRC","SLAMF1",0.86
"ITGAM","SLAMF1",0.71
"RBFOX3","SLC17A6",0.728
"SLC17A6","SLC1A2",0.786
"GAD1","SLC17A6",0.884
"GFAP","SLC1A2",0.885
"SLC17A6","SLC1A2",0.786
"SLC1A2","SLC1A3",0.919
"ALDH1L1","SLC1A2",0.755
"SLC1A2","SLC6A1",0.716
"KCNJ10","SLC1A2",0.76
"GRIN2A","SLC1A2",0.783
"SLC1A2","SNCA",0.812
"GLUL","SLC1A2",0.821
"GFAP","SLC1A3",0.787
"S100B","SLC1A3",0.736
"FABP7","SLC1A3",0.738
"NES","SLC1A3",0.745
"CACNB4","SLC1A3",0.754
"NFIA","SLC1A3",0.756
"ALDH1L1","SLC1A3",0.781
"GLUL","SLC1A3",0.82
"SLC1A2","SLC1A3",0.919
"GLS2","SLC1A5",0.834
"SLC1A5","SLC2A1",0.775
"OCA2","SLC24A4",0.857
"NDUFS3","SLC25A23",0.817
"NDUFA13","SLC25A23",0.779
"SLC2A1","TP53",0.967
"EGFR","SLC2A1",0.704
"PTN","SLC2A1",0.792
"MYC","SLC2A1",0.7
"SLC1A5","SLC2A1",0.775
"FTL","SLC40A1",0.929
"CP","SLC40A1",0.982
"CA2","SLC4A4",0.893
"SLC1A2","SLC6A1",0.716
"SEC24D","SLC6A1",0.738
"GAD1","SLC6A1",0.829
"ABCC4","SLCO2B1",0.713
"ABCG2","SLCO2B1",0.775
"NTN1","SLIT1",0.809
"COL4A5","SLIT1",0.732
"ROBO4","SLIT1",0.987
"NTN1","SLIT2",0.821
"ROBO4","SLIT2",0.998
"IL1RAPL1","SLITRK3",0.753
"BMP7","SMAD1",0.709
"HMGA2","SMAD1",0.803
"RUNX2","SMAD1",0.889
"BMPR1B","SMAD1",0.946
"GFAP","SNAP25",0.762
"SNAP25","SYBU",0.704
"GRIA2","SNAP25",0.707
"SH3GL2","SNAP25",0.725
"NRXN1","SNAP25",0.753
"GAD1","SNAP25",0.773
"SNAP25","SNCA",0.779
"GAP43","SNAP25",0.819
"SNAP25","TRIM9",0.887
"SNAP25","SYN2",0.921
"PRRT2","SNAP25",0.978
"SNAP25","VAMP8",0.991
"APOE","SNCA",0.996
"SNAP25","SNCA",0.779
"SNCA","TLR2",0.906
"SNCA","SNCAIP",0.999
"NDUFS3","SNCA",0.725
"PLK2","SNCA",0.771
"EGFR","SNCA",0.728
"SLC1A2","SNCA",0.812
"SNCA","UBE2L6",0.89
"LRRK2","SNCA",0.986
"CLU","SNCA",0.861
"HSPA5","SNCA",0.947
"MAOA","SNCA",0.71
"MAPT","SNCA",0.994
"CHM","SNCA",0.774
"BDNF","SNCA",0.798
"LRRK2","SNCAIP",0.706
"NUB1","SNCAIP",0.728
"SNCA","SNCAIP",0.999
"ABCA1","SNTB1",0.75
"SNTB1","SNTG1",0.874
"DTNA","SNTB1",0.946
"SNTB1","SNTG1",0.874
"DTNA","SNTG1",0.877
"NFKBIA","SOCS3",0.726
"SOCS3","TLR2",0.732
"EGFR","SOCS3",0.841
"RUNX1","SOCS3",0.886
"IL6R","SOCS3",0.936
"SOCS3","STAT1",0.988
"SORBS1","TLN1",0.942
"SORBS1","TLN2",0.727
"SORBS1","TENM1",0.937
"NGF","SORCS3",0.847
"APOE","SORL1",0.997
"SORL1","TREM2",0.727
"BLID","SORL1",0.807
"MDK","SORL1",0.84
"CLU","SORL1",0.862
"LCP2","SOS2",0.712
"PIK3CA","SOS2",0.86
"RASGRP1","SOS2",0.928
"RRAS2","SOS2",0.94
"EGFR","SOS2",0.998
"BMP4","SOSTDC1",0.757
"BMP7","SOSTDC1",0.705
"NANOG","SOX1",0.776
"POU5F1","SOX1",0.752
"SOX1","SOX2",0.771
"AMPH","SOX1",0.736
"KLF4","SOX1",0.747
"NES","SOX1",0.795
"FGF4","SOX2",0.865
"CCND1","SOX2",0.792
"GLI1","SOX2",0.772
"NANOG","SOX2",0.999
"BMP4","SOX2",0.745
"LIF","SOX2",0.802
"GFAP","SOX2",0.805
"MSI1","SOX2",0.803
"NT5E","SOX2",0.714
"POU5F1","SOX2",0.999
"FGF2","SOX2",0.933
"EGF","SOX2",0.725
"ASCL1","SOX2",0.748
"GATA6","SOX2",0.715
"SOX2","TP53",0.883
"EGFR","SOX2",0.758
"SOX2","TDGF1",0.81
"ALDH1A1","SOX2",0.771
"SOX2","TERT",0.752
"CDKN2A","SOX2",0.706
"LIN28B","SOX2",0.74
"FGF13","SOX2",0.767
"SOX2","USP7",0.77
"SOX1","SOX2",0.771
"CEBPD","SOX2",0.789
"CD44","SOX2",0.792
"OLIG2","SOX2",0.797
"NUP153","SOX2",0.826
"H2BC12","SOX2",0.833
"SOX2","ZEB1",0.845
"PROM1","SOX2",0.876
"NES","SOX2",0.891
"MYC","SOX2",0.958
"POU2F1","SOX2",0.973
"KLF4","SOX2",0.998
"SOX5","SOX6",0.98
"ETNK1","SOX5",0.861
"BCL11A","SOX6",0.942
"SOX5","SOX6",0.98
"SPAG4","SYNE2",0.787
"PTN","SPARCL1",0.753
"NRXN1","SPARCL1",0.71
"NLGN1","SPARCL1",0.737
"HSPA5","SPCS2",0.72
"NDC80","SPDL1",0.878
"PLK1","SPDL1",0.889
"SKA3","SPDL1",0.947
"PRKCG","SPHK1",0.901
"S1PR1","SPHK1",0.918
"PRKCB","SPHK1",0.909
"PRKCA","SPHK1",0.932
"PLPP3","SPHK1",0.953
"ACER3","SPHK1",0.965
"SPI1","TLR2",0.703
"HCK","SPI1",0.727
"NUP153","SPI1",0.728
"SPI1","TREM2",0.735
"MAFB","SPI1",0.741
"LMO2","SPI1",0.751
"NFIA","SPI1",0.791
"PTPRC","SPI1",0.795
"MNDA","SPI1",0.809
"BCL6","SPI1",0.863
"IKZF1","SPI1",0.864
"CENPV","SPI1",0.88
"ITGB2","SPI1",0.931
"RUNX1T1","SPI1",0.932
"MYB","SPI1",0.932
"SPI1","TYROBP",0.933
"CD14","SPI1",0.935
"FOS","SPI1",0.975
"ITGAM","SPI1",0.977
"CEBPA","SPI1",0.99
"CSF1R","SPI1",0.992
"JUN","SPI1",0.993
"RUNX1","SPI1",0.993
"IRF8","SPI1",0.999
"SPP1","TIMP1",0.781
"SPP1","TGFB1",0.716
"COL1A1","SPP1",0.747
"SPP1","VTN",0.964
"LTF","SPP1",0.772
"BMP4","SPP1",0.74
"SPP1","THBS1",0.731
"SPP1","VWF",0.807
"ITGA9","SPP1",0.979
"EGF","SPP1",0.715
"FGF7","SPP1",0.729
"EGFR","SPP1",0.812
"ITGA5","SPP1",0.868
"SPP1","VCAM1",0.746
"ITGA2","SPP1",0.762
"CLU","SPP1",0.73
"ITGA3","SPP1",0.746
"FAM20C","SPP1",0.881
"ITGA11","SPP1",0.713
"FN1","SPP1",0.996
"RUNX2","SPP1",0.901
"MMP9","SPP1",0.947
"POSTN","SPP1",0.704
"CST3","SPP1",0.727
"PIK3R1","SPP1",0.773
"RUNX3","SPP1",0.827
"ITGA4","SPP1",0.973
"CD44","SPP1",0.999
"KIT","SPRED1",0.751
"EGFL7","SPRED1",0.813
"EGFR","SPRY1",0.753
"FGF8","SPRY1",0.7
"SPTA1","SPTBN1",0.981
"SPTA1","SPTBN4",0.955
"NF2","SPTBN1",0.882
"SPTBN1","SPTBN4",0.735
"NRCAM","SPTBN1",0.811
"SPTBN1","TRIOBP",0.849
"SPTA1","SPTBN1",0.981
"SCN1A","SPTBN4",0.718
"SPTBN1","SPTBN4",0.735
"KCNQ2","SPTBN4",0.884
"NRCAM","SPTBN4",0.972
"KCNQ3","SPTBN4",0.759
"SPTA1","SPTBN4",0.955
"DDX5","SRA1",0.795
"NCKAP1L","SRA1",0.9
"DDX17","SRA1",0.791
"PLAUR","SRPX2",0.88
"PLAU","SRPX2",0.741
"DDX5","SRRM1",0.885
"LSM8","SRRM1",0.806
"SRRM1","SRSF1",0.964
"KHDRBS1","SRRM1",0.788
"PRKRIP1","SRRM1",0.801
"LSM2","SRRM1",0.823
"LUC7L3","SRRM1",0.833
"CWC27","SRRM1",0.833
"SF3B1","SRRM1",0.971
"DDX5","SRSF1",0.764
"LSM8","SRSF1",0.893
"SRSF1","TAF15",0.778
"CBX3","SRSF1",0.828
"KHDRBS1","SRSF1",0.836
"SRSF1","TP53",0.878
"LSM2","SRSF1",0.88
"LUC7L3","SRSF1",0.883
"SF3B1","SRSF1",0.952
"SRRM1","SRSF1",0.964
"PTBP1","SRSF1",0.983
"NCAM1","ST8SIA4",0.954
"CD163","STAB1",0.727
"NFKBIA","STAT1",0.917
"CCND1","STAT1",0.783
"IL10RA","STAT1",0.861
"APOE","STAT1",0.733
"BST2","STAT1",0.813
"HLA-F","STAT1",0.746
"PIK3CA","STAT1",0.74
"HERC5","STAT1",0.807
"IRF8","STAT1",0.904
"STAT1","TP53",0.781
"EGFR","STAT1",0.975
"CSF1R","STAT1",0.745
"STAT1","UBE2L6",0.915
"PPARG","STAT1",0.817
"KIT","STAT1",0.874
"STAT1","VCAM1",0.758
"STAT1","TLR3",0.757
"FOS","STAT1",0.898
"SAMD9L","STAT1",0.887
"SOCS3","STAT1",0.988
"IFITM1","STAT1",0.845
"HEY1","STAT1",0.813
"IFI6","STAT1",0.934
"OCA2","STAT1",0.846
"PARP9","STAT1",0.943
"CASP1","STAT1",0.702
"STAT1","TLR7",0.702
"NCAM1","STAT1",0.709
"STAT1","TNFSF13B",0.719
"MMP9","STAT1",0.727
"BCL6","STAT1",0.732
"HCK","STAT1",0.732
"CTLA4","STAT1",0.742
"PIK3R1","STAT1",0.743
"LYN","STAT1",0.743
"SAMHD1","STAT1",0.746
"STAT1","SYK",0.753
"KPNA2","STAT1",0.76
"PTPRC","STAT1",0.764
"KITLG","STAT1",0.764
"IL4R","STAT1",0.778
"MYC","STAT1",0.781
"IL6R","STAT1",0.791
"CD44","STAT1",0.842
"HLA-DRA","STAT1",0.849
"IFI44L","STAT1",0.87
"ITGAM","STAT1",0.876
"GBP2","STAT1",0.881
"PSMB9","STAT1",0.901
"JUN","STAT1",0.91
"CAMK2A","STAT1",0.913
"IFI44","STAT1",0.915
"CAMK2B","STAT1",0.918
"STAT1","XAF1",0.931
"MX1","STAT1",0.942
"RUNX2","STAT1",0.942
"RSAD2","STAT1",0.949
"IFI35","STAT1",0.95
"OAS1","STAT1",0.966
"IFIT3","STAT1",0.985
"PAPPA","STC2",0.962
"MELK","STIL",0.819
"KALRN","STK17A",0.737
"STON1-GTF2A1L","TBPL1",0.754
"DAB2","STON2",0.746
"STON2","SYNJ2",0.705
"HS3ST1","SULT1B1",0.845
"HS3ST2","SULT1B1",0.731
"SARS1","SUPT20H",0.875
"SNAP25","SYBU",0.704
"LCP2","SYK",0.999
"NFKBIA","SYK",0.73
"BLNK","SYK",0.999
"HCST","SYK",0.945
"SYK","TLR2",0.701
"SYK","VWF",0.712
"SYK","TYROBP",0.999
"PIK3CA","SYK",0.935
"FCGR2A","SYK",0.995
"SYK","UBASH3B",0.713
"FCER1G","SYK",0.999
"CLEC7A","SYK",0.999
"LILRB1","SYK",0.945
"SYK","TLN1",0.7
"HCLS1","SYK",0.713
"NLRP3","SYK",0.795
"KLRD1","SYK",0.705
"PIK3AP1","SYK",0.953
"FN1","SYK",0.709
"SYK","TLR9",0.824
"STAT1","SYK",0.753
"RUNX2","SYK",0.706
"SYK","TREM2",0.982
"PTPRC","SYK",0.772
"CASP1","SYK",0.791
"PIK3CG","SYK",0.882
"ITGB2","SYK",0.918
"HCK","SYK",0.934
"PIK3R1","SYK",0.98
"LYN","SYK",0.999
"SNAP25","SYN2",0.921
"SYN2","TIMP4",0.719
"GAP43","SYN2",0.741
"SPAG4","SYNE2",0.787
"LMNA","SYNE2",0.994
"SYNGR1","SYNPR",0.926
"PIK3R1","SYNJ2",0.703
"STON2","SYNJ2",0.705
"AMPH","SYNJ2",0.953
"SH3GL2","SYNJ2",0.979
"SYNGR1","SYNPR",0.926
"RAB27B","SYTL4",0.937
"MYO5A","SYTL4",0.735
"RAB27B","SYTL5",0.932
"SRSF1","TAF15",0.778
"TAF15","TCF12",0.842
"TAF1D","TTF1",0.705
"RSPH3","TAGAP",0.837
"RGS1","TAGAP",0.799
"ACTA2","TAGLN",0.954
"COL1A1","TAGLN",0.785
"CNN1","TAGLN",0.781
"MYL9","TAGLN",0.929
"ACTC1","TAGLN",0.72
"TAGLN","TPM1",0.752
"CALD1","TAGLN",0.794
"FHL2","TAGLN",0.7
"TAGLN","TPM2",0.724
"ACTG2","TAGLN",0.82
"MYOCD","TAGLN",0.885
"STON1-GTF2A1L","TBPL1",0.754
"GTF2A1L","TBPL1",0.846
"LMO2","TCF12",0.978
"ASCL1","TCF12",0.96
"RUNX1","TCF12",0.911
"ID4","TCF12",0.769
"MYC","TCF12",0.737
"TAF15","TCF12",0.842
"RUNX1T1","TCF12",0.989
"NANOG","TDGF1",0.92
"POU5F1","TDGF1",0.863
"EGF","TDGF1",0.914
"SOX2","TDGF1",0.81
"HSPA5","TDGF1",0.928
"DCDC2","TDP2",0.863
"SORBS1","TENM1",0.937
"ADGRL3","TENM1",0.988
"FLRT3","TENM2",0.877
"ADGRL3","TENM2",0.999
"OLFM1","TENM4",0.871
"ADGRL3","TENM4",0.987
"EGF","TERT",0.709
"TERT","TP53",0.902
"MGMT","TERT",0.714
"SOX2","TERT",0.752
"IDH1","TERT",0.781
"ATRX","TERT",0.794
"BRAF","TERT",0.815
"CDKN2A","TERT",0.817
"H2BC12","TERT",0.826
"MYC","TERT",0.92
"TERT","XRCC5",0.948
"ENAH","TES",0.967
"CP","TF",0.835
"A2M","TF",0.82
"SERPINA1","TF",0.848
"TFAM","TP53",0.959
"NDUFB8","TFAM",0.71
"HSPA5","TFAM",0.942
"EGFR","TFAP2C",0.82
"MYC","TFAP2C",0.96
"CX3CL1","TGFA",0.71
"FGF2","TGFA",0.824
"EGF","TGFA",0.998
"EGFR","TGFA",0.999
"NTRK2","TGFA",0.712
"CSF1R","TGFA",0.748
"NRG1","TGFA",0.735
"KIT","TGFA",0.86
"EPHA2","TGFA",0.73
"CCL3","TGFA",0.705
"PDGFC","TGFA",0.934
"FGF4","TGFB1",0.824
"FGF20","TGFB1",0.821
"TGFB1","TGFBR3",0.997
"FGF22","TGFB1",0.819
"TGFB1","TIMP1",0.882
"PTPRC","TGFB1",0.701
"PECAM1","TGFB1",0.702
"KIT","TGFB1",0.702
"RUNX2","TGFB1",0.703
"ACTA2","TGFB1",0.705
"TGFB1","ZEB1",0.709
"SPP1","TGFB1",0.716
"FOS","TGFB1",0.719
"JUN","TGFB1",0.722
"TGFB1","TIMP3",0.743
"LAMC1","TGFB1",0.745
"CLU","TGFB1",0.745
"CD44","TGFB1",0.747
"NGF","TGFB1",0.753
"FSTL1","TGFB1",0.757
"TGFB1","VTN",0.787
"POSTN","TGFB1",0.791
"MYC","TGFB1",0.796
"SERPINE1","TGFB1",0.798
"COL1A1","TGFB1",0.802
"TGFB1","TP53",0.809
"AGT","TGFB1",0.812
"FGF1","TGFB1",0.813
"FGF8","TGFB1",0.816
"FGF3","TGFB1",0.817
"FGF17","TGFB1",0.817
"FGF13","TGFB1",0.819
"FGF5","TGFB1",0.821
"FGF16","TGFB1",0.823
"FGF6","TGFB1",0.825
"FGF10","TGFB1",0.825
"FGF18","TGFB1",0.826
"FGF9","TGFB1",0.828
"FGF7","TGFB1",0.846
"CEBPA","TGFB1",0.85
"RUNX3","TGFB1",0.859
"FBN1","TGFB1",0.882
"SDC2","TGFB1",0.899
"EGF","TGFB1",0.904
"A2M","TGFB1",0.91
"INHBA","TGFB1",0.92
"PPARG","TGFB1",0.922
"LTBP2","TGFB1",0.959
"MMP9","TGFB1",0.968
"FN1","TGFB1",0.969
"EGFR","TGFB1",0.975
"FGF2","TGFB1",0.982
"TGFB1","THBS1",0.985
"TGFB1","TGFBR2",0.999
"COL1A1","TGFBI",0.716
"LTF","TGFBI",0.705
"FN1","TGFBI",0.995
"MMP9","TGFBI",0.738
"TGFBR2","TGFBR3",0.986
"TGFB1","TGFBR2",0.999
"MSH6","TGFBR2",0.703
"GDF15","TGFBR2",0.96
"SCUBE3","TGFBR2",0.875
"DAB2","TGFBR2",0.786
"FBN1","TGFBR2",0.916
"FN1","TGFBR2",0.722
"IGF2R","TGFBR2",0.769
"PIK3R1","TGFBR2",0.772
"ADAM12","TGFBR2",0.853
"GDF5","TGFBR3",0.709
"BMP4","TGFBR3",0.754
"CLEC7A","TGFBR3",0.781
"TGFBR2","TGFBR3",0.986
"TGFB1","TGFBR3",0.997
"FN1","TGM2",0.997
"ADGRG1","TGM2",0.852
"THBS1","TIMP1",0.762
"TGFB1","THBS1",0.985
"SERPINE1","THBS1",0.819
"COL1A1","THBS1",0.896
"THBS1","VTN",0.826
"FGL2","THBS1",0.778
"EGFR","THBS1",0.708
"THBS1","TP53",0.72
"PF4","THBS1",0.729
"SPP1","THBS1",0.731
"ITGA4","THBS1",0.738
"PLAU","THBS1",0.738
"ITGA11","THBS1",0.749
"CD44","THBS1",0.767
"THBS1","VWF",0.771
"COL4A1","THBS1",0.774
"FBN1","THBS1",0.801
"ITGA5","THBS1",0.812
"FGF2","THBS1",0.841
"ITGA9","THBS1",0.85
"COL18A1","THBS1",0.864
"ITGA2","THBS1",0.87
"THBS1","VLDLR",0.907
"ITGA3","THBS1",0.965
"SDC1","THBS1",0.989
"SCARB2","THBS1",0.997
"MMP9","THBS1",0.997
"FN1","THBS1",0.999
"ITGA5","THBS4",0.702
"ITGA2","THBS4",0.747
"ITGA3","THBS4",0.913
"ITGA11","THBS4",0.717
"ITGA4","THBS4",0.716
"POSTN","THBS4",0.774
"SDC1","THBS4",0.946
"THOC3","ZC3H11A",0.777
"PIK3CA","THRB",0.908
"THRB","TP53",0.705
"PIK3R1","THRB",0.966
"PLA2R1","THSD7A",0.912
"NELL1","THSD7A",0.773
"EXT1","THSD7A",0.716
"RORA","TIMELESS",0.737
"MCM2","TIMELESS",0.998
"FANCD2","TIMELESS",0.746
"MCM7","TIMELESS",0.996
"NPAS2","TIMELESS",0.896
"MRC1","TIMELESS",0.875
"CRY2","TIMELESS",0.996
"TIMP1","TNFRSF1A",0.873
"JUN","TIMP1",0.701
"EGF","TIMP1",0.728
"A2M","TIMP1",0.736
"THBS1","TIMP1",0.762
"CTSS","TIMP1",0.763
"PLAUR","TIMP1",0.768
"FGF2","TIMP1",0.77
"SPP1","TIMP1",0.781
"SERPINE1","TIMP1",0.84
"COL1A1","TIMP1",0.842
"TGFB1","TIMP1",0.882
"CD44","TIMP1",0.922
"FN1","TIMP1",0.954
"MMP9","TIMP1",0.999
"MMP14","TIMP1",0.999
"TGFB1","TIMP3",0.743
"TIMP3","VTN",0.736
"RECK","TIMP3",0.745
"FN1","TIMP3",0.751
"MMP14","TIMP3",0.93
"MMP9","TIMP3",0.995
"EGFR","TIMP4",0.7
"SYN2","TIMP4",0.719
"MMP26","TIMP4",0.75
"MMP14","TIMP4",0.885
"MMP9","TIMP4",0.899
"BMP1","TLL2",0.76
"MYH9","TLN1",0.848
"TLN1","VTN",0.74
"PLEK","TLN1",0.78
"RAP1B","TLN1",0.981
"ACTN4","TLN1",0.896
"ITGA9","TLN1",0.844
"DLC1","TLN1",0.932
"ITGA5","TLN1",0.978
"ITGA2","TLN1",0.796
"SCIN","TLN1",0.94
"ITGA3","TLN1",0.886
"SYK","TLN1",0.7
"CTNNA2","TLN1",0.712
"ITGA11","TLN1",0.714
"SDC1","TLN1",0.73
"TLN1","WDR1",0.744
"ITGA4","TLN1",0.781
"RAP1A","TLN1",0.785
"HCLS1","TLN1",0.938
"PARVA","TLN1",0.939
"SORBS1","TLN1",0.942
"TLN1","TLN2",0.968
"ITGB2","TLN1",0.977
"FN1","TLN1",0.992
"FLNB","TLN1",0.995
"FLNC","TLN1",0.996
"FLNA","TLN1",0.998
"APBB1IP","TLN1",0.999
"TLN2","VTN",0.739
"ACTN4","TLN2",0.781
"ITGA9","TLN2",0.819
"DLC1","TLN2",0.821
"ITGA5","TLN2",0.964
"ITGA2","TLN2",0.783
"SCIN","TLN2",0.935
"ITGA3","TLN2",0.852
"TLN1","TLN2",0.968
"HCLS1","TLN2",0.939
"FLNC","TLN2",0.996
"ITGA11","TLN2",0.723
"PARVA","TLN2",0.941
"FN1","TLN2",0.984
"FLNA","TLN2",0.996
"SORBS1","TLN2",0.727
"APBB1IP","TLN2",0.999
"SDC1","TLN2",0.724
"ITGA4","TLN2",0.759
"ITGB2","TLN2",0.98
"CTNNA2","TLN2",0.701
"FLNB","TLN2",0.995
"TLR1","TLR2",0.999
"SCARB2","TLR1",0.932
"FSTL1","TLR1",0.799
"CLEC7A","TLR1",0.824
"CD86","TLR1",0.72
"HMGB1","TLR1",0.741
"CASP1","TLR1",0.726
"ITGAM","TLR1",0.748
"IL1R1","TLR1",0.763
"TLR1","TLR7",0.78
"TLR1","TLR5",0.86
"ITGB2","TLR1",0.86
"TLR2","TNFRSF1A",0.745
"NFKBIA","TLR2",0.749
"LBP","TLR2",0.712
"SPI1","TLR2",0.703
"SYK","TLR2",0.701
"NLRC4","TLR2",0.701
"PTPRC","TLR2",0.712
"FCER1G","TLR2",0.715
"TLR2","VCAM1",0.723
"SOCS3","TLR2",0.732
"MSR1","TLR2",0.732
"CX3CR1","TLR2",0.741
"C3AR1","TLR2",0.753
"CCL4","TLR2",0.763
"CSF1R","TLR2",0.765
"ATG16L1","TLR2",0.773
"FCGR2A","TLR2",0.785
"CYBB","TLR2",0.786
"CCL3","TLR2",0.787
"ITGB2","TLR2",0.791
"MMP9","TLR2",0.802
"CD86","TLR2",0.805
"CASP1","TLR2",0.809
"IL33","TLR2",0.814
"CD163","TLR2",0.835
"NLRP3","TLR2",0.849
"TLR2","TLR3",0.854
"S100A8","TLR2",0.858
"S100A9","TLR2",0.861
"IL1R1","TLR2",0.867
"CD44","TLR2",0.874
"ITGAM","TLR2",0.893
"SNCA","TLR2",0.906
"FN1","TLR2",0.917
"EGFR","TLR2",0.933
"TLR2","TLR9",0.961
"FSTL1","TLR2",0.963
"TLR2","TLR5",0.982
"CD14","TLR2",0.992
"SCARB2","TLR2",0.996
"CLEC7A","TLR2",0.998
"HMGB1","TLR2",0.998
"TLR1","TLR2",0.999
"TLR3","TNFRSF1A",0.752
"TLR2","TLR3",0.854
"EGFR","TLR3",0.729
"CD83","TLR3",0.703
"CASP1","TLR3",0.726
"STAT1","TLR3",0.757
"MX1","TLR3",0.758
"NLRP3","TLR3",0.76
"IL1R1","TLR3",0.832
"TLR3","TLR9",0.856
"CASP8","TLR3",0.923
"HMGB1","TLR3",0.952
"TLR3","TLR7",0.962
"NFKBIA","TLR5",0.719
"TLR2","TLR5",0.982
"FSTL1","TLR5",0.723
"HMGB1","TLR5",0.896
"TLR1","TLR5",0.86
"TLR5","TLR7",0.778
"NLRC4","TLR5",0.758
"IL1R1","TLR5",0.838
"TLR3","TLR7",0.962
"CLEC7A","TLR7",0.713
"CD86","TLR7",0.816
"HMGB1","TLR7",0.897
"TLR7","TLR9",0.992
"STAT1","TLR7",0.702
"TLR1","TLR7",0.78
"CTSS","TLR7",0.706
"IL1R1","TLR7",0.762
"TLR5","TLR7",0.778
"ITGAM","TLR7",0.807
"PTPRC","TLR7",0.821
"NFKBIA","TLR9",0.719
"TLR2","TLR9",0.961
"FCGR2A","TLR9",0.756
"TLR3","TLR9",0.856
"CLEC7A","TLR9",0.783
"CD86","TLR9",0.747
"NLRP3","TLR9",0.746
"HMGB1","TLR9",0.997
"CCL4","TLR9",0.709
"FPR1","TLR9",0.724
"PTPRC","TLR9",0.751
"CASP1","TLR9",0.771
"ITGAM","TLR9",0.797
"IL1R1","TLR9",0.801
"SYK","TLR9",0.824
"TLR7","TLR9",0.992
"ITGA5","TM4SF1",0.731
"TMEM98","VAMP8",0.746
"TMOD1","TPM3",0.816
"TMOD1","TPM1",0.818
"SCIN","TMOD1",0.826
"TMOD1","TPM2",0.836
"ACTA1","TMOD1",0.929
"DMTN","TMOD1",0.933
"ADD3","TMOD1",0.939
"ITGA9","TNC",0.952
"ITGA3","TNC",0.707
"ITGA5","TNC",0.717
"ITGA2","TNC",0.73
"FN1","TNC",0.814
"SDC1","TNC",0.912
"TNFRSF10D","TP53",0.769
"DOCK5","TNFRSF10D",0.738
"GRN","TNFRSF1A",0.803
"CD27","TNFRSF1A",0.715
"JUN","TNFRSF1A",0.729
"CASP1","TNFRSF1A",0.74
"TNFRSF1A","TP53",0.741
"TLR2","TNFRSF1A",0.745
"TLR3","TNFRSF1A",0.752
"TNFRSF1A","TNFRSF21",0.76
"TNFRSF1A","VCAM1",0.761
"NFKBIA","TNFRSF1A",0.809
"TNFRSF1A","TNFSF13",0.827
"TNFRSF1A","TNFSF13B",0.857
"EGFR","TNFRSF1A",0.864
"TIMP1","TNFRSF1A",0.873
"IL6R","TNFRSF1A",0.916
"IL1R1","TNFRSF1A",0.921
"CASP8","TNFRSF1A",0.998
"TNFRSF1A","TNFRSF1B",0.999
"GRN","TNFRSF1B",0.783
"TNFRSF1A","TNFRSF1B",0.999
"IL10RA","TNFRSF1B",0.726
"CCR1","TNFRSF1B",0.864
"IL6R","TNFRSF1B",0.822
"TNFRSF1B","TNFSF13B",0.838
"IL1R1","TNFRSF1B",0.703
"KRT8","TNFRSF1B",0.708
"KRT18","TNFRSF1B",0.941
"TNFRSF1A","TNFRSF21",0.76
"TNFRSF1A","TNFSF13",0.827
"TNFSF13","TNFSF13B",0.85
"TNFRSF1A","TNFSF13B",0.857
"CD27","TNFSF13B",0.719
"TNFSF13","TNFSF13B",0.85
"STAT1","TNFSF13B",0.719
"PTPRC","TNFSF13B",0.718
"TNFRSF1B","TNFSF13B",0.838
"CD27","TNFSF8",0.927
"NCAN","TNR",0.746
"ITGA9","TNR",0.912
"SDC1","TNR",0.9
"TNFRSF1A","TP53",0.741
"NFKBIA","TP53",0.915
"AURKA","TP53",0.998
"TGFB1","TP53",0.809
"DDX5","TP53",0.997
"CCND1","TP53",0.946
"NANOG","TP53",0.857
"MSH6","TP53",0.826
"GADD45G","TP53",0.937
"GDF15","TP53",0.762
"CCNA1","TP53",0.974
"SRSF1","TP53",0.878
"POU5F1","TP53",0.824
"THBS1","TP53",0.72
"PIK3CA","TP53",0.941
"FGF2","TP53",0.754
"EGF","TP53",0.78
"CDK6","TP53",0.808
"PATZ1","TP53",0.764
"CDK2","TP53",0.987
"PRKCA","TP53",0.7
"KHDRBS1","TP53",0.701
"TP53","ZBTB16",0.703
"HEY1","TP53",0.703
"THRB","TP53",0.705
"DHCR24","TP53",0.706
"TP53","USP24",0.709
"TP53","UBA1",0.71
"TP53","VIM",0.712
"LRRK2","TP53",0.738
"RFFL","TP53",0.742
"DCAF1","TP53",0.751
"BAG2","TP53",0.752
"TP53","WEE1",0.753
"LMO3","TP53",0.754
"HDAC8","TP53",0.756
"KRT8","TP53",0.763
"TNFRSF10D","TP53",0.769
"MYB","TP53",0.77
"MGMT","TP53",0.77
"NF2","TP53",0.773
"PTTG1","TP53",0.775
"TP53","XAF1",0.776
"NFE2L2","TP53",0.78
"STAT1","TP53",0.781
"IDH2","TP53",0.783
"KRT7","TP53",0.787
"NOTCH1","TP53",0.789
"RGCC","TP53",0.794
"GPX2","TP53",0.802
"NLRC4","TP53",0.802
"RRM2","TP53",0.803
"RUNX2","TP53",0.808
"KIT","TP53",0.816
"RUNX1","TP53",0.82
"TP53","ZEB1",0.824
"HSPA5","TP53",0.824
"MMP9","TP53",0.838
"IDH1","TP53",0.845
"PIK3R1","TP53",0.853
"PLK2","TP53",0.855
"PLAGL1","TP53",0.856
"HMGA2","TP53",0.867
"H2BC12","TP53",0.876
"CASP1","TP53",0.876
"CD44","TP53",0.876
"SOX2","TP53",0.883
"BRAF","TP53",0.887
"IGFBP3","TP53",0.901
"TERT","TP53",0.902
"PCBP4","TP53",0.909
"KLF4","TP53",0.925
"GLS2","TP53",0.926
"PERP","TP53",0.928
"CEBPA","TP53",0.93
"PRKCZ","TP53",0.933
"RUNX3","TP53",0.936
"EGFR","TP53",0.943
"NQO1","TP53",0.946
"PPARG","TP53",0.949
"FOS","TP53",0.952
"BCL6","TP53",0.957
"TFAM","TP53",0.959
"SLC2A1","TP53",0.967
"PHF20","TP53",0.97
"PMAIP1","TP53",0.97
"DDX17","TP53",0.97
"PLK1","TP53",0.981
"ATRX","TP53",0.981
"TP53","WT1",0.983
"CASP8","TP53",0.991
"S100B","TP53",0.995
"JUN","TP53",0.997
"MYC","TP53",0.997
"CCNA2","TP53",0.997
"HMGB1","TP53",0.997
"TP53","USP7",0.999
"CDKN2A","TP53",0.999
"HLA-DRB1","TPBG",0.902
"HLA-DRA","TPBG",0.9
"MYH9","TPM1",0.765
"ACTA2","TPM1",0.838
"CNN1","TPM1",0.792
"TMOD1","TPM1",0.818
"MYL9","TPM1",0.84
"ACTC1","TPM1",0.999
"TAGLN","TPM1",0.752
"ACTG2","TPM1",0.786
"MYLK","TPM1",0.857
"CALD1","TPM1",0.869
"ACTA1","TPM1",0.976
"TPM1","TPM2",0.993
"TPM1","TPM3",0.998
"MYH9","TPM2",0.775
"ACTA2","TPM2",0.824
"ACTN4","TPM2",0.76
"TMOD1","TPM2",0.836
"MYL9","TPM2",0.866
"ACTC1","TPM2",0.954
"FLNC","TPM2",0.742
"PDLIM7","TPM2",0.857
"TPM1","TPM2",0.993
"MYLK","TPM2",0.82
"CALD1","TPM2",0.747
"ACTA1","TPM2",0.939
"TAGLN","TPM2",0.724
"ACTG2","TPM2",0.835
"TPM2","TPM3",0.949
"ACTA2","TPM3",0.741
"TMOD1","TPM3",0.816
"ACTC1","TPM3",0.996
"CFL2","TPM3",0.716
"TPM1","TPM3",0.998
"MYLK","TPM3",0.75
"ACTA1","TPM3",0.986
"TPM2","TPM3",0.949
"LCP2","TREM2",0.76
"SPI1","TREM2",0.735
"APOE","TREM2",0.997
"SORL1","TREM2",0.727
"TREM2","TYROBP",0.999
"CSF1R","TREM2",0.857
"FCER1G","TREM2",0.991
"CLEC7A","TREM2",0.749
"P2RY12","TREM2",0.874
"CLU","TREM2",0.985
"SEMA6D","TREM2",0.889
"MAPT","TREM2",0.733
"CX3CR1","TREM2",0.767
"AIF1","TREM2",0.752
"C1QA","TREM2",0.854
"SYK","TREM2",0.982
"CD14","TRIL",0.9
"BBOX1","TRIM55",0.847
"SNAP25","TRIM9",0.887
"BBOX1","TRIM9",0.87
"SPTBN1","TRIOBP",0.849
"ITPR1","TRPC4",0.728
"CAV1","TRPC4",0.807
"TRPC4","TRPC7",0.801
"TRPC4","TRPC7",0.801
"IL2RB","TSLP",0.77
"IL10RA","TSLP",0.735
"EGFR","TSLP",0.726
"IL17RB","TSLP",0.801
"CCL18","TSLP",0.72
"FLG","TSLP",0.72
"IL6R","TSLP",0.74
"IL13RA2","TSLP",0.771
"IL5RA","TSLP",0.847
"IL4R","TSLP",0.877
"IL33","TSLP",0.93
"EPCAM","TSPAN8",0.812
"FTO","TSPAN8",0.745
"ITGA4","TSPAN8",0.985
"TSPYL5","USP7",0.933
"PRKCG","TTF1",0.9
"TAF1D","TTF1",0.705
"CAVIN1","TTF1",0.743
"MYB","TTF1",0.779
"SFTPB","TTF1",0.781
"PRKCB","TTF1",0.9
"PRKACB","TTF1",0.9
"PRKCA","TTF1",0.9
"PRKCG","TTF2",0.9
"ELOA","TTF2",0.723
"NELFA","TTF2",0.725
"PRKCA","TTF2",0.9
"PRKCB","TTF2",0.9
"PRKACB","TTF2",0.9
"LRRK2","TUBB6",0.742
"MAPT","TUBB6",0.941
"HSPA5","TXNDC5",0.798
"LCP2","TYROBP",0.96
"SPI1","TYROBP",0.933
"PLEK","TYROBP",0.71
"HCST","TYROBP",0.995
"CLEC7A","TYROBP",0.704
"IRF8","TYROBP",0.714
"C1QC","TYROBP",0.724
"SELL","TYROBP",0.73
"CCR1","TYROBP",0.731
"ITGAM","TYROBP",0.737
"C3AR1","TYROBP",0.738
"TYROBP","VSIG4",0.74
"CD300A","TYROBP",0.745
"LAPTM5","TYROBP",0.747
"LILRB1","TYROBP",0.753
"FCGR2A","TYROBP",0.761
"CX3CR1","TYROBP",0.773
"CTSS","TYROBP",0.776
"MS4A6A","TYROBP",0.79
"CD53","TYROBP",0.791
"LY86","TYROBP",0.796
"CD14","TYROBP",0.817
"PTPRC","TYROBP",0.828
"HCK","TYROBP",0.851
"C1QB","TYROBP",0.852
"SEMA6D","TYROBP",0.857
"C1QA","TYROBP",0.89
"MNDA","TYROBP",0.92
"AIF1","TYROBP",0.943
"CSF1R","TYROBP",0.962
"ITGB2","TYROBP",0.972
"FCER1G","TYROBP",0.999
"TREM2","TYROBP",0.999
"KLRD1","TYROBP",0.999
"SYK","TYROBP",0.999
"TP53","UBA1",0.71
"UBA1","UBE2L6",0.885
"UBA1","UBE2C",0.971
"UBA1","UBE2E2",0.972
"LCP2","UBASH3B",0.827
"EGFR","UBASH3B",0.92
"SYK","UBASH3B",0.713
"AURKA","UBE2C",0.986
"CCNA1","UBE2C",0.938
"NDC80","UBE2C",0.87
"ANLN","UBE2C",0.773
"CDK2","UBE2C",0.775
"CCNB2","UBE2C",0.968
"MELK","UBE2C",0.948
"PLK1","UBE2C",0.927
"SKA3","UBE2C",0.719
"KIF15","UBE2C",0.844
"UBA1","UBE2C",0.971
"KPNA2","UBE2C",0.806
"MKI67","UBE2C",0.916
"HJURP","UBE2C",0.924
"RRM2","UBE2C",0.931
"PTTG1","UBE2C",0.98
"CCNA2","UBE2C",0.994
"HERC5","UBE2E2",0.764
"UBA1","UBE2E2",0.972
"HERC6","UBE2L6",0.868
"HERC5","UBE2L6",0.977
"OAS1","UBE2L6",0.769
"MX1","UBE2L6",0.807
"IFIT3","UBE2L6",0.811
"PSMB9","UBE2L6",0.856
"UBA1","UBE2L6",0.885
"SNCA","UBE2L6",0.89
"IFI35","UBE2L6",0.895
"STAT1","UBE2L6",0.915
"HCST","ULBP2",0.861
"LILRB1","ULBP2",0.794
"KLRD1","ULBP2",0.828
"MICA","ULBP2",0.844
"NT5E","UPP2",0.98
"TP53","USP24",0.709
"ELAVL4","USP24",0.79
"TP53","USP7",0.999
"TSPYL5","USP7",0.933
"SOX2","USP7",0.77
"MYC","USP7",0.787
"USP7","ZUP1",0.837
"NOTCH1","USP7",0.84
"USP7","ZEB1",0.898
"SNAP25","VAMP8",0.991
"TMEM98","VAMP8",0.746
"VAMP8","VPS33B",0.919
"TNFRSF1A","VCAM1",0.761
"NFKBIA","VCAM1",0.787
"SERPINE1","VCAM1",0.719
"APOE","VCAM1",0.799
"CRP","VCAM1",0.774
"NT5E","VCAM1",0.724
"TLR2","VCAM1",0.723
"VCAM1","VWF",0.857
"ITGA9","VCAM1",0.989
"SCARB2","VCAM1",0.771
"KIT","VCAM1",0.729
"ITGA5","VCAM1",0.828
"HMGB1","VCAM1",0.71
"EDN1","VCAM1",0.722
"SPP1","VCAM1",0.746
"MMP9","VCAM1",0.748
"CX3CR1","VCAM1",0.754
"STAT1","VCAM1",0.758
"NCAM1","VCAM1",0.802
"PECAM1","VCAM1",0.82
"PTPRC","VCAM1",0.832
"ICAM2","VCAM1",0.88
"CYBB","VCAM1",0.959
"SELL","VCAM1",0.97
"ITGAD","VCAM1",0.973
"FN1","VCAM1",0.983
"ITGAM","VCAM1",0.991
"CD44","VCAM1",0.994
"ITGB2","VCAM1",0.998
"ITGA4","VCAM1",0.999
"FGF2","VEGFC",0.828
"EGF","VEGFC",0.73
"EGFR","VEGFC",0.837
"NTRK2","VEGFC",0.712
"CSF1R","VEGFC",0.782
"KIT","VEGFC",0.85
"FGF5","VEGFC",0.717
"FGF3","VEGFC",0.708
"EPHA2","VEGFC",0.755
"PROX1","VEGFC",0.821
"PDGFC","VEGFC",0.876
"FOXC2","VEGFC",0.756
"LGALS1","VIM",0.879
"ACTA2","VIM",0.776
"COL1A1","VIM",0.778
"GFAP","VIM",0.855
"TP53","VIM",0.712
"FN1","VIM",0.809
"CASP8","VIM",0.82
"HLA-DRB1","VIM",0.932
"VIM","ZEB1",0.916
"NES","VIM",0.867
"INA","VIM",0.784
"MMP9","VIM",0.709
"HLA-DRB5","VIM",0.803
"HLA-DRA","VIM",0.934
"CD44","VIM",0.809
"SERPINE1","VLDLR",0.89
"APOE","VLDLR",0.998
"THBS1","VLDLR",0.907
"LIPC","VLDLR",0.842
"CLU","VLDLR",0.938
"PLTP","VLDLR",0.719
"APOC1","VLDLR",0.806
"LPL","VLDLR",0.911
"VAMP8","VPS33B",0.919
"RNF121","VPS33B",0.777
"VPS33B","VPS8",0.97
"RAB5A","VPS8",0.902
"VPS33B","VPS8",0.97
"C3","VSIG4",0.999
"TYROBP","VSIG4",0.74
"CSF1R","VSIG4",0.859
"C3AR1","VSIG4",0.783
"C1QB","VSIG4",0.961
"MS4A4A","VSIG4",0.958
"CD163","VSIG4",0.938
"C1QC","VSIG4",0.943
"C1QA","VSIG4",0.971
"TGFB1","VTN",0.787
"SERPINE1","VTN",0.999
"C5","VTN",0.889
"ITGAM","VTN",0.704
"SERPINA1","VTN",0.718
"SERPING1","VTN",0.719
"TIMP3","VTN",0.736
"TLN2","VTN",0.739
"ITGA9","VTN",0.739
"TLN1","VTN",0.74
"MMP9","VTN",0.741
"ITGA11","VTN",0.744
"COL18A1","VTN",0.752
"C3","VTN",0.79
"FBN1","VTN",0.806
"ITGA3","VTN",0.806
"EGF","VTN",0.812
"ITGA2","VTN",0.826
"THBS1","VTN",0.826
"SERPINF1","VTN",0.828
"ITGA4","VTN",0.834
"FGF2","VTN",0.852
"SDC1","VTN",0.853
"ITGB2","VTN",0.862
"CD44","VTN",0.863
"IGFBP3","VTN",0.864
"CLU","VTN",0.962
"SPP1","VTN",0.964
"VTN","VWF",0.966
"ITGA5","VTN",0.976
"APOE","VTN",0.989
"NID1","VTN",0.996
"PLAU","VTN",0.998
"PLAUR","VTN",0.999
"FN1","VTN",0.999
"SERPINE1","VWF",0.817
"COL1A1","VWF",0.877
"VTN","VWF",0.966
"CRP","VWF",0.772
"THBS1","VWF",0.771
"EGF","VWF",0.711
"SYK","VWF",0.712
"F13A1","VWF",0.713
"ITGA3","VWF",0.728
"ITGA4","VWF",0.743
"ITGA9","VWF",0.743
"FCGR2A","VWF",0.743
"ITGA5","VWF",0.755
"SELL","VWF",0.774
"CCN1","VWF",0.783
"FLNA","VWF",0.802
"MMP9","VWF",0.805
"SPP1","VWF",0.807
"ITGA2","VWF",0.853
"VCAM1","VWF",0.857
"EDN1","VWF",0.898
"PECAM1","VWF",0.918
"CLDN5","VWF",0.92
"PF4","VWF",0.932
"FN1","VWF",0.998
"MYH9","WDR1",0.77
"CFL2","WDR1",0.993
"TLN1","WDR1",0.744
"FLNA","WDR1",0.874
"CDC25B","WEE1",0.9
"CCNA1","WEE1",0.872
"CDK6","WEE1",0.828
"CDK2","WEE1",0.987
"TP53","WEE1",0.753
"CCNB2","WEE1",0.82
"PLK1","WEE1",0.992
"CCNA2","WEE1",0.853
"SFRP1","WNT2B",0.886
"SFRP2","WNT2B",0.876
"FZD6","WNT2B",0.862
"SFRP1","WNT5B",0.915
"SFRP2","WNT5B",0.853
"FZD6","WNT5B",0.968
"MAFB","WNT5B",0.711
"ACTN4","WT1",0.785
"TP53","WT1",0.983
"RUNX1","WT1",0.728
"PAWR","WT1",0.906
"KRT7","WT1",0.832
"WT1","ZFPM2",0.754
"INF2","WT1",0.79
"RTP4","XAF1",0.781
"HERC6","XAF1",0.864
"HERC5","XAF1",0.862
"TP53","XAF1",0.776
"SAMD9L","XAF1",0.87
"IFI6","XAF1",0.937
"PARP9","XAF1",0.894
"STAT1","XAF1",0.931
"IFI35","XAF1",0.852
"OAS1","XAF1",0.887
"RSAD2","XAF1",0.9
"MX1","XAF1",0.925
"IFIT3","XAF1",0.938
"IFI44","XAF1",0.97
"IFI44L","XAF1",0.981
"CYBB","XDH",0.782
"GPX3","XDH",0.881
"GPX8","XDH",0.884
"GPX2","XDH",0.886
"RAD51AP1","XRCC2",0.72
"FANCD2","XRCC2",0.799
"MSH6","XRCC5",0.972
"FANCD2","XRCC5",0.918
"TERT","XRCC5",0.948
"POU2F1","XRCC5",0.745
"ATRX","XRCC5",0.815
"MYC","XRCC5",0.706
"DDX17","XRCC5",0.719
"ZBED6","ZC3H11A",0.98
"TP53","ZBTB16",0.703
"FKBP5","ZBTB16",0.812
"RUNX1T1","ZBTB16",0.903
"THOC3","ZC3H11A",0.777
"ZBED6","ZC3H11A",0.98
"TGFB1","ZEB1",0.709
"CCND1","ZEB1",0.758
"NANOG","ZEB1",0.769
"CDK6","ZEB1",0.717
"TP53","ZEB1",0.824
"SOX2","ZEB1",0.845
"USP7","ZEB1",0.898
"FN1","ZEB1",0.728
"MMP9","ZEB1",0.703
"CD44","ZEB1",0.792
"FOXC2","ZEB1",0.794
"MYC","ZEB1",0.8
"VIM","ZEB1",0.916
"GATA6","ZFPM2",0.94
"WT1","ZFPM2",0.754
"NR2F2","ZFPM2",0.803
"PIK3R1","ZFPM2",0.961
"ATP1B2","ZNF3",0.77
"OTUD5","ZUP1",0.821
"USP7","ZUP1",0.837
