{
  "optimal_threshold": 0.6983050847457628,
  "cv_thresholds": [
    0.6169491525423729,
    0.6271186440677967,
    0.4745762711864407,
    0.34237288135593225,
    0.535593220338983,
    0.29152542372881357,
    0.4847457627118644,
    0.6983050847457628,
    0.535593220338983,
    0.41355932203389834
  ],
  "cv_threshold_mean": 0.5020338983050848,
  "cv_threshold_std": 0.12178364170274769
}