{
  "optimal_threshold": 0.6372881355932204,
  "cv_thresholds": [
    0.39322033898305087,
    0.6779661016949153,
    0.5254237288135594,
    0.4847457627118644,
    0.5050847457627119,
    0.4847457627118644,
    0.464406779661017,
    0.3728813559322034,
    0.6779661016949153,
    0.49491525423728816
  ],
  "cv_threshold_mean": 0.5081355932203391,
  "cv_threshold_std": 0.09626700874201113
}